class_index,gesture_id,support,correct,accuracy
0,1,18,1,0.05555555555555555
1,2,18,0,0.0
2,3,18,1,0.05555555555555555
3,4,18,0,0.0
4,5,18,0,0.0
5,6,18,16,0.8888888888888888
6,7,18,1,0.05555555555555555
7,8,18,18,1.0
8,9,18,12,0.6666666666666666
9,10,18,18,1.0
