class_index,gesture_id,support,correct,accuracy
0,1,790,125,0.15822784810126583
1,2,693,27,0.03896103896103896
2,3,766,76,0.09921671018276762
3,4,743,61,0.08209959623149395
4,5,735,86,0.11700680272108843
5,6,763,277,0.36304062909567497
6,7,754,112,0.14854111405835543
7,8,707,318,0.4497878359264498
8,9,687,236,0.3435225618631732
9,10,683,348,0.5095168374816984
