{
  "best_epoch": 41,
  "best_val_macro_f1": 0.6805508400246711,
  "val": {
    "loss": 1.1297074683115955,
    "accuracy": 0.6809848088004191,
    "macro_f1": 0.6805508400246711
  },
  "test": {
    "loss": 1.5727786972042044,
    "accuracy": 0.5472460838807478,
    "macro_f1": 0.5407117181237465
  }
}