class_index,gesture_id,support,correct,accuracy
0,1,18,10,0.5555555555555556
1,2,18,14,0.7777777777777778
2,3,18,0,0.0
3,4,18,6,0.3333333333333333
4,5,18,1,0.05555555555555555
5,6,18,14,0.7777777777777778
6,7,18,7,0.3888888888888889
7,8,18,0,0.0
8,9,18,13,0.7222222222222222
9,10,18,0,0.0
