class_index,gesture_id,support,correct,accuracy
0,1,791,145,0.18331226295828065
1,2,692,259,0.37427745664739887
2,3,766,94,0.1227154046997389
3,4,743,103,0.1386271870794078
4,5,735,94,0.12789115646258503
5,6,763,242,0.31716906946264745
6,7,755,313,0.41456953642384103
7,8,706,34,0.04815864022662889
8,9,688,282,0.40988372093023256
9,10,683,92,0.13469985358711567
