class_index,gesture_id,support,correct,accuracy
0,1,18,10,0.5555555555555556
1,2,18,0,0.0
2,3,18,0,0.0
3,4,18,1,0.05555555555555555
4,5,18,0,0.0
5,6,18,10,0.5555555555555556
6,7,18,5,0.2777777777777778
7,8,18,5,0.2777777777777778
8,9,18,13,0.7222222222222222
9,10,18,18,1.0
