class_index,gesture_id,support,correct,accuracy
0,1,790,218,0.2759493670886076
1,2,692,110,0.15895953757225434
2,3,766,129,0.16840731070496084
3,4,743,96,0.12920592193808883
4,5,735,65,0.08843537414965986
5,6,763,246,0.3224115334207077
6,7,755,196,0.2596026490066225
7,8,707,215,0.3041018387553041
8,9,687,305,0.44395924308588064
9,10,683,412,0.6032210834553441
