class_index,gesture_id,support,correct,accuracy
0,1,791,392,0.49557522123893805
1,2,692,349,0.5043352601156069
2,3,766,483,0.6305483028720626
3,4,743,417,0.5612382234185733
4,5,735,334,0.454421768707483
5,6,763,394,0.5163826998689384
6,7,755,421,0.5576158940397351
7,8,706,442,0.6260623229461756
8,9,688,500,0.7267441860465116
9,10,683,420,0.6149341142020498
