class_index,gesture_id,support,correct,accuracy
0,1,790,341,0.4316455696202532
1,2,693,257,0.3708513708513709
2,3,766,524,0.6840731070496083
3,4,743,324,0.4360699865410498
4,5,735,383,0.5210884353741496
5,6,763,359,0.4705111402359109
6,7,754,504,0.6684350132625995
7,8,707,458,0.6478076379066479
8,9,687,460,0.6695778748180495
9,10,683,497,0.7276720351390923
