class_index,gesture_id,support,correct,accuracy
0,1,18,8,0.4444444444444444
1,2,18,9,0.5
2,3,18,1,0.05555555555555555
3,4,18,2,0.1111111111111111
4,5,18,0,0.0
5,6,18,11,0.6111111111111112
6,7,18,5,0.2777777777777778
7,8,18,0,0.0
8,9,18,18,1.0
9,10,18,15,0.8333333333333334
