class_index,gesture_id,support,correct,accuracy
0,1,791,194,0.24525916561314792
1,2,692,154,0.22254335260115607
2,3,766,131,0.17101827676240208
3,4,743,144,0.19380888290713325
4,5,735,89,0.12108843537414966
5,6,763,298,0.3905635648754915
6,7,755,148,0.19602649006622516
7,8,706,50,0.0708215297450425
8,9,688,451,0.6555232558139535
9,10,683,296,0.4333821376281113
