class_index,gesture_id,support,correct,accuracy
0,1,790,282,0.3569620253164557
1,2,692,52,0.07514450867052024
2,3,766,87,0.11357702349869452
3,4,743,168,0.22611036339165544
4,5,735,27,0.036734693877551024
5,6,763,190,0.2490170380078637
6,7,755,23,0.030463576158940398
7,8,707,126,0.1782178217821782
8,9,687,232,0.33770014556040756
9,10,683,251,0.36749633967789164
