class_index,gesture_id,support,correct,accuracy
0,1,790,236,0.29873417721518986
1,2,693,188,0.2712842712842713
2,3,766,480,0.6266318537859008
3,4,743,204,0.27456258411843876
4,5,734,286,0.3896457765667575
5,6,763,357,0.46788990825688076
6,7,755,325,0.4304635761589404
7,8,707,215,0.3041018387553041
8,9,687,394,0.5735080058224163
9,10,683,351,0.513909224011713
