{
  "best_epoch": 12,
  "best_val_macro_f1": 0.3160208954671679,
  "val": {
    "loss": 3.5203885364660827,
    "accuracy": 0.3319313593539704,
    "macro_f1": 0.3160208954671679
  },
  "test": {
    "loss": 3.608862104514407,
    "accuracy": 0.3239753415528157,
    "macro_f1": 0.3161685582685775
  }
}