{
  "noise_type": "spikes",
  "noise_level": 0.1,
  "denoise_method": "none",
  "window": {
    "loss": 1.2655645971316452,
    "accuracy": 0.584539743239552,
    "macro_f1": 0.5851841043318461,
    "num_windows": 7322
  },
  "repetition": {
    "accuracy": 1.0,
    "macro_f1": 1.0,
    "num_repetitions": 180
  }
}