class_index,gesture_id,support,correct,accuracy
0,1,791,495,0.6257901390644753
1,2,692,328,0.47398843930635837
2,3,766,424,0.5535248041775457
3,4,743,355,0.477792732166891
4,5,735,462,0.6285714285714286
5,6,763,351,0.4600262123197903
6,7,754,558,0.7400530503978779
7,8,707,342,0.4837340876944837
8,9,688,483,0.7020348837209303
9,10,683,482,0.705710102489019
