{
  "best_epoch": 67,
  "best_val_macro_f1": 0.7864653582761486,
  "val": {
    "loss": 0.9213638779919787,
    "accuracy": 0.784564131038312,
    "macro_f1": 0.7864653582761486
  },
  "test": {
    "loss": 1.479364859657077,
    "accuracy": 0.618665328650276,
    "macro_f1": 0.6172677060822246
  }
}