class_index,gesture_id,support,correct,accuracy
0,1,790,423,0.5354430379746835
1,2,692,253,0.36560693641618497
2,3,766,448,0.5848563968668408
3,4,743,393,0.5289367429340511
4,5,735,336,0.45714285714285713
5,6,763,404,0.5294888597640891
6,7,755,405,0.5364238410596026
7,8,707,449,0.635077793493635
8,9,687,431,0.6273653566229985
9,10,683,505,0.739385065885798
