class_index,gesture_id,support,correct,accuracy
0,1,790,348,0.44050632911392407
1,2,693,336,0.48484848484848486
2,3,766,561,0.7323759791122716
3,4,743,396,0.5329744279946165
4,5,734,574,0.782016348773842
5,6,763,445,0.583224115334207
6,7,755,630,0.8344370860927153
7,8,707,415,0.5869872701555869
8,9,687,413,0.6011644832605532
9,10,683,374,0.5475841874084919
