class_index,gesture_id,support,correct,accuracy
0,1,203,158,0.7783251231527094
1,2,184,129,0.7010869565217391
2,3,199,161,0.8090452261306532
3,4,194,107,0.5515463917525774
4,5,205,115,0.5609756097560976
5,6,216,195,0.9027777777777778
6,7,188,159,0.8457446808510638
7,8,223,150,0.672645739910314
8,9,181,95,0.5248618784530387
9,10,177,131,0.7401129943502824
