class_index,gesture_id,support,correct,accuracy
0,1,790,168,0.21265822784810126
1,2,692,157,0.22687861271676302
2,3,766,122,0.15926892950391644
3,4,743,94,0.126514131897712
4,5,735,71,0.09659863945578231
5,6,763,246,0.3224115334207077
6,7,755,257,0.3403973509933775
7,8,707,155,0.21923620933521923
8,9,687,239,0.34788937409024745
9,10,683,307,0.4494875549048316
