{
  "noise_type": "wgn",
  "noise_level": 0.0,
  "denoise_method": "kalman",
  "window": {
    "loss": 2.1790973312116915,
    "accuracy": 0.2728762633160339,
    "macro_f1": 0.2675179057349945,
    "num_windows": 7322
  },
  "repetition": {
    "accuracy": 0.4166666666666667,
    "macro_f1": 0.4003895272708403,
    "num_repetitions": 180
  }
}