class_index,gesture_id,support,correct,accuracy
0,1,791,192,0.2427307206068268
1,2,692,175,0.25289017341040465
2,3,766,167,0.21801566579634465
3,4,743,150,0.2018842530282638
4,5,735,88,0.11972789115646258
5,6,763,257,0.33682830930537355
6,7,755,214,0.28344370860927154
7,8,706,75,0.10623229461756374
8,9,688,442,0.6424418604651163
9,10,683,238,0.3484626647144949
