class_index,gesture_id,support,correct,accuracy
0,1,791,258,0.32616940581542353
1,2,692,269,0.38872832369942195
2,3,766,477,0.6227154046997389
3,4,743,215,0.28936742934051146
4,5,735,109,0.14829931972789115
5,6,763,299,0.3918741808650065
6,7,755,235,0.31125827814569534
7,8,706,182,0.2577903682719547
8,9,688,522,0.7587209302325582
9,10,683,332,0.486090775988287
