class_index,gesture_id,support,correct,accuracy
0,1,790,107,0.13544303797468354
1,2,693,52,0.07503607503607504
2,3,766,56,0.0731070496083551
3,4,743,122,0.1641991924629879
4,5,734,142,0.19346049046321526
5,6,763,478,0.6264744429882044
6,7,755,128,0.1695364238410596
7,8,707,326,0.4611032531824611
8,9,687,315,0.4585152838427948
9,10,683,167,0.2445095168374817
