class_index,gesture_id,support,correct,accuracy
0,1,791,502,0.6346396965865992
1,2,692,301,0.434971098265896
2,3,766,444,0.5796344647519582
3,4,743,348,0.46837146702557203
4,5,735,455,0.6190476190476191
5,6,763,367,0.48099606815203144
6,7,754,549,0.7281167108753316
7,8,707,385,0.5445544554455446
8,9,688,475,0.690406976744186
9,10,683,430,0.6295754026354319
