class_index,gesture_id,support,correct,accuracy
0,1,791,419,0.5297092288242731
1,2,692,392,0.5664739884393064
2,3,766,517,0.674934725848564
3,4,743,423,0.5693135935397039
4,5,735,398,0.5414965986394558
5,6,763,428,0.5609436435124509
6,7,755,511,0.6768211920529801
7,8,706,458,0.6487252124645893
8,9,688,525,0.7630813953488372
9,10,683,417,0.6105417276720352
