class_index,gesture_id,support,correct,accuracy
0,1,791,320,0.404551201011378
1,2,692,204,0.2947976878612717
2,3,766,379,0.49477806788511747
3,4,743,116,0.15612382234185734
4,5,735,141,0.19183673469387755
5,6,763,232,0.3040629095674967
6,7,754,308,0.40848806366047746
7,8,707,130,0.18387553041018387
8,9,688,464,0.6744186046511628
9,10,683,394,0.5768667642752562
