class_index,gesture_id,support,correct,accuracy
0,1,18,17,0.9444444444444444
1,2,18,0,0.0
2,3,18,5,0.2777777777777778
3,4,18,12,0.6666666666666666
4,5,18,0,0.0
5,6,18,9,0.5
6,7,18,0,0.0
7,8,18,7,0.3888888888888889
8,9,18,14,0.7777777777777778
9,10,18,17,0.9444444444444444
