class_index,gesture_id,support,correct,accuracy
0,1,790,340,0.43037974683544306
1,2,692,82,0.11849710982658959
2,3,766,168,0.2193211488250653
3,4,743,255,0.34320323014804843
4,5,735,61,0.08299319727891157
5,6,763,246,0.3224115334207077
6,7,755,76,0.10066225165562914
7,8,707,252,0.3564356435643564
8,9,687,313,0.4556040756914119
9,10,683,357,0.5226939970717424
