class_index,gesture_id,support,correct,accuracy
0,1,18,11,0.6111111111111112
1,2,18,3,0.16666666666666666
2,3,18,0,0.0
3,4,18,5,0.2777777777777778
4,5,18,9,0.5
5,6,18,18,1.0
6,7,18,11,0.6111111111111112
7,8,18,12,0.6666666666666666
8,9,18,18,1.0
9,10,18,3,0.16666666666666666
