class_index,gesture_id,support,correct,accuracy
0,1,790,167,0.21139240506329113
1,2,693,137,0.1976911976911977
2,3,766,70,0.09138381201044386
3,4,743,140,0.18842530282637954
4,5,734,213,0.2901907356948229
5,6,763,339,0.4442988204456094
6,7,755,277,0.36688741721854307
7,8,707,253,0.3578500707213578
8,9,687,341,0.4963609898107715
9,10,683,144,0.2108345534407028
