class_index,gesture_id,support,correct,accuracy
0,1,791,272,0.3438685208596713
1,2,692,279,0.4031791907514451
2,3,766,485,0.6331592689295039
3,4,743,215,0.28936742934051146
4,5,735,124,0.16870748299319727
5,6,763,295,0.38663171690694625
6,7,755,250,0.33112582781456956
7,8,706,171,0.24220963172804533
8,9,688,518,0.752906976744186
9,10,683,329,0.4816983894582723
