class_index,gesture_id,support,correct,accuracy
0,1,18,6,0.3333333333333333
1,2,18,0,0.0
2,3,18,0,0.0
3,4,18,0,0.0
4,5,18,2,0.1111111111111111
5,6,18,2,0.1111111111111111
6,7,18,8,0.4444444444444444
7,8,18,0,0.0
8,9,18,12,0.6666666666666666
9,10,18,15,0.8333333333333334
