class_index,gesture_id,support,correct,accuracy
0,1,791,164,0.20733249051833122
1,2,692,116,0.1676300578034682
2,3,766,49,0.0639686684073107
3,4,743,35,0.047106325706594884
4,5,735,125,0.17006802721088435
5,6,763,159,0.20838794233289645
6,7,754,259,0.34350132625994695
7,8,707,72,0.10183875530410184
8,9,688,304,0.4418604651162791
9,10,683,338,0.49487554904831627
