class_index,gesture_id,support,correct,accuracy
0,1,791,316,0.3994943109987358
1,2,692,199,0.2875722543352601
2,3,766,372,0.4856396866840731
3,4,743,126,0.1695827725437416
4,5,735,137,0.18639455782312925
5,6,763,233,0.3053735255570118
6,7,754,299,0.39655172413793105
7,8,707,116,0.16407355021216408
8,9,688,469,0.6816860465116279
9,10,683,403,0.5900439238653001
