class_index,gesture_id,support,correct,accuracy
0,1,790,420,0.5316455696202531
1,2,692,227,0.32803468208092484
2,3,766,425,0.5548302872062664
3,4,743,372,0.5006729475100942
4,5,735,297,0.40408163265306124
5,6,763,387,0.5072083879423329
6,7,755,377,0.49933774834437084
7,8,707,437,0.6181046676096181
8,9,687,445,0.6477438136826783
9,10,683,515,0.7540263543191801
