{
  "noise_type": "motion",
  "noise_level": 0.1,
  "denoise_method": "notch",
  "window": {
    "loss": 1.2649134465407648,
    "accuracy": 0.5974593634749351,
    "macro_f1": 0.5946767371961498,
    "num_windows": 7321
  },
  "repetition": {
    "accuracy": 0.9944444444444445,
    "macro_f1": 0.9944401544401543,
    "num_repetitions": 180
  }
}