class_index,gesture_id,support,correct,accuracy
0,1,790,394,0.49873417721518987
1,2,693,312,0.45021645021645024
2,3,766,542,0.7075718015665796
3,4,743,328,0.4414535666218035
4,5,735,454,0.617687074829932
5,6,763,351,0.4600262123197903
6,7,754,607,0.8050397877984085
7,8,707,431,0.6096181046676096
8,9,687,488,0.710334788937409
9,10,683,467,0.6837481698389458
