class_index,gesture_id,support,correct,accuracy
0,1,790,130,0.16455696202531644
1,2,693,25,0.03607503607503607
2,3,766,104,0.13577023498694518
3,4,743,114,0.15343203230148048
4,5,735,122,0.16598639455782313
5,6,763,262,0.34338138925294887
6,7,754,106,0.14058355437665782
7,8,707,232,0.32814710042432815
8,9,687,273,0.39737991266375544
9,10,683,402,0.5885797950219619
