class_index,gesture_id,support,correct,accuracy
0,1,790,213,0.26962025316455696
1,2,693,203,0.29292929292929293
2,3,766,27,0.03524804177545692
3,4,743,85,0.11440107671601615
4,5,734,180,0.2452316076294278
5,6,763,184,0.24115334207077327
6,7,755,460,0.609271523178808
7,8,707,117,0.16548797736916548
8,9,687,253,0.3682678311499272
9,10,683,54,0.07906295754026355
