{
  "noise_type": "motion",
  "noise_level": 0.3,
  "denoise_method": "pca",
  "window": {
    "loss": 1.8597155288665808,
    "accuracy": 0.35254746619314303,
    "macro_f1": 0.33525474451983256,
    "num_windows": 7321
  },
  "repetition": {
    "accuracy": 0.5777777777777777,
    "macro_f1": 0.5295686047092696,
    "num_repetitions": 180
  }
}