class_index,gesture_id,support,correct,accuracy
0,1,18,10,0.5555555555555556
1,2,18,2,0.1111111111111111
2,3,18,18,1.0
3,4,18,4,0.2222222222222222
4,5,18,3,0.16666666666666666
5,6,18,4,0.2222222222222222
6,7,18,16,0.8888888888888888
7,8,18,12,0.6666666666666666
8,9,18,17,0.9444444444444444
9,10,18,18,1.0
