class_index,gesture_id,support,correct,accuracy
0,1,790,225,0.2848101265822785
1,2,693,136,0.19624819624819625
2,3,766,455,0.5939947780678851
3,4,743,102,0.13728129205921938
4,5,735,96,0.1306122448979592
5,6,763,197,0.2581913499344692
6,7,754,308,0.40848806366047746
7,8,707,221,0.3125884016973126
8,9,687,400,0.5822416302765647
9,10,683,441,0.6456808199121523
