{
  "noise_type": "drift",
  "noise_level": 0.6,
  "denoise_method": "notch",
  "window": {
    "loss": 1.8392136853146042,
    "accuracy": 0.39475481491599507,
    "macro_f1": 0.3884140949258982,
    "num_windows": 7321
  },
  "repetition": {
    "accuracy": 0.7444444444444445,
    "macro_f1": 0.7274974389629745,
    "num_repetitions": 180
  }
}