class_index,gesture_id,support,correct,accuracy
0,1,790,150,0.189873417721519
1,2,693,136,0.19624819624819625
2,3,766,255,0.3328981723237598
3,4,743,304,0.40915208613728127
4,5,734,297,0.40463215258855584
5,6,763,513,0.672346002621232
6,7,755,209,0.2768211920529801
7,8,707,350,0.49504950495049505
8,9,687,345,0.5021834061135371
9,10,683,331,0.48462664714494874
