class_index,gesture_id,support,correct,accuracy
0,1,790,247,0.31265822784810127
1,2,692,65,0.09393063583815028
2,3,766,91,0.11879895561357702
3,4,743,156,0.20995962314939434
4,5,735,44,0.05986394557823129
5,6,763,268,0.35124508519003933
6,7,755,54,0.07152317880794702
7,8,707,199,0.2814710042432815
8,9,687,303,0.4410480349344978
9,10,683,491,0.718887262079063
