{
  "best_epoch": 26,
  "best_val_macro_f1": 0.5997005214286438,
  "val": {
    "loss": 1.5355731219546733,
    "accuracy": 0.5910687405920723,
    "macro_f1": 0.5997005214286438
  },
  "test": {
    "loss": 1.0660226555548398,
    "accuracy": 0.719600222098834,
    "macro_f1": 0.7231408816466367
  }
}