class_index,gesture_id,support,correct,accuracy
0,1,791,249,0.3147914032869785
1,2,692,166,0.2398843930635838
2,3,766,309,0.40339425587467365
3,4,743,127,0.17092866756393002
4,5,735,84,0.11428571428571428
5,6,763,223,0.29226736566186107
6,7,754,191,0.253315649867374
7,8,707,112,0.15841584158415842
8,9,688,475,0.690406976744186
9,10,683,441,0.6456808199121523
