class_index,gesture_id,support,correct,accuracy
0,1,195,69,0.35384615384615387
1,2,157,122,0.7770700636942676
2,3,184,127,0.6902173913043478
3,4,189,170,0.8994708994708994
4,5,188,108,0.574468085106383
5,6,186,92,0.4946236559139785
6,7,172,152,0.8837209302325582
7,8,152,103,0.6776315789473685
8,9,172,96,0.5581395348837209
9,10,153,104,0.6797385620915033
