class_index,gesture_id,support,correct,accuracy
0,1,18,9,0.5
1,2,18,13,0.7222222222222222
2,3,18,0,0.0
3,4,18,4,0.2222222222222222
4,5,18,1,0.05555555555555555
5,6,18,14,0.7777777777777778
6,7,18,7,0.3888888888888889
7,8,18,0,0.0
8,9,18,17,0.9444444444444444
9,10,18,2,0.1111111111111111
