class_index,gesture_id,support,correct,accuracy
0,1,791,173,0.21871049304677623
1,2,692,212,0.3063583815028902
2,3,766,123,0.16057441253263707
3,4,743,111,0.14939434724091522
4,5,735,83,0.11292517006802721
5,6,763,261,0.3420707732634338
6,7,755,261,0.3456953642384106
7,8,706,52,0.07365439093484419
8,9,688,315,0.4578488372093023
9,10,683,139,0.20351390922401172
