class_index,gesture_id,support,correct,accuracy
0,1,790,243,0.30759493670886073
1,2,693,148,0.21356421356421357
2,3,766,461,0.6018276762402088
3,4,743,94,0.126514131897712
4,5,735,125,0.17006802721088435
5,6,763,206,0.2699868938401048
6,7,754,340,0.4509283819628647
7,8,707,224,0.31683168316831684
8,9,687,410,0.5967976710334789
9,10,683,434,0.6354319180087847
