class_index,gesture_id,support,correct,accuracy
0,1,790,345,0.43670886075949367
1,2,693,318,0.4588744588744589
2,3,766,538,0.7023498694516971
3,4,743,396,0.5329744279946165
4,5,734,562,0.7656675749318801
5,6,763,434,0.5688073394495413
6,7,755,616,0.8158940397350993
7,8,707,426,0.6025459688826026
8,9,687,431,0.6273653566229985
9,10,683,402,0.5885797950219619
