class_index,gesture_id,support,correct,accuracy
0,1,18,11,0.6111111111111112
1,2,18,9,0.5
2,3,18,3,0.16666666666666666
3,4,18,6,0.3333333333333333
4,5,18,1,0.05555555555555555
5,6,18,12,0.6666666666666666
6,7,18,12,0.6666666666666666
7,8,18,8,0.4444444444444444
8,9,18,12,0.6666666666666666
9,10,18,13,0.7222222222222222
