class_index,gesture_id,support,correct,accuracy
0,1,790,199,0.2518987341772152
1,2,692,198,0.2861271676300578
2,3,766,105,0.1370757180156658
3,4,743,82,0.11036339165545088
4,5,735,101,0.13741496598639455
5,6,763,229,0.30013106159895153
6,7,755,350,0.46357615894039733
7,8,707,120,0.16973125884016974
8,9,687,193,0.28093158660844253
9,10,683,214,0.31332357247437775
