{
  "noise_type": "pink",
  "noise_level": 20.0,
  "denoise_method": "notch",
  "window": {
    "loss": 1.2593889530361912,
    "accuracy": 0.5977325501980604,
    "macro_f1": 0.5990279547113174,
    "num_windows": 7321
  },
  "repetition": {
    "accuracy": 0.9944444444444445,
    "macro_f1": 0.9944401544401545,
    "num_repetitions": 180
  }
}