class_index,gesture_id,support,correct,accuracy
0,1,790,434,0.549367088607595
1,2,692,319,0.46098265895953755
2,3,766,474,0.618798955613577
3,4,743,405,0.5450874831763123
4,5,735,431,0.5863945578231292
5,6,763,422,0.5530799475753604
6,7,755,518,0.686092715231788
7,8,707,445,0.6294200848656294
8,9,687,447,0.6506550218340611
9,10,683,481,0.7042459736456809
