class_index,gesture_id,support,correct,accuracy
0,1,18,11,0.6111111111111112
1,2,18,10,0.5555555555555556
2,3,18,0,0.0
3,4,18,1,0.05555555555555555
4,5,18,4,0.2222222222222222
5,6,18,12,0.6666666666666666
6,7,18,15,0.8333333333333334
7,8,18,6,0.3333333333333333
8,9,18,8,0.4444444444444444
9,10,18,7,0.3888888888888889
