class_index,gesture_id,support,correct,accuracy
0,1,790,186,0.23544303797468355
1,2,692,258,0.37283236994219654
2,3,766,59,0.07702349869451697
3,4,743,51,0.06864064602960969
4,5,735,112,0.1523809523809524
5,6,763,191,0.2503276539973788
6,7,755,424,0.56158940397351
7,8,707,67,0.09476661951909476
8,9,687,131,0.19068413391557495
9,10,683,146,0.21376281112737922
