class_index,gesture_id,support,correct,accuracy
0,1,18,5,0.2777777777777778
1,2,18,7,0.3888888888888889
2,3,18,12,0.6666666666666666
3,4,18,14,0.7777777777777778
4,5,18,13,0.7222222222222222
5,6,18,18,1.0
6,7,18,4,0.2222222222222222
7,8,18,9,0.5
8,9,18,10,0.5555555555555556
9,10,18,18,1.0
