class_index,gesture_id,support,correct,accuracy
0,1,790,106,0.1341772151898734
1,2,693,133,0.1919191919191919
2,3,766,237,0.3093994778067885
3,4,743,269,0.3620457604306864
4,5,734,221,0.3010899182561308
5,6,763,479,0.6277850589777195
6,7,755,112,0.14834437086092717
7,8,707,256,0.3620933521923621
8,9,687,265,0.38573508005822416
9,10,683,343,0.5021961932650073
