class_index,gesture_id,support,correct,accuracy
0,1,790,280,0.35443037974683544
1,2,693,255,0.36796536796536794
2,3,766,463,0.6044386422976501
3,4,743,406,0.5464333781965006
4,5,734,499,0.6798365122615804
5,6,763,494,0.6474442988204456
6,7,755,489,0.6476821192052981
7,8,707,438,0.6195190947666195
8,9,687,422,0.6142649199417758
9,10,683,412,0.6032210834553441
