class_index,gesture_id,support,correct,accuracy
0,1,18,10,0.5555555555555556
1,2,18,6,0.3333333333333333
2,3,18,0,0.0
3,4,18,4,0.2222222222222222
4,5,18,9,0.5
5,6,18,18,1.0
6,7,18,11,0.6111111111111112
7,8,18,12,0.6666666666666666
8,9,18,18,1.0
9,10,18,5,0.2777777777777778
