class_index,gesture_id,support,correct,accuracy
0,1,790,180,0.22784810126582278
1,2,693,133,0.1919191919191919
2,3,766,65,0.08485639686684072
3,4,743,131,0.17631224764468373
4,5,734,196,0.2670299727520436
5,6,763,347,0.45478374836173
6,7,755,274,0.3629139072847682
7,8,707,223,0.31541725601131543
8,9,687,356,0.5181950509461426
9,10,683,152,0.2225475841874085
