class_index,gesture_id,support,correct,accuracy
0,1,791,192,0.2427307206068268
1,2,692,146,0.21098265895953758
2,3,766,23,0.030026109660574413
3,4,743,37,0.04979811574697174
4,5,735,185,0.25170068027210885
5,6,763,140,0.1834862385321101
6,7,754,435,0.5769230769230769
7,8,707,30,0.042432814710042434
8,9,688,196,0.28488372093023256
9,10,683,175,0.2562225475841874
