class_index,gesture_id,support,correct,accuracy
0,1,790,439,0.5556962025316455
1,2,692,335,0.4841040462427746
2,3,766,479,0.6253263707571801
3,4,743,405,0.5450874831763123
4,5,735,453,0.6163265306122448
5,6,763,433,0.5674967234600262
6,7,755,528,0.6993377483443709
7,8,707,444,0.628005657708628
8,9,687,435,0.6331877729257642
9,10,683,460,0.6734992679355783
