class_index,gesture_id,support,correct,accuracy
0,1,790,248,0.3139240506329114
1,2,693,246,0.354978354978355
2,3,766,116,0.1514360313315927
3,4,743,79,0.1063257065948856
4,5,734,238,0.3242506811989101
5,6,763,108,0.14154652686762778
6,7,755,561,0.743046357615894
7,8,707,121,0.17114568599717114
8,9,687,214,0.31149927219796214
9,10,683,56,0.08199121522693997
