{
  "noise_type": "hum",
  "noise_level": 0.3,
  "denoise_method": "none",
  "window": {
    "loss": 1.2154486961489783,
    "accuracy": 0.6178639715924611,
    "macro_f1": 0.6172002066583682,
    "num_windows": 7322
  },
  "repetition": {
    "accuracy": 1.0,
    "macro_f1": 1.0,
    "num_repetitions": 180
  }
}