class_index,gesture_id,support,correct,accuracy
0,1,791,403,0.5094816687737042
1,2,692,402,0.5809248554913294
2,3,766,536,0.6997389033942559
3,4,743,439,0.5908479138627187
4,5,735,402,0.5469387755102041
5,6,763,434,0.5688073394495413
6,7,755,537,0.7112582781456953
7,8,706,487,0.6898016997167139
8,9,688,501,0.7281976744186046
9,10,683,383,0.5607613469985359
