class_index,gesture_id,support,correct,accuracy
0,1,790,217,0.2746835443037975
1,2,693,218,0.31457431457431456
2,3,766,80,0.10443864229765012
3,4,743,76,0.10228802153432032
4,5,734,192,0.2615803814713896
5,6,763,128,0.16775884665792923
6,7,755,543,0.7192052980132451
7,8,707,127,0.17963224893917965
8,9,687,234,0.3406113537117904
9,10,683,75,0.10980966325036604
