class_index,gesture_id,support,correct,accuracy
0,1,790,395,0.5
1,2,693,318,0.4588744588744589
2,3,766,539,0.7036553524804178
3,4,743,327,0.44010767160161507
4,5,735,469,0.638095238095238
5,6,763,370,0.4849279161205767
6,7,754,606,0.8037135278514589
7,8,707,448,0.6336633663366337
8,9,687,483,0.7030567685589519
9,10,683,472,0.6910688140556369
