{
  "noise_type": "wgn",
  "noise_level": 10.0,
  "denoise_method": "notch",
  "window": {
    "loss": 1.3215014869732669,
    "accuracy": 0.5716432181395984,
    "macro_f1": 0.5730347293196937,
    "num_windows": 7321
  },
  "repetition": {
    "accuracy": 0.9777777777777777,
    "macro_f1": 0.9779028652712863,
    "num_repetitions": 180
  }
}