class_index,gesture_id,support,correct,accuracy
0,1,790,443,0.5607594936708861
1,2,692,274,0.3959537572254335
2,3,766,461,0.6018276762402088
3,4,743,414,0.5572005383580081
4,5,735,371,0.5047619047619047
5,6,763,401,0.5255570117955439
6,7,755,446,0.590728476821192
7,8,707,447,0.6322489391796322
8,9,687,449,0.653566229985444
9,10,683,479,0.7013177159590044
