class_index,gesture_id,support,correct,accuracy
0,1,791,199,0.2515802781289507
1,2,692,146,0.21098265895953758
2,3,766,98,0.1279373368146214
3,4,743,119,0.1601615074024226
4,5,735,79,0.10748299319727891
5,6,763,268,0.35124508519003933
6,7,755,174,0.2304635761589404
7,8,706,53,0.07507082152974505
8,9,688,379,0.5508720930232558
9,10,683,207,0.30307467057101023
