{
  "noise_type": "spikes",
  "noise_level": 0.6,
  "denoise_method": "pca",
  "window": {
    "loss": 1.8881900212980003,
    "accuracy": 0.35623548695533397,
    "macro_f1": 0.3429566721716787,
    "num_windows": 7321
  },
  "repetition": {
    "accuracy": 0.5611111111111111,
    "macro_f1": 0.4979890285153443,
    "num_repetitions": 180
  }
}