class_index,gesture_id,support,correct,accuracy
0,1,18,8,0.4444444444444444
1,2,18,1,0.05555555555555555
2,3,18,17,0.9444444444444444
3,4,18,15,0.8333333333333334
4,5,18,0,0.0
5,6,18,8,0.4444444444444444
6,7,18,1,0.05555555555555555
7,8,18,16,0.8888888888888888
8,9,18,17,0.9444444444444444
9,10,18,18,1.0
