class_index,gesture_id,support,correct,accuracy
0,1,790,284,0.3594936708860759
1,2,692,122,0.17630057803468208
2,3,766,391,0.5104438642297651
3,4,743,206,0.2772543741588156
4,5,735,67,0.09115646258503401
5,6,763,278,0.36435124508519
6,7,755,151,0.2
7,8,707,262,0.37057991513437055
8,9,687,380,0.5531295487627366
9,10,683,467,0.6837481698389458
