class_index,gesture_id,support,correct,accuracy
0,1,790,63,0.07974683544303797
1,2,693,18,0.025974025974025976
2,3,766,34,0.044386422976501305
3,4,743,36,0.04845222072678331
4,5,735,41,0.055782312925170066
5,6,763,367,0.48099606815203144
6,7,754,16,0.021220159151193633
7,8,707,260,0.36775106082036774
8,9,687,174,0.25327510917030566
9,10,683,299,0.4377745241581259
