{
  "noise_type": "spikes",
  "noise_level": 0.1,
  "denoise_method": "notch",
  "window": {
    "loss": 1.2716988681021104,
    "accuracy": 0.584539743239552,
    "macro_f1": 0.5848868073198641,
    "num_windows": 7322
  },
  "repetition": {
    "accuracy": 0.9944444444444445,
    "macro_f1": 0.9944401544401545,
    "num_repetitions": 180
  }
}