class_index,gesture_id,support,correct,accuracy
0,1,791,504,0.6371681415929203
1,2,692,321,0.4638728323699422
2,3,766,426,0.556135770234987
3,4,743,353,0.47510094212651416
4,5,735,467,0.6353741496598639
5,6,763,350,0.45871559633027525
6,7,754,569,0.7546419098143236
7,8,707,335,0.4738330975954738
8,9,688,477,0.6933139534883721
9,10,683,478,0.6998535871156661
