class_index,gesture_id,support,correct,accuracy
0,1,18,16,0.8888888888888888
1,2,18,0,0.0
2,3,18,5,0.2777777777777778
3,4,18,7,0.3888888888888889
4,5,18,16,0.8888888888888888
5,6,18,8,0.4444444444444444
6,7,18,18,1.0
7,8,18,8,0.4444444444444444
8,9,18,10,0.5555555555555556
9,10,18,7,0.3888888888888889
