class_index,gesture_id,support,correct,accuracy
0,1,790,384,0.4860759493670886
1,2,693,53,0.07647907647907648
2,3,766,116,0.1514360313315927
3,4,743,110,0.1480484522207268
4,5,735,253,0.3442176870748299
5,6,763,126,0.1651376146788991
6,7,754,385,0.5106100795755968
7,8,707,108,0.15275813295615276
8,9,687,166,0.24163027656477437
9,10,683,128,0.18740849194729137
