class_index,gesture_id,support,correct,accuracy
0,1,18,7,0.3888888888888889
1,2,18,17,0.9444444444444444
2,3,18,4,0.2222222222222222
3,4,18,4,0.2222222222222222
4,5,18,1,0.05555555555555555
5,6,18,8,0.4444444444444444
6,7,18,16,0.8888888888888888
7,8,18,0,0.0
8,9,18,10,0.5555555555555556
9,10,18,0,0.0
