class_index,gesture_id,support,correct,accuracy
0,1,791,152,0.19216182048040456
1,2,692,335,0.4841040462427746
2,3,766,140,0.18276762402088773
3,4,743,85,0.11440107671601615
4,5,735,64,0.08707482993197278
5,6,763,126,0.1651376146788991
6,7,755,396,0.5245033112582781
7,8,706,64,0.0906515580736544
8,9,688,230,0.33430232558139533
9,10,683,39,0.05710102489019034
