class_index,gesture_id,support,correct,accuracy
0,1,790,355,0.44936708860759494
1,2,693,321,0.46320346320346323
2,3,766,533,0.695822454308094
3,4,743,405,0.5450874831763123
4,5,734,561,0.7643051771117166
5,6,763,452,0.5923984272608126
6,7,755,618,0.8185430463576159
7,8,707,434,0.6138613861386139
8,9,687,434,0.6317321688500728
9,10,683,396,0.5797950219619327
