{
  "noise_type": "motion",
  "noise_level": 0.1,
  "denoise_method": "notch",
  "window": {
    "loss": 1.2790737494325677,
    "accuracy": 0.5800327779295275,
    "macro_f1": 0.5808769683566398,
    "num_windows": 7322
  },
  "repetition": {
    "accuracy": 1.0,
    "macro_f1": 1.0,
    "num_repetitions": 180
  }
}