class_index,gesture_id,support,correct,accuracy
0,1,791,492,0.6219974715549936
1,2,692,323,0.4667630057803468
2,3,766,417,0.5443864229765013
3,4,743,351,0.47240915208613726
4,5,735,452,0.6149659863945578
5,6,763,345,0.4521625163826999
6,7,754,560,0.7427055702917772
7,8,707,343,0.48514851485148514
8,9,688,478,0.6947674418604651
9,10,683,486,0.7115666178623719
