class_index,gesture_id,support,correct,accuracy
0,1,18,17,0.9444444444444444
1,2,18,11,0.6111111111111112
2,3,18,13,0.7222222222222222
3,4,18,17,0.9444444444444444
4,5,18,13,0.7222222222222222
5,6,18,8,0.4444444444444444
6,7,18,8,0.4444444444444444
7,8,18,10,0.5555555555555556
8,9,18,17,0.9444444444444444
9,10,18,18,1.0
