class_index,gesture_id,support,correct,accuracy
0,1,791,358,0.4525916561314791
1,2,692,184,0.2658959537572254
2,3,766,280,0.36553524804177545
3,4,743,322,0.43337819650067294
4,5,735,181,0.24625850340136055
5,6,763,262,0.34338138925294887
6,7,754,210,0.27851458885941643
7,8,707,221,0.3125884016973126
8,9,688,455,0.6613372093023255
9,10,683,476,0.6969253294289898
