class_index,gesture_id,support,correct,accuracy
0,1,791,148,0.18710493046776233
1,2,692,341,0.49277456647398843
2,3,766,133,0.17362924281984335
3,4,743,83,0.1117092866756393
4,5,735,69,0.09387755102040816
5,6,763,130,0.17038007863695936
6,7,755,373,0.49403973509933774
7,8,706,66,0.09348441926345609
8,9,688,224,0.32558139534883723
9,10,683,35,0.05124450951683748
