class_index,gesture_id,support,correct,accuracy
0,1,790,429,0.5430379746835443
1,2,692,337,0.4869942196531792
2,3,766,485,0.6331592689295039
3,4,743,412,0.5545087483176312
4,5,735,466,0.6340136054421769
5,6,763,454,0.5950196592398427
6,7,755,517,0.6847682119205298
7,8,707,447,0.6322489391796322
8,9,687,425,0.61863173216885
9,10,683,445,0.6515373352855052
