class_index,gesture_id,support,correct,accuracy
0,1,18,10,0.5555555555555556
1,2,18,2,0.1111111111111111
2,3,18,17,0.9444444444444444
3,4,18,14,0.7777777777777778
4,5,18,0,0.0
5,6,18,8,0.4444444444444444
6,7,18,1,0.05555555555555555
7,8,18,13,0.7222222222222222
8,9,18,14,0.7777777777777778
9,10,18,18,1.0
