class_index,gesture_id,support,correct,accuracy
0,1,790,298,0.37721518987341773
1,2,692,129,0.18641618497109827
2,3,766,345,0.45039164490861616
3,4,743,178,0.2395693135935397
4,5,735,70,0.09523809523809523
5,6,763,302,0.39580602883355176
6,7,755,158,0.20927152317880796
7,8,707,257,0.3635077793493635
8,9,687,376,0.5473071324599709
9,10,683,467,0.6837481698389458
