class_index,gesture_id,support,correct,accuracy
0,1,18,12,0.6666666666666666
1,2,18,15,0.8333333333333334
2,3,18,4,0.2222222222222222
3,4,18,6,0.3333333333333333
4,5,18,0,0.0
5,6,18,11,0.6111111111111112
6,7,18,12,0.6666666666666666
7,8,18,3,0.16666666666666666
8,9,18,12,0.6666666666666666
9,10,18,0,0.0
