class_index,gesture_id,support,correct,accuracy
0,1,791,180,0.22756005056890014
1,2,692,275,0.39739884393063585
2,3,766,173,0.2258485639686684
3,4,743,123,0.1655450874831763
4,5,735,74,0.10068027210884353
5,6,763,160,0.20969855832241152
6,7,755,362,0.4794701986754967
7,8,706,102,0.14447592067988668
8,9,688,307,0.44622093023255816
9,10,683,76,0.11127379209370425
