class_index,gesture_id,support,correct,accuracy
0,1,791,449,0.5676359039190898
1,2,692,288,0.4161849710982659
2,3,766,386,0.5039164490861618
3,4,743,368,0.4952893674293405
4,5,735,364,0.49523809523809526
5,6,763,338,0.4429882044560944
6,7,754,430,0.5702917771883289
7,8,707,322,0.45544554455445546
8,9,688,491,0.7136627906976745
9,10,683,489,0.7159590043923866
