{
  "noise_type": "pink",
  "noise_level": -5.0,
  "denoise_method": "notch",
  "window": {
    "loss": 3.468602266163143,
    "accuracy": 0.17825433683922962,
    "macro_f1": 0.15719414332330314,
    "num_windows": 7321
  },
  "repetition": {
    "accuracy": 0.2,
    "macro_f1": 0.16744811392213302,
    "num_repetitions": 180
  }
}