class_index,gesture_id,support,correct,accuracy
0,1,790,28,0.035443037974683546
1,2,693,93,0.1341991341991342
2,3,766,140,0.18276762402088773
3,4,743,135,0.1816958277254374
4,5,734,71,0.09673024523160763
5,6,763,456,0.5976408912188729
6,7,755,11,0.01456953642384106
7,8,707,84,0.1188118811881188
8,9,687,95,0.13828238719068414
9,10,683,192,0.28111273792093705
