class_index,gesture_id,support,correct,accuracy
0,1,791,183,0.23135271807838179
1,2,692,135,0.19508670520231214
2,3,766,33,0.04308093994778068
3,4,743,43,0.05787348586810229
4,5,735,176,0.23945578231292516
5,6,763,146,0.1913499344692005
6,7,754,399,0.5291777188328912
7,8,707,48,0.06789250353606789
8,9,688,213,0.30959302325581395
9,10,683,190,0.2781844802342606
