class_index,gesture_id,support,correct,accuracy
0,1,790,226,0.28607594936708863
1,2,693,228,0.329004329004329
2,3,766,60,0.0783289817232376
3,4,743,65,0.08748317631224764
4,5,734,169,0.23024523160762944
5,6,763,99,0.12975098296199214
6,7,755,563,0.7456953642384105
7,8,707,92,0.13012729844413012
8,9,687,218,0.3173216885007278
9,10,683,57,0.08345534407027819
