class_index,gesture_id,support,correct,accuracy
0,1,18,5,0.2777777777777778
1,2,18,2,0.1111111111111111
2,3,18,11,0.6111111111111112
3,4,18,9,0.5
4,5,18,3,0.16666666666666666
5,6,18,6,0.3333333333333333
6,7,18,0,0.0
7,8,18,9,0.5
8,9,18,13,0.7222222222222222
9,10,18,18,1.0
