class_index,gesture_id,support,correct,accuracy
0,1,790,133,0.16835443037974684
1,2,693,89,0.12842712842712842
2,3,766,219,0.2859007832898172
3,4,743,168,0.22611036339165544
4,5,735,138,0.18775510204081633
5,6,763,290,0.3800786369593709
6,7,754,76,0.10079575596816977
7,8,707,224,0.31683168316831684
8,9,687,326,0.4745269286754003
9,10,683,481,0.7042459736456809
