class_index,gesture_id,support,correct,accuracy
0,1,790,203,0.2569620253164557
1,2,692,146,0.21098265895953758
2,3,766,102,0.13315926892950392
3,4,743,80,0.10767160161507403
4,5,735,67,0.09115646258503401
5,6,763,271,0.35517693315858456
6,7,755,215,0.2847682119205298
7,8,707,137,0.19377652050919378
8,9,687,279,0.40611353711790393
9,10,683,354,0.5183016105417276
