class_index,gesture_id,support,correct,accuracy
0,1,790,410,0.5189873417721519
1,2,692,233,0.33670520231213874
2,3,766,423,0.5522193211488251
3,4,743,370,0.4979811574697174
4,5,735,303,0.4122448979591837
5,6,763,393,0.5150720838794234
6,7,755,376,0.49801324503311256
7,8,707,435,0.6152758132956153
8,9,687,433,0.6302765647743813
9,10,683,514,0.7525622254758418
