{
  "noise_type": "drift",
  "noise_level": 0.3,
  "denoise_method": "kalman",
  "window": {
    "loss": 2.128745311646005,
    "accuracy": 0.286436279196831,
    "macro_f1": 0.27453313119162875,
    "num_windows": 7321
  },
  "repetition": {
    "accuracy": 0.5222222222222223,
    "macro_f1": 0.4659305214996567,
    "num_repetitions": 180
  }
}