class_index,gesture_id,support,correct,accuracy
0,1,18,11,0.6111111111111112
1,2,18,4,0.2222222222222222
2,3,18,1,0.05555555555555555
3,4,18,2,0.1111111111111111
4,5,18,12,0.6666666666666666
5,6,18,18,1.0
6,7,18,13,0.7222222222222222
7,8,18,14,0.7777777777777778
8,9,18,18,1.0
9,10,18,1,0.05555555555555555
