class_index,gesture_id,support,correct,accuracy
0,1,790,197,0.24936708860759493
1,2,693,137,0.1976911976911977
2,3,766,68,0.08877284595300261
3,4,743,121,0.16285329744279947
4,5,734,211,0.28746594005449594
5,6,763,289,0.37876802096985585
6,7,755,363,0.48079470198675495
7,8,707,262,0.37057991513437055
8,9,687,326,0.4745269286754003
9,10,683,123,0.1800878477306003
