class_index,gesture_id,support,correct,accuracy
0,1,790,263,0.3329113924050633
1,2,693,160,0.23088023088023088
2,3,766,477,0.6227154046997389
3,4,743,91,0.1224764468371467
4,5,735,132,0.17959183673469387
5,6,763,206,0.2699868938401048
6,7,754,370,0.4907161803713528
7,8,707,218,0.30834512022630833
8,9,687,409,0.5953420669577875
9,10,683,418,0.6120058565153733
