class_index,gesture_id,support,correct,accuracy
0,1,791,229,0.2895069532237674
1,2,692,192,0.2774566473988439
2,3,766,54,0.07049608355091384
3,4,743,41,0.05518169582772544
4,5,735,138,0.18775510204081633
5,6,763,68,0.0891218872870249
6,7,754,522,0.6923076923076923
7,8,707,30,0.042432814710042434
8,9,688,181,0.26308139534883723
9,10,683,106,0.15519765739385066
