class_index,gesture_id,support,correct,accuracy
0,1,790,442,0.5594936708860759
1,2,692,263,0.3800578034682081
2,3,766,463,0.6044386422976501
3,4,743,411,0.5531628532974427
4,5,735,375,0.5102040816326531
5,6,763,401,0.5255570117955439
6,7,755,435,0.5761589403973509
7,8,707,456,0.6449787835926449
8,9,687,446,0.6491994177583698
9,10,683,477,0.698389458272328
