{
  "noise_type": "hum",
  "noise_level": 0.3,
  "denoise_method": "none",
  "window": {
    "loss": 1.2637505924008121,
    "accuracy": 0.5860420650095602,
    "macro_f1": 0.5865561968755525,
    "num_windows": 7322
  },
  "repetition": {
    "accuracy": 0.9944444444444445,
    "macro_f1": 0.9944401544401543,
    "num_repetitions": 180
  }
}