class_index,gesture_id,support,correct,accuracy
0,1,791,507,0.640960809102402
1,2,692,325,0.46965317919075145
2,3,766,432,0.5639686684073107
3,4,743,358,0.48183041722745623
4,5,735,448,0.6095238095238096
5,6,763,349,0.45740498034076016
6,7,754,567,0.7519893899204244
7,8,707,355,0.5021216407355021
8,9,688,484,0.7034883720930233
9,10,683,466,0.6822840409956076
