class_index,gesture_id,support,correct,accuracy
0,1,791,366,0.46270543615676357
1,2,692,312,0.4508670520231214
2,3,766,457,0.5966057441253264
3,4,743,386,0.5195154777927322
4,5,735,287,0.3904761904761905
5,6,763,382,0.5006553079947575
6,7,755,350,0.46357615894039733
7,8,706,361,0.5113314447592068
8,9,688,513,0.7456395348837209
9,10,683,442,0.6471449487554904
