{
  "noise_type": "spikes",
  "noise_level": 0.3,
  "denoise_method": "none",
  "window": {
    "loss": 1.2230903527528565,
    "accuracy": 0.61589946728589,
    "macro_f1": 0.6124535871441312,
    "num_windows": 7321
  },
  "repetition": {
    "accuracy": 0.9944444444444445,
    "macro_f1": 0.9944401544401543,
    "num_repetitions": 180
  }
}