class_index,gesture_id,support,correct,accuracy
0,1,790,346,0.4379746835443038
1,2,693,315,0.45454545454545453
2,3,766,548,0.7154046997389034
3,4,743,409,0.550471063257066
4,5,734,559,0.7615803814713896
5,6,763,450,0.5897771952817824
6,7,755,594,0.7867549668874172
7,8,707,443,0.6265912305516266
8,9,687,437,0.636098981077147
9,10,683,408,0.5973645680819912
