epoch,train_loss,val_loss,val_accuracy,val_macro_f1,elapsed_seconds
1,2.370560348508832,2.2790922576109263,0.1352089593007375,0.08315762348821829,93.96558213233948
2,2.330365770171315,2.272298594831411,0.14149139579349904,0.10142057575367389,127.07242822647095
3,2.3052520256184037,2.2661453601083803,0.13261403987981427,0.09579176804544662,140.6201355457306
