{
  "best_epoch": 49,
  "best_val_macro_f1": 0.6174084784963038,
  "val": {
    "loss": 1.3193931245829882,
    "accuracy": 0.6175908221797323,
    "macro_f1": 0.6174084784963038
  },
  "test": {
    "loss": 1.3169508167903496,
    "accuracy": 0.6197760174815624,
    "macro_f1": 0.6198063270484877
  }
}