{
  "best_epoch": 2,
  "best_val_macro_f1": 0.10142057575367389,
  "val": {
    "loss": 2.272298594831411,
    "accuracy": 0.14149139579349904,
    "macro_f1": 0.10142057575367389
  },
  "test": {
    "loss": 2.272594361968198,
    "accuracy": 0.14367659109532915,
    "macro_f1": 0.10335445141612956
  }
}