{
  "best_epoch": 49,
  "best_val_macro_f1": 0.613950428311975,
  "val": {
    "loss": 1.3361513762485782,
    "accuracy": 0.6122644086315214,
    "macro_f1": 0.613950428311975
  },
  "test": {
    "loss": 1.3464272253794385,
    "accuracy": 0.6101625461002596,
    "macro_f1": 0.6113450231032285
  }
}