{
  "split": "test",
  "aggregation": "logits_mean",
  "window": {
    "loss": 1.2446855567156527,
    "accuracy": 0.6098893593771343,
    "macro_f1": 0.6110560283819253,
    "num_windows": 7321
  },
  "repetition": {
    "accuracy": 0.9944444444444445,
    "macro_f1": 0.9944401544401545,
    "num_repetitions": 180
  },
  "checkpoint": "outputs/dl_foundation_noise/dualres_xception2d/kfold5_clean/best.pt",
  "best_epoch": 49,
  "best_val_macro_f1": 0.613950428311975
}