class_index,gesture_id,support,correct,accuracy
0,1,791,229,0.2895069532237674
1,2,692,169,0.24421965317919075
2,3,766,57,0.07441253263707572
3,4,743,48,0.06460296096904442
4,5,735,152,0.20680272108843537
5,6,763,75,0.0982961992136304
6,7,754,497,0.6591511936339522
7,8,707,47,0.06647807637906648
8,9,688,223,0.3241279069767442
9,10,683,130,0.1903367496339678
