class_index,gesture_id,support,correct,accuracy
0,1,791,188,0.23767383059418457
1,2,692,142,0.20520231213872833
2,3,766,22,0.028720626631853787
3,4,743,40,0.05383580080753701
4,5,735,179,0.24353741496598638
5,6,763,145,0.19003931847968544
6,7,754,433,0.5742705570291777
7,8,707,25,0.03536067892503536
8,9,688,200,0.29069767441860467
9,10,683,171,0.25036603221083453
