class_index,gesture_id,support,correct,accuracy
0,1,791,351,0.44374209860935526
1,2,692,214,0.3092485549132948
2,3,766,401,0.5234986945169713
3,4,743,128,0.17227456258411844
4,5,735,178,0.24217687074829933
5,6,763,253,0.3315858453473132
6,7,754,327,0.4336870026525199
7,8,707,168,0.2376237623762376
8,9,688,476,0.6918604651162791
9,10,683,430,0.6295754026354319
