{
  "noise_type": "wgn",
  "noise_level": 0.0,
  "denoise_method": "none",
  "window": {
    "loss": 1.977989085302573,
    "accuracy": 0.3377953831443792,
    "macro_f1": 0.3211920261723107,
    "num_windows": 7321
  },
  "repetition": {
    "accuracy": 0.6055555555555555,
    "macro_f1": 0.5643014563360269,
    "num_repetitions": 180
  }
}