class_index,gesture_id,support,correct,accuracy
0,1,790,338,0.4278481012658228
1,2,692,89,0.12861271676300579
2,3,766,222,0.2898172323759791
3,4,743,283,0.38088829071332436
4,5,735,81,0.11020408163265306
5,6,763,250,0.32765399737876805
6,7,755,114,0.1509933774834437
7,8,707,341,0.4823196605374823
8,9,687,350,0.5094614264919942
9,10,683,405,0.5929721815519766
