{
  "noise_type": "hum",
  "noise_level": 0.1,
  "denoise_method": "notch",
  "window": {
    "loss": 1.2681714957348476,
    "accuracy": 0.5841300191204589,
    "macro_f1": 0.584605212696433,
    "num_windows": 7322
  },
  "repetition": {
    "accuracy": 0.9944444444444445,
    "macro_f1": 0.9944401544401543,
    "num_repetitions": 180
  }
}