class_index,gesture_id,support,correct,accuracy
0,1,791,499,0.6308470290771175
1,2,692,328,0.47398843930635837
2,3,766,427,0.5574412532637075
3,4,743,351,0.47240915208613726
4,5,735,470,0.6394557823129252
5,6,763,346,0.4534731323722149
6,7,754,565,0.7493368700265252
7,8,707,333,0.471004243281471
8,9,688,483,0.7020348837209303
9,10,683,475,0.6954612005856515
