class_index,gesture_id,support,correct,accuracy
0,1,18,6,0.3333333333333333
1,2,18,17,0.9444444444444444
2,3,18,6,0.3333333333333333
3,4,18,4,0.2222222222222222
4,5,18,1,0.05555555555555555
5,6,18,8,0.4444444444444444
6,7,18,14,0.7777777777777778
7,8,18,1,0.05555555555555555
8,9,18,11,0.6111111111111112
9,10,18,0,0.0
