class_index,gesture_id,support,correct,accuracy
0,1,791,142,0.179519595448799
1,2,692,346,0.5
2,3,766,146,0.1906005221932115
3,4,743,84,0.11305518169582772
4,5,735,73,0.09931972789115646
5,6,763,133,0.1743119266055046
6,7,755,368,0.48741721854304637
7,8,706,73,0.10339943342776203
8,9,688,227,0.32994186046511625
9,10,683,38,0.055636896046852125
