class_index,gesture_id,support,correct,accuracy
0,1,790,212,0.2683544303797468
1,2,693,136,0.19624819624819625
2,3,766,437,0.5704960835509139
3,4,743,104,0.13997308209959622
4,5,735,118,0.16054421768707483
5,6,763,212,0.2778505897771953
6,7,754,290,0.38461538461538464
7,8,707,239,0.33804809052333806
8,9,687,410,0.5967976710334789
9,10,683,428,0.6266471449487555
