class_index,gesture_id,support,correct,accuracy
0,1,791,239,0.30214917825537296
1,2,692,216,0.31213872832369943
2,3,766,425,0.5548302872062664
3,4,743,205,0.2759084791386272
4,5,735,84,0.11428571428571428
5,6,763,307,0.40235910878112713
6,7,755,178,0.23576158940397351
7,8,706,114,0.16147308781869688
8,9,688,525,0.7630813953488372
9,10,683,357,0.5226939970717424
