{
  "best_epoch": 50,
  "best_val_macro_f1": 0.6119955005882107,
  "val": {
    "loss": 1.3331764125706735,
    "accuracy": 0.6124846332468242,
    "macro_f1": 0.6119955005882107
  },
  "test": {
    "loss": 1.363782344734496,
    "accuracy": 0.586315214422289,
    "macro_f1": 0.5871941985842009
  }
}