class_index,gesture_id,support,correct,accuracy
0,1,790,397,0.5025316455696203
1,2,693,313,0.45165945165945165
2,3,766,543,0.7088772845953003
3,4,743,323,0.4347240915208614
4,5,735,453,0.6163265306122448
5,6,763,366,0.4796854521625164
6,7,754,605,0.8023872679045093
7,8,707,443,0.6265912305516266
8,9,687,487,0.7088791848617176
9,10,683,478,0.6998535871156661
