class_index,gesture_id,support,correct,accuracy
0,1,791,274,0.3463969658659924
1,2,692,250,0.36127167630057805
2,3,766,467,0.6096605744125326
3,4,743,216,0.29071332436069985
4,5,735,103,0.1401360544217687
5,6,763,302,0.39580602883355176
6,7,755,215,0.2847682119205298
7,8,706,148,0.2096317280453258
8,9,688,523,0.7601744186046512
9,10,683,328,0.4802342606149341
