class_index,gesture_id,support,correct,accuracy
0,1,791,142,0.179519595448799
1,2,692,272,0.3930635838150289
2,3,766,100,0.13054830287206268
3,4,743,93,0.12516823687752354
4,5,735,92,0.1251700680272109
5,6,763,242,0.31716906946264745
6,7,755,299,0.39602649006622515
7,8,706,45,0.06373937677053824
8,9,688,277,0.40261627906976744
9,10,683,98,0.14348462664714495
