class_index,gesture_id,support,correct,accuracy
0,1,790,278,0.3518987341772152
1,2,693,66,0.09523809523809523
2,3,766,210,0.2741514360313316
3,4,743,104,0.13997308209959622
4,5,735,191,0.2598639455782313
5,6,763,118,0.15465268676277852
6,7,754,378,0.5013262599469496
7,8,707,247,0.3493635077793494
8,9,687,280,0.40756914119359533
9,10,683,266,0.38945827232796487
