class_index,gesture_id,support,correct,accuracy
0,1,791,124,0.15676359039190899
1,2,692,82,0.11849710982658959
2,3,766,44,0.057441253263707574
3,4,743,60,0.08075370121130551
4,5,735,100,0.1360544217687075
5,6,763,171,0.22411533420707733
6,7,754,147,0.19496021220159152
7,8,707,44,0.06223479490806223
8,9,688,373,0.5421511627906976
9,10,683,462,0.6764275256222547
