{
  "noise_type": "hum",
  "noise_level": 0.6,
  "denoise_method": "pca",
  "window": {
    "loss": 1.732198169494877,
    "accuracy": 0.40964349132632155,
    "macro_f1": 0.3927188208556901,
    "num_windows": 7321
  },
  "repetition": {
    "accuracy": 0.75,
    "macro_f1": 0.7198202498839421,
    "num_repetitions": 180
  }
}