class_index,gesture_id,support,correct,accuracy
0,1,18,15,0.8333333333333334
1,2,18,13,0.7222222222222222
2,3,18,18,1.0
3,4,18,2,0.1111111111111111
4,5,18,13,0.7222222222222222
5,6,18,6,0.3333333333333333
6,7,18,18,1.0
7,8,18,15,0.8333333333333334
8,9,18,17,0.9444444444444444
9,10,18,18,1.0
