class_index,gesture_id,support,correct,accuracy
0,1,790,290,0.3670886075949367
1,2,693,196,0.2828282828282828
2,3,766,491,0.6409921671018277
3,4,743,98,0.13189771197846567
4,5,735,195,0.2653061224489796
5,6,763,216,0.28309305373525556
6,7,754,409,0.5424403183023873
7,8,707,230,0.32531824611032534
8,9,687,427,0.6215429403202329
9,10,683,447,0.6544655929721815
