{
  "noise_type": "drift",
  "noise_level": 0.3,
  "denoise_method": "none",
  "window": {
    "loss": 1.3912536903210462,
    "accuracy": 0.5319584812892653,
    "macro_f1": 0.5341190739531212,
    "num_windows": 7322
  },
  "repetition": {
    "accuracy": 0.9611111111111111,
    "macro_f1": 0.9612482689262876,
    "num_repetitions": 180
  }
}