class_index,gesture_id,support,correct,accuracy
0,1,791,366,0.46270543615676357
1,2,692,307,0.4436416184971098
2,3,766,461,0.6018276762402088
3,4,743,389,0.5235531628532974
4,5,735,298,0.4054421768707483
5,6,763,395,0.5176933158584535
6,7,755,353,0.4675496688741722
7,8,706,376,0.5325779036827195
8,9,688,512,0.7441860465116279
9,10,683,438,0.6412884333821376
