class_index,gesture_id,support,correct,accuracy
0,1,791,113,0.14285714285714285
1,2,692,88,0.12716763005780346
2,3,766,169,0.2206266318537859
3,4,743,168,0.22611036339165544
4,5,735,79,0.10748299319727891
5,6,763,219,0.2870249017038008
6,7,755,28,0.03708609271523179
7,8,706,42,0.059490084985835696
8,9,688,252,0.36627906976744184
9,10,683,412,0.6032210834553441
