class_index,gesture_id,support,correct,accuracy
0,1,790,319,0.40379746835443037
1,2,693,310,0.44733044733044736
2,3,766,544,0.7101827676240209
3,4,743,398,0.5356662180349933
4,5,734,585,0.7970027247956403
5,6,763,449,0.5884665792922673
6,7,755,624,0.8264900662251655
7,8,707,423,0.5983026874115983
8,9,687,373,0.5429403202328966
9,10,683,299,0.4377745241581259
