{
  "noise_type": "hum",
  "noise_level": 0.3,
  "denoise_method": "kalman",
  "window": {
    "loss": 2.1899662642034796,
    "accuracy": 0.21469543840480743,
    "macro_f1": 0.1840382059972747,
    "num_windows": 7322
  },
  "repetition": {
    "accuracy": 0.3055555555555556,
    "macro_f1": 0.2656475142357465,
    "num_repetitions": 180
  }
}