class_index,gesture_id,support,correct,accuracy
0,1,791,233,0.2945638432364096
1,2,692,187,0.2702312138728324
2,3,766,57,0.07441253263707572
3,4,743,36,0.04845222072678331
4,5,735,130,0.17687074829931973
5,6,763,74,0.09698558322411534
6,7,754,526,0.6976127320954907
7,8,707,28,0.039603960396039604
8,9,688,188,0.27325581395348836
9,10,683,113,0.16544655929721816
