{
  "noise_type": "wgn",
  "noise_level": 20.0,
  "denoise_method": "pca",
  "window": {
    "loss": 1.7301853326578118,
    "accuracy": 0.4060920639256932,
    "macro_f1": 0.4030623054363008,
    "num_windows": 7321
  },
  "repetition": {
    "accuracy": 0.85,
    "macro_f1": 0.8510020273729951,
    "num_repetitions": 180
  }
}