class_index,gesture_id,support,correct,accuracy
0,1,790,242,0.30632911392405066
1,2,693,179,0.2582972582972583
2,3,766,460,0.6005221932114883
3,4,743,204,0.27456258411843876
4,5,734,252,0.34332425068119893
5,6,763,354,0.4639580602883355
6,7,755,309,0.40927152317880794
7,8,707,218,0.30834512022630833
8,9,687,413,0.6011644832605532
9,10,683,342,0.5007320644216691
