{
  "best_epoch": 27,
  "best_val_macro_f1": 0.7646502268146237,
  "val": {
    "loss": 0.9441755248303235,
    "accuracy": 0.7660788381742739,
    "macro_f1": 0.7646502268146237
  },
  "test": {
    "loss": 0.9718205337764836,
    "accuracy": 0.7478991596638656,
    "macro_f1": 0.745275010305823
  }
}