class_index,gesture_id,support,correct,accuracy
0,1,18,11,0.6111111111111112
1,2,18,0,0.0
2,3,18,4,0.2222222222222222
3,4,18,12,0.6666666666666666
4,5,18,0,0.0
5,6,18,11,0.6111111111111112
6,7,18,5,0.2777777777777778
7,8,18,10,0.5555555555555556
8,9,18,15,0.8333333333333334
9,10,18,18,1.0
