class_index,gesture_id,support,correct,accuracy
0,1,790,271,0.3430379746835443
1,2,692,83,0.1199421965317919
2,3,766,191,0.24934725848563968
3,4,743,205,0.2759084791386272
4,5,735,83,0.11292517006802721
5,6,763,324,0.42463958060288337
6,7,755,131,0.17350993377483442
7,8,707,282,0.3988684582743989
8,9,687,344,0.5007278020378457
9,10,683,504,0.7379209370424598
