{
  "noise_type": "pink",
  "noise_level": 10.0,
  "denoise_method": "wavelet",
  "window": {
    "loss": 2.160463618199823,
    "accuracy": 0.25447343259117605,
    "macro_f1": 0.2493393492809844,
    "num_windows": 7321
  },
  "repetition": {
    "accuracy": 0.4722222222222222,
    "macro_f1": 0.4424299514619946,
    "num_repetitions": 180
  }
}