class_index,gesture_id,support,correct,accuracy
0,1,790,189,0.23924050632911392
1,2,692,197,0.2846820809248555
2,3,766,123,0.16057441253263707
3,4,743,87,0.11709286675639301
4,5,735,91,0.12380952380952381
5,6,763,209,0.27391874180865006
6,7,755,313,0.41456953642384103
7,8,707,154,0.21782178217821782
8,9,687,235,0.3420669577874818
9,10,683,265,0.38799414348462663
