class_index,gesture_id,support,correct,accuracy
0,1,791,225,0.28445006321112515
1,2,692,162,0.23410404624277456
2,3,766,264,0.34464751958224543
3,4,743,216,0.29071332436069985
4,5,735,178,0.24217687074829933
5,6,763,341,0.44692005242463956
6,7,755,106,0.1403973509933775
7,8,706,148,0.2096317280453258
8,9,688,439,0.6380813953488372
9,10,683,463,0.677891654465593
