{
  "noise_type": "drift",
  "noise_level": 0.6,
  "denoise_method": "none",
  "window": {
    "loss": 1.9514474609545909,
    "accuracy": 0.36046988116377543,
    "macro_f1": 0.35329779737652095,
    "num_windows": 7321
  },
  "repetition": {
    "accuracy": 0.5833333333333334,
    "macro_f1": 0.5588994673228326,
    "num_repetitions": 180
  }
}