class_index,gesture_id,support,correct,accuracy
0,1,790,188,0.2379746835443038
1,2,693,103,0.14862914862914864
2,3,766,254,0.33159268929503916
3,4,743,188,0.253028263795424
4,5,735,178,0.24217687074829933
5,6,763,335,0.43905635648754915
6,7,754,160,0.21220159151193635
7,8,707,360,0.5091937765205092
8,9,687,365,0.5312954876273653
9,10,683,508,0.7437774524158126
