{
  "noise_type": "hum",
  "noise_level": 0.1,
  "denoise_method": "none",
  "window": {
    "loss": 1.2055872373446759,
    "accuracy": 0.6175385876246414,
    "macro_f1": 0.6143755086539537,
    "num_windows": 7321
  },
  "repetition": {
    "accuracy": 0.9944444444444445,
    "macro_f1": 0.9944401544401543,
    "num_repetitions": 180
  }
}