class_index,gesture_id,support,correct,accuracy
0,1,790,354,0.4481012658227848
1,2,693,328,0.4733044733044733
2,3,766,549,0.716710182767624
3,4,743,400,0.5383580080753702
4,5,734,571,0.7779291553133515
5,6,763,441,0.5779816513761468
6,7,755,627,0.8304635761589404
7,8,707,422,0.5968882602545968
8,9,687,428,0.6229985443959243
9,10,683,401,0.5871156661786238
