class_index,gesture_id,support,correct,accuracy
0,1,790,218,0.2759493670886076
1,2,693,117,0.16883116883116883
2,3,766,470,0.6135770234986945
3,4,743,119,0.1601615074024226
4,5,735,98,0.13333333333333333
5,6,763,187,0.24508519003931847
6,7,754,268,0.35543766578249336
7,8,707,237,0.3352192362093352
8,9,687,397,0.5778748180494906
9,10,683,452,0.6617862371888726
