class_index,gesture_id,support,correct,accuracy
0,1,790,219,0.2772151898734177
1,2,693,243,0.35064935064935066
2,3,766,58,0.07571801566579635
3,4,743,60,0.08075370121130551
4,5,734,164,0.22343324250681199
5,6,763,104,0.1363040629095675
6,7,755,582,0.7708609271523179
7,8,707,84,0.1188118811881188
8,9,687,196,0.2852983988355167
9,10,683,43,0.0629575402635432
