class_index,gesture_id,support,correct,accuracy
0,1,790,201,0.25443037974683547
1,2,692,177,0.25578034682080925
2,3,766,138,0.1801566579634465
3,4,743,109,0.14670255720053835
4,5,735,110,0.14965986394557823
5,6,763,203,0.26605504587155965
6,7,755,311,0.4119205298013245
7,8,707,193,0.272984441301273
8,9,687,242,0.3522561863173217
9,10,683,293,0.4289897510980966
