class_index,gesture_id,support,correct,accuracy
0,1,791,221,0.27939317319848295
1,2,692,221,0.319364161849711
2,3,766,456,0.5953002610966057
3,4,743,212,0.2853297442799462
4,5,735,74,0.10068027210884353
5,6,763,290,0.3800786369593709
6,7,755,187,0.247682119205298
7,8,706,157,0.22237960339943344
8,9,688,516,0.75
9,10,683,332,0.486090775988287
