class_index,gesture_id,support,correct,accuracy
0,1,18,2,0.1111111111111111
1,2,18,4,0.2222222222222222
2,3,18,7,0.3888888888888889
3,4,18,3,0.16666666666666666
4,5,18,1,0.05555555555555555
5,6,18,18,1.0
6,7,18,0,0.0
7,8,18,1,0.05555555555555555
8,9,18,6,0.3333333333333333
9,10,18,17,0.9444444444444444
