class_index,gesture_id,support,correct,accuracy
0,1,790,63,0.07974683544303797
1,2,693,103,0.14862914862914864
2,3,766,180,0.2349869451697128
3,4,743,146,0.19650067294751009
4,5,734,75,0.10217983651226158
5,6,763,279,0.3656618610747051
6,7,755,66,0.08741721854304636
7,8,707,60,0.08486562942008487
8,9,687,141,0.2052401746724891
9,10,683,197,0.2884333821376281
