class_index,gesture_id,support,correct,accuracy
0,1,790,334,0.42278481012658226
1,2,693,56,0.08080808080808081
2,3,766,195,0.2545691906005222
3,4,743,100,0.13458950201884254
4,5,735,210,0.2857142857142857
5,6,763,94,0.12319790301441677
6,7,754,435,0.5769230769230769
7,8,707,192,0.27157001414427157
8,9,687,229,0.3333333333333333
9,10,683,189,0.2767203513909224
