{
  "noise_type": "wgn",
  "noise_level": 20.0,
  "denoise_method": "kalman",
  "window": {
    "loss": 2.1873907868677502,
    "accuracy": 0.22169102581614533,
    "macro_f1": 0.19998509590098995,
    "num_windows": 7321
  },
  "repetition": {
    "accuracy": 0.29444444444444445,
    "macro_f1": 0.22558233919051812,
    "num_repetitions": 180
  }
}