class_index,gesture_id,support,correct,accuracy
0,1,790,224,0.28354430379746837
1,2,692,266,0.38439306358381503
2,3,766,111,0.14490861618798956
3,4,743,41,0.05518169582772544
4,5,735,111,0.1510204081632653
5,6,763,110,0.14416775884665792
6,7,755,482,0.6384105960264901
7,8,707,56,0.07920792079207921
8,9,687,131,0.19068413391557495
9,10,683,91,0.13323572474377746
