{
  "noise_type": "wgn",
  "noise_level": -5.0,
  "denoise_method": "pca",
  "window": {
    "loss": 3.4245813812788835,
    "accuracy": 0.14203769461895657,
    "macro_f1": 0.11472318318757295,
    "num_windows": 7322
  },
  "repetition": {
    "accuracy": 0.12222222222222222,
    "macro_f1": 0.04796844181459566,
    "num_repetitions": 180
  }
}