class_index,gesture_id,support,correct,accuracy
0,1,791,129,0.16308470290771176
1,2,692,43,0.06213872832369942
2,3,766,44,0.057441253263707574
3,4,743,89,0.11978465679676985
4,5,735,11,0.014965986394557823
5,6,763,116,0.15203145478374835
6,7,754,14,0.01856763925729443
7,8,707,15,0.021216407355021217
8,9,688,217,0.31540697674418605
9,10,683,362,0.5300146412884333
