class_index,gesture_id,support,correct,accuracy
0,1,791,137,0.1731984829329962
1,2,692,289,0.41763005780346824
2,3,766,87,0.11357702349869452
3,4,743,92,0.12382234185733512
4,5,735,90,0.12244897959183673
5,6,763,235,0.30799475753604194
6,7,755,318,0.42119205298013246
7,8,706,33,0.046742209631728045
8,9,688,267,0.38808139534883723
9,10,683,79,0.11566617862371889
