class_index,gesture_id,support,correct,accuracy
0,1,791,27,0.03413400758533502
1,2,692,32,0.046242774566473986
2,3,766,44,0.057441253263707574
3,4,743,83,0.1117092866756393
4,5,735,49,0.06666666666666667
5,6,763,255,0.33420707732634336
6,7,755,2,0.0026490066225165563
7,8,706,3,0.00424929178470255
8,9,688,223,0.3241279069767442
9,10,683,499,0.7306002928257687
