{
  "noise_type": "hum",
  "noise_level": 1.0,
  "denoise_method": "none",
  "window": {
    "loss": 1.3481382325183757,
    "accuracy": 0.5394071848108182,
    "macro_f1": 0.5367382589207141,
    "num_windows": 7321
  },
  "repetition": {
    "accuracy": 0.9666666666666667,
    "macro_f1": 0.9666029142809329,
    "num_repetitions": 180
  }
}