class_index,gesture_id,support,correct,accuracy
0,1,790,335,0.4240506329113924
1,2,692,301,0.434971098265896
2,3,766,424,0.5535248041775457
3,4,743,447,0.6016150740242261
4,5,735,452,0.6149659863945578
5,6,763,487,0.6382699868938401
6,7,755,438,0.5801324503311258
7,8,707,464,0.6562942008486563
8,9,687,334,0.4861717612809316
9,10,683,267,0.39092240117130306
