class_index,gesture_id,support,correct,accuracy
0,1,791,317,0.40075853350189633
1,2,692,199,0.2875722543352601
2,3,766,390,0.5091383812010444
3,4,743,116,0.15612382234185734
4,5,735,136,0.18503401360544217
5,6,763,229,0.30013106159895153
6,7,754,303,0.40185676392572944
7,8,707,128,0.18104667609618105
8,9,688,461,0.6700581395348837
9,10,683,396,0.5797950219619327
