{
  "noise_type": "wgn",
  "noise_level": 10.0,
  "denoise_method": "wavelet",
  "window": {
    "loss": 2.2256339144361568,
    "accuracy": 0.2149685878175362,
    "macro_f1": 0.20000660594543257,
    "num_windows": 7322
  },
  "repetition": {
    "accuracy": 0.35555555555555557,
    "macro_f1": 0.30885436687069767,
    "num_repetitions": 180
  }
}