class_index,gesture_id,support,correct,accuracy
0,1,791,169,0.213653603034134
1,2,692,126,0.18208092485549132
2,3,766,37,0.048302872062663184
3,4,743,42,0.05652759084791386
4,5,735,184,0.2503401360544218
5,6,763,141,0.18479685452162517
6,7,754,360,0.47745358090185674
7,8,707,46,0.06506364922206506
8,9,688,234,0.34011627906976744
9,10,683,235,0.3440702781844802
