class_index,gesture_id,support,correct,accuracy
0,1,790,221,0.27974683544303797
1,2,693,236,0.34054834054834054
2,3,766,62,0.08093994778067885
3,4,743,60,0.08075370121130551
4,5,734,159,0.21662125340599456
5,6,763,101,0.13237221494102228
6,7,755,580,0.7682119205298014
7,8,707,87,0.12305516265912306
8,9,687,206,0.29985443959243085
9,10,683,46,0.06734992679355783
