class_index,gesture_id,support,correct,accuracy
0,1,791,177,0.22376738305941846
1,2,692,139,0.20086705202312138
2,3,766,25,0.03263707571801567
3,4,743,36,0.04845222072678331
4,5,735,171,0.23265306122448978
5,6,763,149,0.19528178243774574
6,7,754,430,0.5702917771883289
7,8,707,28,0.039603960396039604
8,9,688,190,0.2761627906976744
9,10,683,169,0.24743777452415813
