class_index,gesture_id,support,correct,accuracy
0,1,18,0,0.0
1,2,18,0,0.0
2,3,18,0,0.0
3,4,18,3,0.16666666666666666
4,5,18,1,0.05555555555555555
5,6,18,18,1.0
6,7,18,0,0.0
7,8,18,9,0.5
8,9,18,11,0.6111111111111112
9,10,18,11,0.6111111111111112
