class_index,gesture_id,support,correct,accuracy
0,1,790,77,0.09746835443037975
1,2,693,58,0.0836940836940837
2,3,766,65,0.08485639686684072
3,4,743,152,0.20457604306864063
4,5,734,131,0.1784741144414169
5,6,763,544,0.7129750982961992
6,7,755,69,0.0913907284768212
7,8,707,229,0.32390381895332393
8,9,687,313,0.4556040756914119
9,10,683,204,0.2986822840409956
