class_index,gesture_id,support,correct,accuracy
0,1,790,316,0.4
1,2,693,277,0.3997113997113997
2,3,766,524,0.6840731070496083
3,4,743,408,0.5491251682368775
4,5,734,548,0.7465940054495913
5,6,763,467,0.6120576671035387
6,7,755,557,0.7377483443708609
7,8,707,436,0.6166902404526167
8,9,687,430,0.6259097525473072
9,10,683,410,0.6002928257686676
