{
  "noise_type": "pink",
  "noise_level": -5.0,
  "denoise_method": "none",
  "window": {
    "loss": 4.512769363057382,
    "accuracy": 0.14709095875443867,
    "macro_f1": 0.10923426884632181,
    "num_windows": 7322
  },
  "repetition": {
    "accuracy": 0.1111111111111111,
    "macro_f1": 0.03780701754385964,
    "num_repetitions": 180
  }
}