class_index,gesture_id,support,correct,accuracy
0,1,791,46,0.05815423514538559
1,2,692,50,0.07225433526011561
2,3,766,34,0.044386422976501305
3,4,743,73,0.09825033647375504
4,5,735,29,0.03945578231292517
5,6,763,157,0.20576671035386632
6,7,754,2,0.002652519893899204
7,8,707,0,0.0
8,9,688,138,0.2005813953488372
9,10,683,548,0.8023426061493412
