class_index,gesture_id,support,correct,accuracy
0,1,791,437,0.5524652338811631
1,2,692,269,0.38872832369942195
2,3,766,396,0.5169712793733682
3,4,743,345,0.46433378196500674
4,5,735,367,0.4993197278911565
5,6,763,319,0.418086500655308
6,7,754,416,0.5517241379310345
7,8,707,304,0.42998585572843
8,9,688,504,0.7325581395348837
9,10,683,514,0.7525622254758418
