class_index,gesture_id,support,correct,accuracy
0,1,791,376,0.47534766118836913
1,2,692,313,0.4523121387283237
2,3,766,484,0.6318537859007833
3,4,743,424,0.5706594885598923
4,5,735,313,0.42585034013605444
5,6,763,386,0.5058977719528178
6,7,755,382,0.5059602649006623
7,8,706,420,0.5949008498583569
8,9,688,490,0.7122093023255814
9,10,683,420,0.6149341142020498
