{
  "noise_type": "hum",
  "noise_level": 1.0,
  "denoise_method": "notch",
  "window": {
    "loss": 1.276993936861234,
    "accuracy": 0.5846195874880481,
    "macro_f1": 0.5841506336633461,
    "num_windows": 7321
  },
  "repetition": {
    "accuracy": 0.9944444444444445,
    "macro_f1": 0.9944401544401545,
    "num_repetitions": 180
  }
}