class_index,gesture_id,support,correct,accuracy
0,1,790,402,0.5088607594936709
1,2,692,307,0.4436416184971098
2,3,766,479,0.6253263707571801
3,4,743,414,0.5572005383580081
4,5,735,457,0.6217687074829932
5,6,763,470,0.6159895150720839
6,7,755,497,0.6582781456953642
7,8,707,463,0.6548797736916548
8,9,687,398,0.5793304221251819
9,10,683,393,0.575402635431918
