{
  "noise_type": "wgn",
  "noise_level": 10.0,
  "denoise_method": "pca",
  "window": {
    "loss": 1.8151904941419212,
    "accuracy": 0.375717017208413,
    "macro_f1": 0.36499609228869434,
    "num_windows": 7322
  },
  "repetition": {
    "accuracy": 0.7333333333333333,
    "macro_f1": 0.7240376315477736,
    "num_repetitions": 180
  }
}