class_index,gesture_id,support,correct,accuracy
0,1,791,257,0.324905183312263
1,2,692,240,0.3468208092485549
2,3,766,453,0.5913838120104439
3,4,743,213,0.28667563930013457
4,5,735,83,0.11292517006802721
5,6,763,295,0.38663171690694625
6,7,755,206,0.2728476821192053
7,8,706,165,0.23371104815864022
8,9,688,498,0.7238372093023255
9,10,683,341,0.4992679355783309
