{
  "noise_type": "motion",
  "noise_level": 0.3,
  "denoise_method": "notch",
  "window": {
    "loss": 1.3394207691107434,
    "accuracy": 0.5615353093839639,
    "macro_f1": 0.559306323464994,
    "num_windows": 7321
  },
  "repetition": {
    "accuracy": 1.0,
    "macro_f1": 1.0,
    "num_repetitions": 180
  }
}