class_index,gesture_id,support,correct,accuracy
0,1,790,340,0.43037974683544306
1,2,693,262,0.37806637806637805
2,3,766,525,0.685378590078329
3,4,743,325,0.43741588156123823
4,5,735,393,0.5346938775510204
5,6,763,345,0.4521625163826999
6,7,754,525,0.6962864721485411
7,8,707,441,0.6237623762376238
8,9,687,468,0.6812227074235808
9,10,683,487,0.7130307467057101
