class_index,gesture_id,support,correct,accuracy
0,1,790,133,0.16835443037974684
1,2,693,122,0.17604617604617603
2,3,766,383,0.5
3,4,743,243,0.32705248990578734
4,5,734,170,0.23160762942779292
5,6,763,339,0.4442988204456094
6,7,755,192,0.2543046357615894
7,8,707,190,0.26874115983026875
8,9,687,353,0.5138282387190685
9,10,683,362,0.5300146412884333
