class_index,gesture_id,support,correct,accuracy
0,1,790,106,0.1341772151898734
1,2,693,21,0.030303030303030304
2,3,766,108,0.1409921671018277
3,4,743,99,0.13324360699865412
4,5,735,107,0.145578231292517
5,6,763,227,0.29750982961992134
6,7,754,96,0.1273209549071618
7,8,707,328,0.4639321074964639
8,9,687,294,0.4279475982532751
9,10,683,480,0.7027818448023426
