class_index,gesture_id,support,correct,accuracy
0,1,18,11,0.6111111111111112
1,2,18,3,0.16666666666666666
2,3,18,1,0.05555555555555555
3,4,18,1,0.05555555555555555
4,5,18,7,0.3888888888888889
5,6,18,6,0.3333333333333333
6,7,18,14,0.7777777777777778
7,8,18,1,0.05555555555555555
8,9,18,13,0.7222222222222222
9,10,18,7,0.3888888888888889
