class_index,gesture_id,support,correct,accuracy
0,1,791,226,0.2857142857142857
1,2,692,160,0.23121387283236994
2,3,766,77,0.10052219321148825
3,4,743,47,0.063257065948856
4,5,735,142,0.19319727891156463
5,6,763,84,0.11009174311926606
6,7,754,439,0.5822281167108754
7,8,707,59,0.08345120226308345
8,9,688,288,0.4186046511627907
9,10,683,175,0.2562225475841874
