class_index,gesture_id,support,correct,accuracy
0,1,790,223,0.28227848101265823
1,2,692,258,0.37283236994219654
2,3,766,114,0.14882506527415143
3,4,743,69,0.09286675639300135
4,5,735,115,0.1564625850340136
5,6,763,129,0.1690694626474443
6,7,755,472,0.6251655629139072
7,8,707,83,0.1173974540311174
8,9,687,137,0.19941775836972345
9,10,683,109,0.1595900439238653
