class_index,gesture_id,support,correct,accuracy
0,1,790,211,0.2670886075949367
1,2,693,133,0.1919191919191919
2,3,766,255,0.3328981723237598
3,4,743,226,0.3041722745625841
4,5,735,164,0.22312925170068026
5,6,763,240,0.3145478374836173
6,7,754,117,0.15517241379310345
7,8,707,168,0.2376237623762376
8,9,687,303,0.4410480349344978
9,10,683,408,0.5973645680819912
