class_index,gesture_id,support,correct,accuracy
0,1,791,487,0.6156763590391909
1,2,692,294,0.42485549132947975
2,3,766,426,0.556135770234987
3,4,743,357,0.48048452220726784
4,5,735,420,0.5714285714285714
5,6,763,340,0.4456094364351245
6,7,754,516,0.6843501326259946
7,8,707,332,0.4695898161244696
8,9,688,485,0.7049418604651163
9,10,683,486,0.7115666178623719
