{
  "noise_type": "spikes",
  "noise_level": 0.1,
  "denoise_method": "notch",
  "window": {
    "loss": 1.2548763754100458,
    "accuracy": 0.5977325501980604,
    "macro_f1": 0.5984242597784474,
    "num_windows": 7321
  },
  "repetition": {
    "accuracy": 0.9944444444444445,
    "macro_f1": 0.9944401544401545,
    "num_repetitions": 180
  }
}