class_index,gesture_id,support,correct,accuracy
0,1,790,449,0.5683544303797469
1,2,692,318,0.4595375722543353
2,3,766,477,0.6227154046997389
3,4,743,404,0.5437415881561238
4,5,735,426,0.5795918367346938
5,6,763,419,0.5491480996068152
6,7,755,526,0.6966887417218544
7,8,707,441,0.6237623762376238
8,9,687,444,0.6462882096069869
9,10,683,472,0.6910688140556369
