{
  "noise_type": "motion",
  "noise_level": 0.3,
  "denoise_method": "wavelet",
  "window": {
    "loss": 2.1742195557519017,
    "accuracy": 0.23709369024856597,
    "macro_f1": 0.22506251905930896,
    "num_windows": 7322
  },
  "repetition": {
    "accuracy": 0.36666666666666664,
    "macro_f1": 0.30800600580871745,
    "num_repetitions": 180
  }
}