class_index,gesture_id,support,correct,accuracy
0,1,18,9,0.5
1,2,18,12,0.6666666666666666
2,3,18,0,0.0
3,4,18,5,0.2777777777777778
4,5,18,1,0.05555555555555555
5,6,18,14,0.7777777777777778
6,7,18,7,0.3888888888888889
7,8,18,0,0.0
8,9,18,16,0.8888888888888888
9,10,18,2,0.1111111111111111
