class_index,gesture_id,support,correct,accuracy
0,1,791,165,0.20859671302149177
1,2,692,226,0.3265895953757225
2,3,766,96,0.12532637075718014
3,4,743,108,0.14535666218034993
4,5,735,112,0.1523809523809524
5,6,763,238,0.3119266055045872
6,7,755,276,0.3655629139072848
7,8,706,38,0.053824362606232294
8,9,688,340,0.4941860465116279
9,10,683,137,0.2005856515373353
