class_index,gesture_id,support,correct,accuracy
0,1,790,52,0.06582278481012659
1,2,693,80,0.11544011544011544
2,3,766,125,0.16318537859007834
3,4,743,147,0.19784656796769853
4,5,734,112,0.15258855585831063
5,6,763,504,0.6605504587155964
6,7,755,53,0.07019867549668875
7,8,707,243,0.3437057991513437
8,9,687,171,0.24890829694323144
9,10,683,202,0.2957540263543192
