class_index,gesture_id,support,correct,accuracy
0,1,790,69,0.08734177215189873
1,2,692,10,0.014450867052023121
2,3,766,17,0.022193211488250653
3,4,743,36,0.04845222072678331
4,5,735,0,0.0
5,6,763,335,0.43905635648754915
6,7,755,8,0.010596026490066225
7,8,707,52,0.07355021216407355
8,9,687,189,0.27510917030567683
9,10,683,505,0.739385065885798
