class_index,gesture_id,support,correct,accuracy
0,1,790,389,0.49240506329113926
1,2,693,303,0.43722943722943725
2,3,766,540,0.7049608355091384
3,4,743,337,0.4535666218034993
4,5,735,451,0.6136054421768707
5,6,763,351,0.4600262123197903
6,7,754,582,0.7718832891246684
7,8,707,449,0.635077793493635
8,9,687,479,0.6972343522561864
9,10,683,480,0.7027818448023426
