class_index,gesture_id,support,correct,accuracy
0,1,790,262,0.33164556962025316
1,2,693,210,0.30303030303030304
2,3,766,517,0.674934725848564
3,4,743,215,0.28936742934051146
4,5,734,320,0.4359673024523161
5,6,763,356,0.46657929226736566
6,7,755,363,0.48079470198675495
7,8,707,249,0.3521923620933522
8,9,687,401,0.5836972343522562
9,10,683,381,0.5578330893118595
