{
  "noise_type": "hum",
  "noise_level": 0.3,
  "denoise_method": "notch",
  "window": {
    "loss": 1.2690391042980786,
    "accuracy": 0.5822179732313576,
    "macro_f1": 0.5831224121295746,
    "num_windows": 7322
  },
  "repetition": {
    "accuracy": 0.9944444444444445,
    "macro_f1": 0.9944401544401543,
    "num_repetitions": 180
  }
}