class_index,gesture_id,support,correct,accuracy
0,1,791,502,0.6346396965865992
1,2,692,324,0.4682080924855491
2,3,766,427,0.5574412532637075
3,4,743,350,0.47106325706594887
4,5,735,464,0.6312925170068027
5,6,763,349,0.45740498034076016
6,7,754,561,0.7440318302387268
7,8,707,340,0.4809052333804809
8,9,688,480,0.6976744186046512
9,10,683,466,0.6822840409956076
