class_index,gesture_id,support,correct,accuracy
0,1,790,33,0.04177215189873418
1,2,693,31,0.044733044733044736
2,3,766,74,0.09660574412532637
3,4,743,18,0.024226110363391656
4,5,735,39,0.053061224489795916
5,6,763,189,0.24770642201834864
6,7,754,4,0.005305039787798408
7,8,707,44,0.06223479490806223
8,9,687,144,0.2096069868995633
9,10,683,400,0.5856515373352855
