{
  "noise_type": "wgn",
  "noise_level": 10.0,
  "denoise_method": "pca",
  "window": {
    "loss": 1.873074110203576,
    "accuracy": 0.34689975416552854,
    "macro_f1": 0.33457416835342463,
    "num_windows": 7322
  },
  "repetition": {
    "accuracy": 0.5555555555555556,
    "macro_f1": 0.5396319296033638,
    "num_repetitions": 180
  }
}