class_index,gesture_id,support,correct,accuracy
0,1,791,272,0.3438685208596713
1,2,692,174,0.2514450867052023
2,3,766,360,0.4699738903394256
3,4,743,116,0.15612382234185734
4,5,735,109,0.14829931972789115
5,6,763,230,0.30144167758846657
6,7,754,249,0.3302387267904509
7,8,707,129,0.18246110325318246
8,9,688,482,0.7005813953488372
9,10,683,419,0.6134699853587116
