{
  "noise_type": "spikes",
  "noise_level": 0.6,
  "denoise_method": "wavelet",
  "window": {
    "loss": 2.078065173708339,
    "accuracy": 0.2659472749624368,
    "macro_f1": 0.2530151711090931,
    "num_windows": 7321
  },
  "repetition": {
    "accuracy": 0.5666666666666667,
    "macro_f1": 0.5471489859725154,
    "num_repetitions": 180
  }
}