class_index,gesture_id,support,correct,accuracy
0,1,790,194,0.24556962025316456
1,2,693,153,0.22077922077922077
2,3,766,54,0.07049608355091384
3,4,743,104,0.13997308209959622
4,5,734,211,0.28746594005449594
5,6,763,245,0.3211009174311927
6,7,755,375,0.4966887417218543
7,8,707,202,0.2857142857142857
8,9,687,312,0.45414847161572053
9,10,683,97,0.14202049780380674
