class_index,gesture_id,support,correct,accuracy
0,1,790,452,0.5721518987341773
1,2,692,318,0.4595375722543353
2,3,766,483,0.6305483028720626
3,4,743,412,0.5545087483176312
4,5,735,426,0.5795918367346938
5,6,763,422,0.5530799475753604
6,7,755,525,0.695364238410596
7,8,707,457,0.6463932107496464
8,9,687,443,0.6448326055312955
9,10,683,471,0.6896046852122987
