{
  "noise_type": "motion",
  "noise_level": 0.3,
  "denoise_method": "none",
  "window": {
    "loss": 1.318732371310073,
    "accuracy": 0.5656924337612674,
    "macro_f1": 0.5669020930696519,
    "num_windows": 7322
  },
  "repetition": {
    "accuracy": 1.0,
    "macro_f1": 1.0,
    "num_repetitions": 180
  }
}