class_index,gesture_id,support,correct,accuracy
0,1,791,383,0.48419721871049304
1,2,692,345,0.4985549132947977
2,3,766,485,0.6331592689295039
3,4,743,431,0.5800807537012113
4,5,735,342,0.46530612244897956
5,6,763,394,0.5163826998689384
6,7,755,416,0.5509933774834437
7,8,706,436,0.6175637393767706
8,9,688,494,0.7180232558139535
9,10,683,416,0.6090775988286969
