class_index,gesture_id,support,correct,accuracy
0,1,791,492,0.6219974715549936
1,2,692,320,0.4624277456647399
2,3,766,430,0.5613577023498695
3,4,743,352,0.4737550471063257
4,5,735,457,0.6217687074829932
5,6,763,341,0.44692005242463956
6,7,754,561,0.7440318302387268
7,8,707,332,0.4695898161244696
8,9,688,484,0.7034883720930233
9,10,683,480,0.7027818448023426
