class_index,gesture_id,support,correct,accuracy
0,1,791,310,0.3919089759797724
1,2,692,229,0.3309248554913295
2,3,766,382,0.49869451697127937
3,4,743,356,0.4791386271870794
4,5,735,222,0.3020408163265306
5,6,763,320,0.41939711664482304
6,7,755,208,0.27549668874172184
7,8,706,302,0.42776203966005666
8,9,688,441,0.6409883720930233
9,10,683,424,0.6207906295754027
