class_index,gesture_id,support,correct,accuracy
0,1,791,184,0.23261694058154236
1,2,692,160,0.23121387283236994
2,3,766,366,0.47780678851174935
3,4,743,184,0.24764468371467024
4,5,735,49,0.06666666666666667
5,6,763,272,0.3564875491480996
6,7,755,105,0.1390728476821192
7,8,706,111,0.15722379603399433
8,9,688,439,0.6380813953488372
9,10,683,351,0.513909224011713
