class_index,gesture_id,support,correct,accuracy
0,1,790,250,0.31645569620253167
1,2,693,142,0.2049062049062049
2,3,766,487,0.6357702349869452
3,4,743,105,0.14131897711978467
4,5,735,133,0.18095238095238095
5,6,763,200,0.2621231979030144
6,7,754,353,0.46816976127320953
7,8,707,223,0.31541725601131543
8,9,687,411,0.5982532751091703
9,10,683,430,0.6295754026354319
