{
  "noise_type": "wgn",
  "noise_level": 0.0,
  "denoise_method": "kalman",
  "window": {
    "loss": 2.305802095069875,
    "accuracy": 0.22930893198579624,
    "macro_f1": 0.21672236378981147,
    "num_windows": 7322
  },
  "repetition": {
    "accuracy": 0.21666666666666667,
    "macro_f1": 0.15462932163795715,
    "num_repetitions": 180
  }
}