class_index,gesture_id,support,correct,accuracy
0,1,18,4,0.2222222222222222
1,2,18,0,0.0
2,3,18,0,0.0
3,4,18,0,0.0
4,5,18,1,0.05555555555555555
5,6,18,2,0.1111111111111111
6,7,18,3,0.16666666666666666
7,8,18,0,0.0
8,9,18,13,0.7222222222222222
9,10,18,16,0.8888888888888888
