class_index,gesture_id,support,correct,accuracy
0,1,791,144,0.1820480404551201
1,2,692,102,0.14739884393063585
2,3,766,60,0.0783289817232376
3,4,743,56,0.07537012113055182
4,5,735,121,0.16462585034013605
5,6,763,166,0.21756225425950196
6,7,754,198,0.2625994694960212
7,8,707,50,0.07072135785007072
8,9,688,377,0.5479651162790697
9,10,683,405,0.5929721815519766
