{
  "noise_type": "hum",
  "noise_level": 0.3,
  "denoise_method": "pca",
  "window": {
    "loss": 1.7383604857870152,
    "accuracy": 0.41327506145861787,
    "macro_f1": 0.4058599864835669,
    "num_windows": 7322
  },
  "repetition": {
    "accuracy": 0.8555555555555555,
    "macro_f1": 0.8538100199178297,
    "num_repetitions": 180
  }
}