class_index,gesture_id,support,correct,accuracy
0,1,791,274,0.3463969658659924
1,2,692,291,0.42052023121387283
2,3,766,490,0.639686684073107
3,4,743,225,0.3028263795423957
4,5,735,133,0.18095238095238095
5,6,763,312,0.4089121887287025
6,7,755,263,0.3483443708609272
7,8,706,193,0.273371104815864
8,9,688,505,0.7340116279069767
9,10,683,340,0.4978038067349927
