{
  "noise_type": "hum",
  "noise_level": 0.1,
  "denoise_method": "pca",
  "window": {
    "loss": 1.7894011911774672,
    "accuracy": 0.3901106406228657,
    "macro_f1": 0.3832487606077638,
    "num_windows": 7321
  },
  "repetition": {
    "accuracy": 0.7166666666666667,
    "macro_f1": 0.7252388892260094,
    "num_repetitions": 180
  }
}