class_index,gesture_id,support,correct,accuracy
0,1,790,346,0.4379746835443038
1,2,692,172,0.24855491329479767
2,3,766,400,0.5221932114882507
3,4,743,193,0.2597577388963661
4,5,735,138,0.18775510204081633
5,6,763,330,0.4325032765399738
6,7,755,231,0.30596026490066225
7,8,707,229,0.32390381895332393
8,9,687,377,0.5487627365356623
9,10,683,440,0.6442166910688141
