class_index,gesture_id,support,correct,accuracy
0,1,790,151,0.1911392405063291
1,2,693,153,0.22077922077922077
2,3,766,290,0.3785900783289817
3,4,743,295,0.39703903095558546
4,5,734,238,0.3242506811989101
5,6,763,370,0.4849279161205767
6,7,755,157,0.20794701986754968
7,8,707,190,0.26874115983026875
8,9,687,209,0.3042212518195051
9,10,683,253,0.37042459736456806
