{
  "noise_type": "spikes",
  "noise_level": 0.3,
  "denoise_method": "notch",
  "window": {
    "loss": 1.281148463532404,
    "accuracy": 0.5959568364977462,
    "macro_f1": 0.5929466180196689,
    "num_windows": 7321
  },
  "repetition": {
    "accuracy": 0.9944444444444445,
    "macro_f1": 0.9944401544401543,
    "num_repetitions": 180
  }
}