class_index,gesture_id,support,correct,accuracy
0,1,790,392,0.4962025316455696
1,2,693,307,0.443001443001443
2,3,766,542,0.7075718015665796
3,4,743,327,0.44010767160161507
4,5,735,442,0.601360544217687
5,6,763,350,0.45871559633027525
6,7,754,590,0.7824933687002652
7,8,707,447,0.6322489391796322
8,9,687,486,0.7074235807860262
9,10,683,480,0.7027818448023426
