class_index,gesture_id,support,correct,accuracy
0,1,18,9,0.5
1,2,18,11,0.6111111111111112
2,3,18,0,0.0
3,4,18,7,0.3888888888888889
4,5,18,0,0.0
5,6,18,10,0.5555555555555556
6,7,18,8,0.4444444444444444
7,8,18,0,0.0
8,9,18,18,1.0
9,10,18,7,0.3888888888888889
