class_index,gesture_id,support,correct,accuracy
0,1,791,216,0.27307206068268014
1,2,692,164,0.23699421965317918
2,3,766,134,0.17493472584856398
3,4,743,129,0.17362045760430686
4,5,735,78,0.10612244897959183
5,6,763,218,0.2857142857142857
6,7,755,226,0.2993377483443709
7,8,706,78,0.11048158640226628
8,9,688,360,0.5232558139534884
9,10,683,203,0.2972181551976574
