class_index,gesture_id,support,correct,accuracy
0,1,790,44,0.05569620253164557
1,2,693,9,0.012987012987012988
2,3,766,40,0.05221932114882506
3,4,743,58,0.07806191117092867
4,5,735,55,0.07482993197278912
5,6,763,323,0.4233289646133683
6,7,754,11,0.014588859416445624
7,8,707,179,0.2531824611032532
8,9,687,198,0.28820960698689957
9,10,683,461,0.6749633967789166
