class_index,gesture_id,support,correct,accuracy
0,1,791,158,0.1997471554993679
1,2,692,332,0.4797687861271676
2,3,766,134,0.17493472584856398
3,4,743,78,0.10497981157469717
4,5,735,69,0.09387755102040816
5,6,763,128,0.16775884665792923
6,7,755,396,0.5245033112582781
7,8,706,64,0.0906515580736544
8,9,688,237,0.3444767441860465
9,10,683,39,0.05710102489019034
