{
  "best_epoch": 56,
  "best_val_macro_f1": 0.7936192666588314,
  "val": {
    "loss": 0.8622869513795367,
    "accuracy": 0.7946748591909882,
    "macro_f1": 0.7936192666588314
  },
  "test": {
    "loss": 0.9261990620308563,
    "accuracy": 0.759453781512605,
    "macro_f1": 0.7587183448459194
  }
}