class_index,gesture_id,support,correct,accuracy
0,1,791,187,0.23640960809102401
1,2,692,152,0.21965317919075145
2,3,766,21,0.02741514360313316
3,4,743,41,0.05518169582772544
4,5,735,181,0.24625850340136055
5,6,763,142,0.18610747051114024
6,7,754,435,0.5769230769230769
7,8,707,28,0.039603960396039604
8,9,688,198,0.2877906976744186
9,10,683,177,0.2591508052708638
