class_index,gesture_id,support,correct,accuracy
0,1,18,11,0.6111111111111112
1,2,18,4,0.2222222222222222
2,3,18,2,0.1111111111111111
3,4,18,0,0.0
4,5,18,9,0.5
5,6,18,7,0.3888888888888889
6,7,18,16,0.8888888888888888
7,8,18,0,0.0
8,9,18,12,0.6666666666666666
9,10,18,6,0.3333333333333333
