class_index,gesture_id,support,correct,accuracy
0,1,791,230,0.29077117572692796
1,2,692,166,0.2398843930635838
2,3,766,68,0.08877284595300261
3,4,743,51,0.06864064602960969
4,5,735,146,0.19863945578231293
5,6,763,73,0.09567496723460026
6,7,754,477,0.6326259946949602
7,8,707,47,0.06647807637906648
8,9,688,245,0.3561046511627907
9,10,683,151,0.22108345534407028
