class_index,gesture_id,support,correct,accuracy
0,1,790,75,0.0949367088607595
1,2,693,51,0.0735930735930736
2,3,766,164,0.21409921671018275
3,4,743,54,0.07267833109017496
4,5,735,40,0.05442176870748299
5,6,763,186,0.2437745740498034
6,7,754,53,0.07029177718832891
7,8,707,143,0.20226308345120225
8,9,687,264,0.38427947598253276
9,10,683,466,0.6822840409956076
