class_index,gesture_id,support,correct,accuracy
0,1,18,10,0.5555555555555556
1,2,18,0,0.0
2,3,18,0,0.0
3,4,18,0,0.0
4,5,18,3,0.16666666666666666
5,6,18,2,0.1111111111111111
6,7,18,11,0.6111111111111112
7,8,18,0,0.0
8,9,18,18,1.0
9,10,18,14,0.7777777777777778
