class_index,gesture_id,support,correct,accuracy
0,1,791,203,0.25663716814159293
1,2,692,126,0.18208092485549132
2,3,766,92,0.12010443864229765
3,4,743,58,0.07806191117092867
4,5,735,167,0.2272108843537415
5,6,763,112,0.14678899082568808
6,7,754,302,0.4005305039787798
7,8,707,56,0.07920792079207921
8,9,688,354,0.5145348837209303
9,10,683,300,0.43923865300146414
