class_index,gesture_id,support,correct,accuracy
0,1,791,206,0.2604298356510746
1,2,692,79,0.11416184971098266
2,3,766,77,0.10052219321148825
3,4,743,154,0.2072678331090175
4,5,735,45,0.061224489795918366
5,6,763,127,0.16644823066841416
6,7,754,19,0.025198938992042442
7,8,707,17,0.024045261669024046
8,9,688,244,0.3546511627906977
9,10,683,390,0.5710102489019033
