{
  "noise_type": "wgn",
  "noise_level": 10.0,
  "denoise_method": "wavelet",
  "window": {
    "loss": 2.169366330922,
    "accuracy": 0.23576014205709603,
    "macro_f1": 0.22562471910617057,
    "num_windows": 7321
  },
  "repetition": {
    "accuracy": 0.45,
    "macro_f1": 0.4318004785636365,
    "num_repetitions": 180
  }
}