class_index,gesture_id,support,correct,accuracy
0,1,18,10,0.5555555555555556
1,2,18,9,0.5
2,3,18,3,0.16666666666666666
3,4,18,4,0.2222222222222222
4,5,18,1,0.05555555555555555
5,6,18,11,0.6111111111111112
6,7,18,14,0.7777777777777778
7,8,18,7,0.3888888888888889
8,9,18,11,0.6111111111111112
9,10,18,11,0.6111111111111112
