class_index,gesture_id,support,correct,accuracy
0,1,790,186,0.23544303797468355
1,2,692,225,0.32514450867052025
2,3,766,88,0.11488250652741515
3,4,743,76,0.10228802153432032
4,5,735,111,0.1510204081632653
5,6,763,181,0.23722149410222804
6,7,755,379,0.5019867549668874
7,8,707,99,0.14002828854314003
8,9,687,183,0.2663755458515284
9,10,683,198,0.28989751098096633
