class_index,gesture_id,support,correct,accuracy
0,1,18,12,0.6666666666666666
1,2,18,12,0.6666666666666666
2,3,18,4,0.2222222222222222
3,4,18,7,0.3888888888888889
4,5,18,0,0.0
5,6,18,12,0.6666666666666666
6,7,18,9,0.5
7,8,18,3,0.16666666666666666
8,9,18,18,1.0
9,10,18,3,0.16666666666666666
