class_index,gesture_id,support,correct,accuracy
0,1,791,203,0.25663716814159293
1,2,692,209,0.3020231213872832
2,3,766,169,0.2206266318537859
3,4,743,138,0.1857335127860027
4,5,735,83,0.11292517006802721
5,6,763,207,0.2712975098296199
6,7,755,296,0.3920529801324503
7,8,706,112,0.15864022662889518
8,9,688,392,0.5697674418604651
9,10,683,150,0.21961932650073207
