class_index,gesture_id,support,correct,accuracy
0,1,790,447,0.5658227848101266
1,2,693,39,0.05627705627705628
2,3,766,130,0.16971279373368145
3,4,743,69,0.09286675639300135
4,5,735,202,0.2748299319727891
5,6,763,82,0.10747051114023591
6,7,754,489,0.6485411140583555
7,8,707,112,0.15841584158415842
8,9,687,226,0.3289665211062591
9,10,683,111,0.16251830161054173
