class_index,gesture_id,support,correct,accuracy
0,1,790,340,0.43037974683544306
1,2,692,161,0.23265895953757226
2,3,766,389,0.5078328981723238
3,4,743,179,0.24091520861372812
4,5,735,127,0.1727891156462585
5,6,763,315,0.41284403669724773
6,7,755,225,0.2980132450331126
7,8,707,221,0.3125884016973126
8,9,687,384,0.5589519650655022
9,10,683,445,0.6515373352855052
