class_index,gesture_id,support,correct,accuracy
0,1,18,6,0.3333333333333333
1,2,18,0,0.0
2,3,18,15,0.8333333333333334
3,4,18,14,0.7777777777777778
4,5,18,0,0.0
5,6,18,6,0.3333333333333333
6,7,18,0,0.0
7,8,18,14,0.7777777777777778
8,9,18,16,0.8888888888888888
9,10,18,18,1.0
