class_index,gesture_id,support,correct,accuracy
0,1,790,230,0.2911392405063291
1,2,692,89,0.12861271676300579
2,3,766,278,0.3629242819843342
3,4,743,200,0.2691790040376851
4,5,735,34,0.04625850340136054
5,6,763,239,0.3132372214941022
6,7,755,79,0.10463576158940398
7,8,707,252,0.3564356435643564
8,9,687,340,0.4949053857350801
9,10,683,443,0.6486090775988287
