class_index,gesture_id,support,correct,accuracy
0,1,790,308,0.389873417721519
1,2,693,256,0.3694083694083694
2,3,766,520,0.6788511749347258
3,4,743,420,0.5652759084791387
4,5,734,507,0.6907356948228883
5,6,763,468,0.6133682830930537
6,7,755,517,0.6847682119205298
7,8,707,442,0.6251768033946252
8,9,687,428,0.6229985443959243
9,10,683,405,0.5929721815519766
