{
  "noise_type": "spikes",
  "noise_level": 1.0,
  "denoise_method": "notch",
  "window": {
    "loss": 1.4735571301515888,
    "accuracy": 0.5040295041660975,
    "macro_f1": 0.49931868113117994,
    "num_windows": 7321
  },
  "repetition": {
    "accuracy": 0.9388888888888889,
    "macro_f1": 0.9365854613223034,
    "num_repetitions": 180
  }
}