class_index,gesture_id,support,correct,accuracy
0,1,790,242,0.30632911392405066
1,2,693,209,0.30158730158730157
2,3,766,441,0.5757180156657964
3,4,743,406,0.5464333781965006
4,5,734,414,0.5640326975476839
5,6,763,452,0.5923984272608126
6,7,755,360,0.4768211920529801
7,8,707,392,0.5544554455445545
8,9,687,376,0.5473071324599709
9,10,683,398,0.582723279648609
