class_index,gesture_id,support,correct,accuracy
0,1,790,98,0.1240506329113924
1,2,692,13,0.01878612716763006
2,3,766,28,0.03655352480417755
3,4,743,48,0.06460296096904442
4,5,735,0,0.0
5,6,763,299,0.3918741808650065
6,7,755,27,0.03576158940397351
7,8,707,69,0.09759547383309759
8,9,687,251,0.3653566229985444
9,10,683,471,0.6896046852122987
