{
  "noise_type": "spikes",
  "noise_level": 0.6,
  "denoise_method": "notch",
  "window": {
    "loss": 1.346613973745457,
    "accuracy": 0.5469816989893471,
    "macro_f1": 0.547531170566616,
    "num_windows": 7322
  },
  "repetition": {
    "accuracy": 0.9833333333333333,
    "macro_f1": 0.9833068362480128,
    "num_repetitions": 180
  }
}