class_index,gesture_id,support,correct,accuracy
0,1,791,383,0.48419721871049304
1,2,692,312,0.4508670520231214
2,3,766,485,0.6331592689295039
3,4,743,418,0.5625841184387618
4,5,735,306,0.4163265306122449
5,6,763,386,0.5058977719528178
6,7,755,381,0.5046357615894039
7,8,706,416,0.5892351274787535
8,9,688,494,0.7180232558139535
9,10,683,424,0.6207906295754027
