class_index,gesture_id,support,correct,accuracy
0,1,790,90,0.11392405063291139
1,2,692,9,0.01300578034682081
2,3,766,23,0.030026109660574413
3,4,743,46,0.06191117092866756
4,5,735,2,0.0027210884353741495
5,6,763,289,0.37876802096985585
6,7,755,13,0.017218543046357615
7,8,707,107,0.15134370579915135
8,9,687,211,0.3071324599708879
9,10,683,419,0.6134699853587116
