class_index,gesture_id,support,correct,accuracy
0,1,218,156,0.7155963302752294
1,2,186,137,0.7365591397849462
2,3,220,190,0.8636363636363636
3,4,184,134,0.7282608695652174
4,5,196,163,0.8316326530612245
5,6,207,133,0.642512077294686
6,7,219,158,0.7214611872146118
7,8,200,156,0.78
8,9,177,162,0.9152542372881356
9,10,184,154,0.8369565217391305
