class_index,gesture_id,support,correct,accuracy
0,1,790,344,0.43544303797468353
1,2,692,78,0.11271676300578035
2,3,766,159,0.20757180156657964
3,4,743,260,0.34993270524899056
4,5,735,63,0.08571428571428572
5,6,763,240,0.3145478374836173
6,7,755,71,0.09403973509933775
7,8,707,236,0.3338048090523338
8,9,687,313,0.4556040756914119
9,10,683,338,0.49487554904831627
