class_index,gesture_id,support,correct,accuracy
0,1,18,3,0.16666666666666666
1,2,18,0,0.0
2,3,18,8,0.4444444444444444
3,4,18,5,0.2777777777777778
4,5,18,0,0.0
5,6,18,7,0.3888888888888889
6,7,18,0,0.0
7,8,18,0,0.0
8,9,18,11,0.6111111111111112
9,10,18,16,0.8888888888888888
