class_index,gesture_id,support,correct,accuracy
0,1,791,109,0.13780025284450062
1,2,692,94,0.13583815028901733
2,3,766,193,0.2519582245430809
3,4,743,123,0.1655450874831763
4,5,735,45,0.061224489795918366
5,6,763,222,0.290956749672346
6,7,755,39,0.051655629139072845
7,8,706,40,0.056657223796033995
8,9,688,323,0.4694767441860465
9,10,683,401,0.5871156661786238
