{
  "noise_type": "spikes",
  "noise_level": 0.6,
  "denoise_method": "pca",
  "window": {
    "loss": 1.9155976195147832,
    "accuracy": 0.32996449057634525,
    "macro_f1": 0.31917354456963337,
    "num_windows": 7322
  },
  "repetition": {
    "accuracy": 0.4777777777777778,
    "macro_f1": 0.429248602639907,
    "num_repetitions": 180
  }
}