class_index,gesture_id,support,correct,accuracy
0,1,18,11,0.6111111111111112
1,2,18,7,0.3888888888888889
2,3,18,16,0.8888888888888888
3,4,18,7,0.3888888888888889
4,5,18,0,0.0
5,6,18,2,0.1111111111111111
6,7,18,5,0.2777777777777778
7,8,18,2,0.1111111111111111
8,9,18,18,1.0
9,10,18,18,1.0
