class_index,gesture_id,support,correct,accuracy
0,1,791,244,0.3084702907711757
1,2,692,162,0.23410404624277456
2,3,766,336,0.4386422976501306
3,4,743,143,0.19246298788694483
4,5,735,86,0.11700680272108843
5,6,763,208,0.272608125819135
6,7,754,209,0.27718832891246686
7,8,707,126,0.1782178217821782
8,9,688,479,0.6962209302325582
9,10,683,423,0.6193265007320644
