class_index,gesture_id,support,correct,accuracy
0,1,18,2,0.1111111111111111
1,2,18,7,0.3888888888888889
2,3,18,14,0.7777777777777778
3,4,18,7,0.3888888888888889
4,5,18,8,0.4444444444444444
5,6,18,16,0.8888888888888888
6,7,18,2,0.1111111111111111
7,8,18,6,0.3333333333333333
8,9,18,10,0.5555555555555556
9,10,18,18,1.0
