class_index,gesture_id,support,correct,accuracy
0,1,790,80,0.10126582278481013
1,2,693,109,0.15728715728715728
2,3,766,273,0.3563968668407311
3,4,743,190,0.2557200538358008
4,5,734,124,0.16893732970027248
5,6,763,297,0.3892529488859764
6,7,755,104,0.13774834437086092
7,8,707,124,0.1753889674681754
8,9,687,239,0.34788937409024745
9,10,683,271,0.3967789165446559
