class_index,gesture_id,support,correct,accuracy
0,1,790,400,0.5063291139240507
1,2,693,65,0.09379509379509379
2,3,766,172,0.2245430809399478
3,4,743,101,0.13593539703903096
4,5,735,213,0.2897959183673469
5,6,763,63,0.08256880733944955
6,7,754,474,0.6286472148541115
7,8,707,119,0.16831683168316833
8,9,687,205,0.29839883551673946
9,10,683,132,0.19326500732064422
