class_index,gesture_id,support,correct,accuracy
0,1,790,92,0.11645569620253164
1,2,693,54,0.07792207792207792
2,3,766,90,0.1174934725848564
3,4,743,89,0.11978465679676985
4,5,735,71,0.09659863945578231
5,6,763,244,0.3197903014416776
6,7,754,7,0.009283819628647215
7,8,707,61,0.08628005657708628
8,9,687,186,0.27074235807860264
9,10,683,401,0.5871156661786238
