{
  "noise_type": "motion",
  "noise_level": 1.0,
  "denoise_method": "notch",
  "window": {
    "loss": 2.26597608929936,
    "accuracy": 0.2989620322316307,
    "macro_f1": 0.29018899891816446,
    "num_windows": 7322
  },
  "repetition": {
    "accuracy": 0.5277777777777778,
    "macro_f1": 0.5234378068399808,
    "num_repetitions": 180
  }
}