class_index,gesture_id,support,correct,accuracy
0,1,791,190,0.2402022756005057
1,2,692,146,0.21098265895953758
2,3,766,262,0.34203655352480417
3,4,743,228,0.30686406460296095
4,5,735,138,0.18775510204081633
5,6,763,254,0.3328964613368283
6,7,755,81,0.10728476821192053
7,8,706,122,0.17280453257790368
8,9,688,331,0.4811046511627907
9,10,683,437,0.6398243045387995
