class_index,gesture_id,support,correct,accuracy
0,1,18,6,0.3333333333333333
1,2,18,2,0.1111111111111111
2,3,18,0,0.0
3,4,18,0,0.0
4,5,18,0,0.0
5,6,18,12,0.6666666666666666
6,7,18,1,0.05555555555555555
7,8,18,0,0.0
8,9,18,18,1.0
9,10,18,17,0.9444444444444444
