class_index,gesture_id,support,correct,accuracy
0,1,791,154,0.19469026548672566
1,2,692,102,0.14739884393063585
2,3,766,79,0.1031331592689295
3,4,743,116,0.15612382234185734
4,5,735,78,0.10612244897959183
5,6,763,343,0.44954128440366975
6,7,755,115,0.152317880794702
7,8,706,13,0.018413597733711047
8,9,688,428,0.622093023255814
9,10,683,307,0.4494875549048316
