{
  "noise_type": "hum",
  "noise_level": 0.6,
  "denoise_method": "none",
  "window": {
    "loss": 1.2688847463845132,
    "accuracy": 0.5874880480808633,
    "macro_f1": 0.5874642278851161,
    "num_windows": 7321
  },
  "repetition": {
    "accuracy": 0.9944444444444445,
    "macro_f1": 0.9944401544401545,
    "num_repetitions": 180
  }
}