class_index,gesture_id,support,correct,accuracy
0,1,790,398,0.5037974683544304
1,2,692,332,0.4797687861271676
2,3,766,471,0.6148825065274152
3,4,743,425,0.5720053835800808
4,5,735,481,0.654421768707483
5,6,763,476,0.6238532110091743
6,7,755,498,0.6596026490066225
7,8,707,453,0.6407355021216408
8,9,687,388,0.5647743813682679
9,10,683,379,0.554904831625183
