{
  "noise_type": "pink",
  "noise_level": 20.0,
  "denoise_method": "pca",
  "window": {
    "loss": 1.80026404077019,
    "accuracy": 0.3836907526294222,
    "macro_f1": 0.3758671766934207,
    "num_windows": 7321
  },
  "repetition": {
    "accuracy": 0.6888888888888889,
    "macro_f1": 0.6926102455125512,
    "num_repetitions": 180
  }
}