class_index,gesture_id,support,correct,accuracy
0,1,790,341,0.4316455696202532
1,2,692,159,0.22976878612716764
2,3,766,396,0.5169712793733682
3,4,743,190,0.2557200538358008
4,5,735,124,0.16870748299319727
5,6,763,321,0.42070773263433814
6,7,755,223,0.295364238410596
7,8,707,229,0.32390381895332393
8,9,687,381,0.5545851528384279
9,10,683,445,0.6515373352855052
