{
  "noise_type": "hum",
  "noise_level": 1.0,
  "denoise_method": "kalman",
  "window": {
    "loss": 2.09446825835894,
    "accuracy": 0.2502390383827346,
    "macro_f1": 0.23102857208802124,
    "num_windows": 7321
  },
  "repetition": {
    "accuracy": 0.4388888888888889,
    "macro_f1": 0.40799116985457884,
    "num_repetitions": 180
  }
}