class_index,gesture_id,support,correct,accuracy
0,1,18,16,0.8888888888888888
1,2,18,9,0.5
2,3,18,3,0.16666666666666666
3,4,18,2,0.1111111111111111
4,5,18,10,0.5555555555555556
5,6,18,8,0.4444444444444444
6,7,18,18,1.0
7,8,18,2,0.1111111111111111
8,9,18,9,0.5
9,10,18,2,0.1111111111111111
