class_index,gesture_id,support,correct,accuracy
0,1,790,279,0.3531645569620253
1,2,692,234,0.33815028901734107
2,3,766,131,0.17101827676240208
3,4,743,40,0.05383580080753701
4,5,735,192,0.2612244897959184
5,6,763,146,0.1913499344692005
6,7,755,482,0.6384105960264901
7,8,707,68,0.09618104667609619
8,9,687,152,0.22125181950509462
9,10,683,108,0.1581259150805271
