class_index,gesture_id,support,correct,accuracy
0,1,232,186,0.8017241379310345
1,2,169,78,0.46153846153846156
2,3,177,126,0.711864406779661
3,4,204,147,0.7205882352941176
4,5,201,157,0.7810945273631841
5,6,195,129,0.6615384615384615
6,7,189,166,0.8783068783068783
7,8,201,158,0.7860696517412935
8,9,182,137,0.7527472527472527
9,10,182,125,0.6868131868131868
