{
  "noise_type": "spikes",
  "noise_level": 0.6,
  "denoise_method": "kalman",
  "window": {
    "loss": 2.0742642772505477,
    "accuracy": 0.2658106816008742,
    "macro_f1": 0.25062010079060826,
    "num_windows": 7321
  },
  "repetition": {
    "accuracy": 0.5055555555555555,
    "macro_f1": 0.4822655494546447,
    "num_repetitions": 180
  }
}