class_index,gesture_id,support,correct,accuracy
0,1,790,208,0.26329113924050634
1,2,693,219,0.31601731601731603
2,3,766,86,0.1122715404699739
3,4,743,79,0.1063257065948856
4,5,734,205,0.279291553133515
5,6,763,150,0.1965923984272608
6,7,755,499,0.6609271523178808
7,8,707,143,0.20226308345120225
8,9,687,270,0.3930131004366812
9,10,683,87,0.1273792093704246
