class_index,gesture_id,support,correct,accuracy
0,1,790,359,0.4544303797468354
1,2,693,321,0.46320346320346323
2,3,766,540,0.7049608355091384
3,4,743,395,0.531628532974428
4,5,734,567,0.7724795640326976
5,6,763,437,0.5727391874180865
6,7,755,627,0.8304635761589404
7,8,707,429,0.6067892503536068
8,9,687,429,0.6244541484716157
9,10,683,398,0.582723279648609
