class_index,gesture_id,support,correct,accuracy
0,1,791,3,0.0037926675094816687
1,2,692,9,0.01300578034682081
2,3,766,4,0.005221932114882507
3,4,743,23,0.03095558546433378
4,5,735,2,0.0027210884353741495
5,6,763,221,0.28964613368283093
6,7,754,2,0.002652519893899204
7,8,707,3,0.004243281471004243
8,9,688,78,0.11337209302325581
9,10,683,604,0.8843338213762811
