{
  "noise_type": "motion",
  "noise_level": 0.1,
  "denoise_method": "notch",
  "window": {
    "loss": 1.262855943459791,
    "accuracy": 0.5970495833902473,
    "macro_f1": 0.5976846453208302,
    "num_windows": 7321
  },
  "repetition": {
    "accuracy": 0.9888888888888889,
    "macro_f1": 0.9888803088803089,
    "num_repetitions": 180
  }
}