class_index,gesture_id,support,correct,accuracy
0,1,790,454,0.5746835443037974
1,2,692,310,0.4479768786127168
2,3,766,474,0.618798955613577
3,4,743,401,0.5397039030955586
4,5,735,424,0.5768707482993197
5,6,763,420,0.5504587155963303
6,7,755,518,0.686092715231788
7,8,707,454,0.6421499292786421
8,9,687,445,0.6477438136826783
9,10,683,471,0.6896046852122987
