class_index,gesture_id,support,correct,accuracy
0,1,18,11,0.6111111111111112
1,2,18,0,0.0
2,3,18,6,0.3333333333333333
3,4,18,1,0.05555555555555555
4,5,18,8,0.4444444444444444
5,6,18,10,0.5555555555555556
6,7,18,10,0.5555555555555556
7,8,18,15,0.8333333333333334
8,9,18,11,0.6111111111111112
9,10,18,17,0.9444444444444444
