class_index,gesture_id,support,correct,accuracy
0,1,790,216,0.27341772151898736
1,2,693,46,0.06637806637806638
2,3,766,165,0.2154046997389034
3,4,743,133,0.17900403768506057
4,5,735,207,0.2816326530612245
5,6,763,206,0.2699868938401048
6,7,754,220,0.2917771883289125
7,8,707,235,0.3323903818953324
8,9,687,247,0.35953420669577874
9,10,683,331,0.48462664714494874
