class_index,gesture_id,support,correct,accuracy
0,1,790,211,0.2670886075949367
1,2,693,196,0.2828282828282828
2,3,766,38,0.04960835509138381
3,4,743,96,0.12920592193808883
4,5,734,189,0.2574931880108992
5,6,763,195,0.25557011795543905
6,7,755,433,0.5735099337748344
7,8,707,130,0.18387553041018387
8,9,687,276,0.4017467248908297
9,10,683,65,0.0951683748169839
