{
  "best_epoch": 43,
  "best_val_macro_f1": 0.6503034719025622,
  "val": {
    "loss": 1.3519544968100212,
    "accuracy": 0.6472654290015053,
    "macro_f1": 0.6503034719025622
  },
  "test": {
    "loss": 1.0460152987595444,
    "accuracy": 0.7423076923076923,
    "macro_f1": 0.741168031826659
  }
}