class_index,gesture_id,support,correct,accuracy
0,1,791,180,0.22756005056890014
1,2,692,147,0.21242774566473988
2,3,766,24,0.031331592689295036
3,4,743,35,0.047106325706594884
4,5,735,188,0.25578231292517006
5,6,763,141,0.18479685452162517
6,7,754,432,0.5729442970822282
7,8,707,28,0.039603960396039604
8,9,688,196,0.28488372093023256
9,10,683,177,0.2591508052708638
