{
  "noise_type": "wgn",
  "noise_level": -5.0,
  "denoise_method": "kalman",
  "window": {
    "loss": 2.3510208081358885,
    "accuracy": 0.25925420024586804,
    "macro_f1": 0.235030818149422,
    "num_windows": 7321
  },
  "repetition": {
    "accuracy": 0.24444444444444444,
    "macro_f1": 0.15015667974579766,
    "num_repetitions": 180
  }
}