class_index,gesture_id,support,correct,accuracy
0,1,790,114,0.14430379746835442
1,2,693,31,0.044733044733044736
2,3,766,158,0.206266318537859
3,4,743,92,0.12382234185733512
4,5,735,96,0.1306122448979592
5,6,763,212,0.2778505897771953
6,7,754,79,0.10477453580901856
7,8,707,275,0.38896746817538896
8,9,687,335,0.487627365356623
9,10,683,506,0.7408491947291361
