class_index,gesture_id,support,correct,accuracy
0,1,791,305,0.38558786346396967
1,2,692,201,0.2904624277456647
2,3,766,379,0.49477806788511747
3,4,743,117,0.15746971736204576
4,5,735,136,0.18503401360544217
5,6,763,236,0.30930537352555704
6,7,754,299,0.39655172413793105
7,8,707,127,0.17963224893917965
8,9,688,471,0.684593023255814
9,10,683,396,0.5797950219619327
