{
  "noise_type": "wgn",
  "noise_level": 0.0,
  "denoise_method": "none",
  "window": {
    "loss": 1.8801564403186648,
    "accuracy": 0.35937713427127443,
    "macro_f1": 0.3571462084026951,
    "num_windows": 7321
  },
  "repetition": {
    "accuracy": 0.6944444444444444,
    "macro_f1": 0.6901225269885108,
    "num_repetitions": 180
  }
}