class_index,gesture_id,support,correct,accuracy
0,1,790,215,0.2721518987341772
1,2,693,134,0.19336219336219337
2,3,766,331,0.4321148825065274
3,4,743,266,0.35800807537012114
4,5,735,188,0.25578231292517006
5,6,763,271,0.35517693315858456
6,7,754,168,0.22281167108753316
7,8,707,245,0.3465346534653465
8,9,687,346,0.5036390101892285
9,10,683,467,0.6837481698389458
