class_index,gesture_id,support,correct,accuracy
0,1,272,216,0.7941176470588235
1,2,186,135,0.7258064516129032
2,3,212,173,0.8160377358490566
3,4,188,103,0.5478723404255319
4,5,205,177,0.8634146341463415
5,6,210,165,0.7857142857142857
6,7,204,166,0.8137254901960784
7,8,183,139,0.7595628415300546
8,9,175,168,0.96
9,10,125,70,0.56
