class_index,gesture_id,support,correct,accuracy
0,1,790,116,0.1468354430379747
1,2,693,26,0.03751803751803752
2,3,766,75,0.097911227154047
3,4,743,62,0.08344549125168237
4,5,735,78,0.10612244897959183
5,6,763,267,0.34993446920052423
6,7,754,100,0.13262599469496023
7,8,707,314,0.44413012729844414
8,9,687,225,0.32751091703056767
9,10,683,364,0.5329428989751098
