{
  "noise_type": "pink",
  "noise_level": 0.0,
  "denoise_method": "none",
  "window": {
    "loss": 2.2165900131926937,
    "accuracy": 0.29067067340527253,
    "macro_f1": 0.2825282815588577,
    "num_windows": 7321
  },
  "repetition": {
    "accuracy": 0.4166666666666667,
    "macro_f1": 0.406130942892062,
    "num_repetitions": 180
  }
}