class_index,gesture_id,support,correct,accuracy
0,1,790,134,0.16962025316455695
1,2,693,89,0.12842712842712842
2,3,766,219,0.2859007832898172
3,4,743,174,0.23418573351278602
4,5,735,136,0.18503401360544217
5,6,763,290,0.3800786369593709
6,7,754,76,0.10079575596816977
7,8,707,211,0.2984441301272984
8,9,687,321,0.4672489082969432
9,10,683,478,0.6998535871156661
