{
  "noise_type": "hum",
  "noise_level": 0.3,
  "denoise_method": "notch",
  "window": {
    "loss": 1.219140949193261,
    "accuracy": 0.6152690521715378,
    "macro_f1": 0.6149275070340383,
    "num_windows": 7322
  },
  "repetition": {
    "accuracy": 1.0,
    "macro_f1": 1.0,
    "num_repetitions": 180
  }
}