class_index,gesture_id,support,correct,accuracy
0,1,791,416,0.5259165613147914
1,2,692,406,0.5867052023121387
2,3,766,532,0.6945169712793734
3,4,743,419,0.5639300134589502
4,5,735,393,0.5346938775510204
5,6,763,430,0.563564875491481
6,7,755,530,0.7019867549668874
7,8,706,471,0.6671388101983002
8,9,688,507,0.7369186046511628
9,10,683,401,0.5871156661786238
