{
  "noise_type": "wgn",
  "noise_level": -5.0,
  "denoise_method": "kalman",
  "window": {
    "loss": 2.6967407497705835,
    "accuracy": 0.23354274788309204,
    "macro_f1": 0.20000113212270273,
    "num_windows": 7322
  },
  "repetition": {
    "accuracy": 0.2833333333333333,
    "macro_f1": 0.1665776574472227,
    "num_repetitions": 180
  }
}