class_index,gesture_id,support,correct,accuracy
0,1,791,122,0.15423514538558786
1,2,692,78,0.11271676300578035
2,3,766,79,0.1031331592689295
3,4,743,123,0.1655450874831763
4,5,735,62,0.08435374149659863
5,6,763,310,0.40629095674967236
6,7,755,57,0.07549668874172186
7,8,706,26,0.036827195467422094
8,9,688,457,0.6642441860465116
9,10,683,396,0.5797950219619327
