{
  "noise_type": "spikes",
  "noise_level": 0.3,
  "denoise_method": "notch",
  "window": {
    "loss": 1.2509710301600072,
    "accuracy": 0.5975143403441683,
    "macro_f1": 0.5982894506121397,
    "num_windows": 7322
  },
  "repetition": {
    "accuracy": 1.0,
    "macro_f1": 1.0,
    "num_repetitions": 180
  }
}