class_index,gesture_id,support,correct,accuracy
0,1,791,416,0.5259165613147914
1,2,692,373,0.5390173410404624
2,3,766,508,0.6631853785900783
3,4,743,421,0.566621803499327
4,5,735,377,0.5129251700680272
5,6,763,418,0.5478374836173001
6,7,755,485,0.6423841059602649
7,8,706,447,0.6331444759206799
8,9,688,514,0.747093023255814
9,10,683,416,0.6090775988286969
