class_index,gesture_id,support,correct,accuracy
0,1,18,17,0.9444444444444444
1,2,18,10,0.5555555555555556
2,3,18,18,1.0
3,4,18,6,0.3333333333333333
4,5,18,7,0.3888888888888889
5,6,18,4,0.2222222222222222
6,7,18,14,0.7777777777777778
7,8,18,7,0.3888888888888889
8,9,18,18,1.0
9,10,18,18,1.0
