class_index,gesture_id,support,correct,accuracy
0,1,791,312,0.3944374209860936
1,2,692,199,0.2875722543352601
2,3,766,368,0.4804177545691906
3,4,743,119,0.1601615074024226
4,5,735,133,0.18095238095238095
5,6,763,233,0.3053735255570118
6,7,754,297,0.39389920424403185
7,8,707,121,0.17114568599717114
8,9,688,474,0.688953488372093
9,10,683,405,0.5929721815519766
