{
  "noise_type": "spikes",
  "noise_level": 0.3,
  "denoise_method": "pca",
  "window": {
    "loss": 1.8159011314840463,
    "accuracy": 0.3791831716978555,
    "macro_f1": 0.3698123507405636,
    "num_windows": 7321
  },
  "repetition": {
    "accuracy": 0.6611111111111111,
    "macro_f1": 0.6593130926423609,
    "num_repetitions": 180
  }
}