class_index,gesture_id,support,correct,accuracy
0,1,18,12,0.6666666666666666
1,2,18,7,0.3888888888888889
2,3,18,17,0.9444444444444444
3,4,18,14,0.7777777777777778
4,5,18,3,0.16666666666666666
5,6,18,10,0.5555555555555556
6,7,18,8,0.4444444444444444
7,8,18,15,0.8333333333333334
8,9,18,15,0.8333333333333334
9,10,18,18,1.0
