class_index,gesture_id,support,correct,accuracy
0,1,790,317,0.4012658227848101
1,2,692,150,0.21676300578034682
2,3,766,406,0.5300261096605744
3,4,743,199,0.26783310901749663
4,5,735,105,0.14285714285714285
5,6,763,314,0.41153342070773263
6,7,755,218,0.28874172185430463
7,8,707,230,0.32531824611032534
8,9,687,389,0.5662299854439592
9,10,683,448,0.6559297218155198
