class_index,gesture_id,support,correct,accuracy
0,1,791,385,0.48672566371681414
1,2,692,341,0.49277456647398843
2,3,766,484,0.6318537859007833
3,4,743,415,0.5585464333781965
4,5,735,333,0.4530612244897959
5,6,763,416,0.54521625163827
6,7,755,396,0.5245033112582781
7,8,706,416,0.5892351274787535
8,9,688,518,0.752906976744186
9,10,683,435,0.636896046852123
