class_index,gesture_id,support,correct,accuracy
0,1,790,344,0.43544303797468353
1,2,693,310,0.44733044733044736
2,3,766,539,0.7036553524804178
3,4,743,403,0.5423956931359354
4,5,734,548,0.7465940054495913
5,6,763,454,0.5950196592398427
6,7,755,591,0.7827814569536424
7,8,707,441,0.6237623762376238
8,9,687,436,0.6346433770014556
9,10,683,408,0.5973645680819912
