class_index,gesture_id,support,correct,accuracy
0,1,790,290,0.3670886075949367
1,2,693,185,0.26695526695526695
2,3,766,422,0.5509138381201044
3,4,743,294,0.39569313593539707
4,5,735,270,0.3673469387755102
5,6,763,313,0.41022280471821754
6,7,754,281,0.3726790450928382
7,8,707,373,0.5275813295615276
8,9,687,394,0.5735080058224163
9,10,683,494,0.7232796486090776
