class_index,gesture_id,support,correct,accuracy
0,1,790,278,0.3518987341772152
1,2,693,68,0.09812409812409813
2,3,766,176,0.2297650130548303
3,4,743,128,0.17227456258411844
4,5,735,258,0.3510204081632653
5,6,763,149,0.19528178243774574
6,7,754,323,0.42838196286472147
7,8,707,205,0.28995756718529
8,9,687,215,0.3129548762736536
9,10,683,254,0.3718887262079063
