class_index,gesture_id,support,correct,accuracy
0,1,790,192,0.2430379746835443
1,2,692,255,0.3684971098265896
2,3,766,72,0.09399477806788512
3,4,743,61,0.08209959623149395
4,5,735,115,0.1564625850340136
5,6,763,187,0.24508519003931847
6,7,755,410,0.543046357615894
7,8,707,69,0.09759547383309759
8,9,687,150,0.2183406113537118
9,10,683,157,0.22986822840409957
