{
  "noise_type": "spikes",
  "noise_level": 0.1,
  "denoise_method": "notch",
  "window": {
    "loss": 1.2239747343738039,
    "accuracy": 0.6149959027588091,
    "macro_f1": 0.615224029398653,
    "num_windows": 7322
  },
  "repetition": {
    "accuracy": 1.0,
    "macro_f1": 1.0,
    "num_repetitions": 180
  }
}