class_index,gesture_id,support,correct,accuracy
0,1,791,432,0.5461441213653603
1,2,692,396,0.5722543352601156
2,3,766,523,0.6827676240208878
3,4,743,418,0.5625841184387618
4,5,735,399,0.5428571428571428
5,6,763,421,0.5517693315858454
6,7,755,520,0.6887417218543046
7,8,706,458,0.6487252124645893
8,9,688,516,0.75
9,10,683,420,0.6149341142020498
