class_index,gesture_id,support,correct,accuracy
0,1,18,8,0.4444444444444444
1,2,18,4,0.2222222222222222
2,3,18,18,1.0
3,4,18,4,0.2222222222222222
4,5,18,4,0.2222222222222222
5,6,18,2,0.1111111111111111
6,7,18,11,0.6111111111111112
7,8,18,15,0.8333333333333334
8,9,18,16,0.8888888888888888
9,10,18,18,1.0
