class_index,gesture_id,support,correct,accuracy
0,1,790,221,0.27974683544303797
1,2,693,127,0.18326118326118326
2,3,766,432,0.5639686684073107
3,4,743,112,0.15074024226110364
4,5,735,96,0.1306122448979592
5,6,763,203,0.26605504587155965
6,7,754,269,0.356763925729443
7,8,707,236,0.3338048090523338
8,9,687,419,0.6098981077147017
9,10,683,442,0.6471449487554904
