class_index,gesture_id,support,correct,accuracy
0,1,791,16,0.020227560050568902
1,2,692,39,0.05635838150289017
2,3,766,13,0.016971279373368148
3,4,743,27,0.03633916554508748
4,5,735,3,0.004081632653061225
5,6,763,305,0.399737876802097
6,7,754,7,0.009283819628647215
7,8,707,35,0.04950495049504951
8,9,688,99,0.1438953488372093
9,10,683,496,0.726207906295754
