{
  "noise_type": "drift",
  "noise_level": 0.1,
  "denoise_method": "none",
  "window": {
    "loss": 1.2750078486927348,
    "accuracy": 0.5804425020486206,
    "macro_f1": 0.5818793806724412,
    "num_windows": 7322
  },
  "repetition": {
    "accuracy": 0.9944444444444445,
    "macro_f1": 0.9944401544401545,
    "num_repetitions": 180
  }
}