class_index,gesture_id,support,correct,accuracy
0,1,791,498,0.629582806573957
1,2,692,326,0.47109826589595377
2,3,766,418,0.5456919060052219
3,4,743,352,0.4737550471063257
4,5,735,458,0.6231292517006802
5,6,763,367,0.48099606815203144
6,7,754,541,0.7175066312997348
7,8,707,328,0.4639321074964639
8,9,688,477,0.6933139534883721
9,10,683,485,0.7101024890190337
