class_index,gesture_id,support,correct,accuracy
0,1,790,284,0.3594936708860759
1,2,693,252,0.36363636363636365
2,3,766,461,0.6018276762402088
3,4,743,412,0.5545087483176312
4,5,734,506,0.6893732970027248
5,6,763,496,0.6500655307994757
6,7,755,488,0.6463576158940397
7,8,707,445,0.6294200848656294
8,9,687,422,0.6142649199417758
9,10,683,406,0.5944363103953147
