class_index,gesture_id,support,correct,accuracy
0,1,791,62,0.07838179519595449
1,2,692,82,0.11849710982658959
2,3,766,50,0.06527415143603134
3,4,743,78,0.10497981157469717
4,5,735,41,0.055782312925170066
5,6,763,239,0.3132372214941022
6,7,754,10,0.013262599469496022
7,8,707,51,0.07213578500707214
8,9,688,159,0.2311046511627907
9,10,683,529,0.7745241581259151
