{
  "best_epoch": 41,
  "best_val_macro_f1": 0.682041346891143,
  "val": {
    "loss": 1.327400116004121,
    "accuracy": 0.6748620170597089,
    "macro_f1": 0.682041346891143
  },
  "test": {
    "loss": 1.0021361469949683,
    "accuracy": 0.7362700228832952,
    "macro_f1": 0.7349580784989513
  }
}