class_index,gesture_id,support,correct,accuracy
0,1,790,364,0.4607594936708861
1,2,693,329,0.47474747474747475
2,3,766,550,0.7180156657963447
3,4,743,381,0.5127860026917901
4,5,734,569,0.7752043596730245
5,6,763,441,0.5779816513761468
6,7,755,631,0.8357615894039735
7,8,707,419,0.5926449787835927
8,9,687,419,0.6098981077147017
9,10,683,382,0.5592972181551976
