class_index,gesture_id,support,correct,accuracy
0,1,791,124,0.15676359039190899
1,2,692,63,0.09104046242774566
2,3,766,66,0.08616187989556136
3,4,743,98,0.13189771197846567
4,5,735,61,0.08299319727891157
5,6,763,309,0.40498034076015726
6,7,755,57,0.07549668874172186
7,8,706,47,0.06657223796033994
8,9,688,397,0.5770348837209303
9,10,683,346,0.5065885797950219
