class_index,gesture_id,support,correct,accuracy
0,1,18,9,0.5
1,2,18,0,0.0
2,3,18,7,0.3888888888888889
3,4,18,1,0.05555555555555555
4,5,18,7,0.3888888888888889
5,6,18,8,0.4444444444444444
6,7,18,11,0.6111111111111112
7,8,18,16,0.8888888888888888
8,9,18,14,0.7777777777777778
9,10,18,16,0.8888888888888888
