class_index,gesture_id,support,correct,accuracy
0,1,790,238,0.3012658227848101
1,2,693,51,0.0735930735930736
2,3,766,163,0.21279373368146215
3,4,743,105,0.14131897711978467
4,5,735,170,0.23129251700680273
5,6,763,144,0.18872870249017037
6,7,754,329,0.4363395225464191
7,8,707,235,0.3323903818953324
8,9,687,246,0.35807860262008734
9,10,683,266,0.38945827232796487
