{
  "noise_type": "wgn",
  "noise_level": 0.0,
  "denoise_method": "pca",
  "window": {
    "loss": 2.4474865538896156,
    "accuracy": 0.22343621961212784,
    "macro_f1": 0.20215005082490428,
    "num_windows": 7322
  },
  "repetition": {
    "accuracy": 0.2222222222222222,
    "macro_f1": 0.1340245991153432,
    "num_repetitions": 180
  }
}