class_index,gesture_id,support,correct,accuracy
0,1,791,153,0.1934260429835651
1,2,692,89,0.12861271676300579
2,3,766,127,0.16579634464751958
3,4,743,136,0.18304172274562583
4,5,735,21,0.02857142857142857
5,6,763,173,0.22673656618610746
6,7,754,60,0.07957559681697612
7,8,707,73,0.10325318246110325
8,9,688,364,0.5290697674418605
9,10,683,440,0.6442166910688141
