class_index,gesture_id,support,correct,accuracy
0,1,790,211,0.2670886075949367
1,2,693,167,0.240981240981241
2,3,766,41,0.05352480417754569
3,4,743,105,0.14131897711978467
4,5,734,191,0.26021798365122617
5,6,763,221,0.28964613368283093
6,7,755,414,0.5483443708609271
7,8,707,157,0.22206506364922207
8,9,687,288,0.4192139737991266
9,10,683,73,0.10688140556368961
