class_index,gesture_id,support,correct,accuracy
0,1,18,11,0.6111111111111112
1,2,18,6,0.3333333333333333
2,3,18,6,0.3333333333333333
3,4,18,6,0.3333333333333333
4,5,18,12,0.6666666666666666
5,6,18,18,1.0
6,7,18,11,0.6111111111111112
7,8,18,15,0.8333333333333334
8,9,18,18,1.0
9,10,18,8,0.4444444444444444
