class_index,gesture_id,support,correct,accuracy
0,1,790,183,0.23164556962025318
1,2,693,122,0.17604617604617603
2,3,766,149,0.19451697127937337
3,4,743,150,0.2018842530282638
4,5,734,206,0.28065395095367845
5,6,763,313,0.41022280471821754
6,7,755,319,0.42251655629139073
7,8,707,285,0.4031117397454031
8,9,687,370,0.5385735080058224
9,10,683,218,0.3191800878477306
