class_index,gesture_id,support,correct,accuracy
0,1,790,228,0.28860759493670884
1,2,692,238,0.3439306358381503
2,3,766,157,0.20496083550913838
3,4,743,88,0.11843876177658143
4,5,735,121,0.16462585034013605
5,6,763,134,0.17562254259501967
6,7,755,462,0.6119205298013245
7,8,707,116,0.16407355021216408
8,9,687,177,0.2576419213973799
9,10,683,157,0.22986822840409957
