class_index,gesture_id,support,correct,accuracy
0,1,791,396,0.5006321112515802
1,2,692,268,0.3872832369942196
2,3,766,352,0.4595300261096606
3,4,743,313,0.42126514131897713
4,5,735,327,0.4448979591836735
5,6,763,338,0.4429882044560944
6,7,754,369,0.48938992042440316
7,8,707,288,0.4073550212164074
8,9,688,486,0.7063953488372093
9,10,683,521,0.7628111273792094
