class_index,gesture_id,support,correct,accuracy
0,1,18,9,0.5
1,2,18,11,0.6111111111111112
2,3,18,1,0.05555555555555555
3,4,18,2,0.1111111111111111
4,5,18,5,0.2777777777777778
5,6,18,11,0.6111111111111112
6,7,18,14,0.7777777777777778
7,8,18,5,0.2777777777777778
8,9,18,9,0.5
9,10,18,7,0.3888888888888889
