class_index,gesture_id,support,correct,accuracy
0,1,790,181,0.2291139240506329
1,2,692,258,0.37283236994219654
2,3,766,67,0.08746736292428199
3,4,743,72,0.09690444145356662
4,5,735,111,0.1510204081632653
5,6,763,195,0.25557011795543905
6,7,755,400,0.5298013245033113
7,8,707,78,0.11032531824611033
8,9,687,142,0.2066957787481805
9,10,683,159,0.232796486090776
