{
  "best_epoch": 12,
  "best_val_macro_f1": 0.4076685078609219,
  "val": {
    "loss": 2.118438562895985,
    "accuracy": 0.4120702005730659,
    "macro_f1": 0.4076685078609219
  },
  "test": {
    "loss": 2.060961158425197,
    "accuracy": 0.43610421836228286,
    "macro_f1": 0.4336545234575479
  }
}