{
  "best_epoch": 43,
  "best_val_macro_f1": 0.7973156428177098,
  "val": {
    "loss": 0.9078525243567996,
    "accuracy": 0.7945585785674625,
    "macro_f1": 0.7973156428177098
  },
  "test": {
    "loss": 1.0527082441600564,
    "accuracy": 0.7179633867276888,
    "macro_f1": 0.7161114235801407
  }
}