class_index,gesture_id,support,correct,accuracy
0,1,790,6,0.007594936708860759
1,2,693,45,0.06493506493506493
2,3,766,45,0.0587467362924282
3,4,743,130,0.17496635262449528
4,5,734,55,0.07493188010899182
5,6,763,605,0.7929226736566186
6,7,755,7,0.009271523178807948
7,8,707,113,0.15983026874115983
8,9,687,96,0.13973799126637554
9,10,683,114,0.16691068814055637
