class_index,gesture_id,support,correct,accuracy
0,1,791,117,0.14791403286978508
1,2,692,86,0.12427745664739884
2,3,766,163,0.21279373368146215
3,4,743,163,0.2193808882907133
4,5,735,80,0.10884353741496598
5,6,763,218,0.2857142857142857
6,7,755,30,0.039735099337748346
7,8,706,41,0.05807365439093484
8,9,688,242,0.35174418604651164
9,10,683,408,0.5973645680819912
