class_index,gesture_id,support,correct,accuracy
0,1,18,13,0.7222222222222222
1,2,18,9,0.5
2,3,18,0,0.0
3,4,18,1,0.05555555555555555
4,5,18,7,0.3888888888888889
5,6,18,4,0.2222222222222222
6,7,18,18,1.0
7,8,18,1,0.05555555555555555
8,9,18,6,0.3333333333333333
9,10,18,1,0.05555555555555555
