class_index,gesture_id,support,correct,accuracy
0,1,790,259,0.3278481012658228
1,2,692,255,0.3684971098265896
2,3,766,117,0.15274151436031333
3,4,743,40,0.05383580080753701
4,5,735,144,0.19591836734693877
5,6,763,128,0.16775884665792923
6,7,755,479,0.6344370860927152
7,8,707,55,0.07779349363507779
8,9,687,128,0.18631732168850074
9,10,683,99,0.14494875549048317
