class_index,gesture_id,support,correct,accuracy
0,1,18,17,0.9444444444444444
1,2,18,11,0.6111111111111112
2,3,18,13,0.7222222222222222
3,4,18,17,0.9444444444444444
4,5,18,13,0.7222222222222222
5,6,18,7,0.3888888888888889
6,7,18,9,0.5
7,8,18,11,0.6111111111111112
8,9,18,17,0.9444444444444444
9,10,18,18,1.0
