class_index,gesture_id,support,correct,accuracy
0,1,791,359,0.4538558786346397
1,2,692,178,0.25722543352601157
2,3,766,289,0.3772845953002611
3,4,743,312,0.4199192462987887
4,5,735,195,0.2653061224489796
5,6,763,261,0.3420707732634338
6,7,754,221,0.29310344827586204
7,8,707,226,0.31966053748231965
8,9,688,457,0.6642441860465116
9,10,683,488,0.7144948755490483
