class_index,gesture_id,support,correct,accuracy
0,1,182,129,0.7087912087912088
1,2,212,142,0.6698113207547169
2,3,208,181,0.8701923076923077
3,4,184,142,0.7717391304347826
4,5,206,153,0.7427184466019418
5,6,189,168,0.8888888888888888
6,7,196,165,0.8418367346938775
7,8,188,165,0.8776595744680851
8,9,180,151,0.8388888888888889
9,10,159,132,0.8301886792452831
