{
  "noise_type": "motion",
  "noise_level": 0.3,
  "denoise_method": "kalman",
  "window": {
    "loss": 2.0878268727805507,
    "accuracy": 0.27223056959431774,
    "macro_f1": 0.25271032942739263,
    "num_windows": 7321
  },
  "repetition": {
    "accuracy": 0.5055555555555555,
    "macro_f1": 0.4810979012021873,
    "num_repetitions": 180
  }
}