class_index,gesture_id,support,correct,accuracy
0,1,18,15,0.8333333333333334
1,2,18,0,0.0
2,3,18,10,0.5555555555555556
3,4,18,5,0.2777777777777778
4,5,18,13,0.7222222222222222
5,6,18,4,0.2222222222222222
6,7,18,18,1.0
7,8,18,10,0.5555555555555556
8,9,18,11,0.6111111111111112
9,10,18,5,0.2777777777777778
