class_index,gesture_id,support,correct,accuracy
0,1,790,369,0.4670886075949367
1,2,693,59,0.08513708513708514
2,3,766,199,0.2597911227154047
3,4,743,106,0.1426648721399731
4,5,735,217,0.29523809523809524
5,6,763,68,0.0891218872870249
6,7,754,460,0.610079575596817
7,8,707,149,0.21074964639321075
8,9,687,213,0.31004366812227074
9,10,683,153,0.2240117130307467
