class_index,gesture_id,support,correct,accuracy
0,1,791,173,0.21871049304677623
1,2,692,300,0.43352601156069365
2,3,766,148,0.19321148825065274
3,4,743,96,0.12920592193808883
4,5,735,77,0.10476190476190476
5,6,763,143,0.1874180865006553
6,7,755,386,0.5112582781456954
7,8,706,78,0.11048158640226628
8,9,688,279,0.4055232558139535
9,10,683,66,0.09663250366032211
