{
  "noise_type": "drift",
  "noise_level": 0.6,
  "denoise_method": "none",
  "window": {
    "loss": 1.8314320915400892,
    "accuracy": 0.39666712197787185,
    "macro_f1": 0.39068110691489394,
    "num_windows": 7321
  },
  "repetition": {
    "accuracy": 0.7444444444444445,
    "macro_f1": 0.7274974389629745,
    "num_repetitions": 180
  }
}