class_index,gesture_id,support,correct,accuracy
0,1,790,153,0.19367088607594937
1,2,693,141,0.20346320346320346
2,3,766,258,0.3368146214099217
3,4,743,305,0.4104979811574697
4,5,734,299,0.40735694822888285
5,6,763,511,0.6697247706422018
6,7,755,208,0.27549668874172184
7,8,707,352,0.49787835926449786
8,9,687,347,0.50509461426492
9,10,683,330,0.48316251830161056
