{
  "best_epoch": 55,
  "best_val_macro_f1": 0.6459162239358149,
  "val": {
    "loss": 1.2945717892995694,
    "accuracy": 0.6454033771106942,
    "macro_f1": 0.6459162239358149
  },
  "test": {
    "loss": 0.9534360759112299,
    "accuracy": 0.7709183673469387,
    "macro_f1": 0.7674438521711033
  }
}