{
  "noise_type": "spikes",
  "noise_level": 1.0,
  "denoise_method": "wavelet",
  "window": {
    "loss": 2.226314587421128,
    "accuracy": 0.24982925829804672,
    "macro_f1": 0.24171173248802624,
    "num_windows": 7321
  },
  "repetition": {
    "accuracy": 0.37777777777777777,
    "macro_f1": 0.3453620264391378,
    "num_repetitions": 180
  }
}