class_index,gesture_id,support,correct,accuracy
0,1,790,190,0.24050632911392406
1,2,692,137,0.19797687861271676
2,3,766,115,0.15013054830287206
3,4,743,80,0.10767160161507403
4,5,735,71,0.09659863945578231
5,6,763,259,0.3394495412844037
6,7,755,261,0.3456953642384106
7,8,707,135,0.19094766619519093
8,9,687,252,0.36681222707423583
9,10,683,329,0.4816983894582723
