class_index,gesture_id,support,correct,accuracy
0,1,790,398,0.5037974683544304
1,2,693,318,0.4588744588744589
2,3,766,537,0.7010443864229765
3,4,743,337,0.4535666218034993
4,5,735,465,0.6326530612244898
5,6,763,371,0.48623853211009177
6,7,754,612,0.8116710875331565
7,8,707,444,0.628005657708628
8,9,687,487,0.7088791848617176
9,10,683,473,0.6925329428989752
