{
  "noise_type": "wgn",
  "noise_level": 0.0,
  "denoise_method": "pca",
  "window": {
    "loss": 2.2545188599605894,
    "accuracy": 0.25283431225242453,
    "macro_f1": 0.2374932962513038,
    "num_windows": 7321
  },
  "repetition": {
    "accuracy": 0.3333333333333333,
    "macro_f1": 0.25842575472575346,
    "num_repetitions": 180
  }
}