class_index,gesture_id,support,correct,accuracy
0,1,790,129,0.16329113924050634
1,2,693,77,0.1111111111111111
2,3,766,287,0.37467362924281983
3,4,743,105,0.14131897711978467
4,5,735,45,0.061224489795918366
5,6,763,179,0.2346002621231979
6,7,754,117,0.15517241379310345
7,8,707,156,0.22065063649222066
8,9,687,313,0.4556040756914119
9,10,683,443,0.6486090775988287
