class_index,gesture_id,support,correct,accuracy
0,1,791,270,0.3413400758533502
1,2,692,145,0.20953757225433525
2,3,766,123,0.16057441253263707
3,4,743,25,0.033647375504710635
4,5,735,164,0.22312925170068026
5,6,763,84,0.11009174311926606
6,7,754,521,0.6909814323607427
7,8,707,65,0.09193776520509193
8,9,688,235,0.34156976744186046
9,10,683,118,0.17276720351390923
