class_index,gesture_id,support,correct,accuracy
0,1,790,201,0.25443037974683547
1,2,693,195,0.2813852813852814
2,3,766,30,0.0391644908616188
3,4,743,90,0.12113055181695828
4,5,734,173,0.2356948228882834
5,6,763,201,0.2634338138925295
6,7,755,455,0.6026490066225165
7,8,707,119,0.16831683168316833
8,9,687,260,0.3784570596797671
9,10,683,54,0.07906295754026355
