class_index,gesture_id,support,correct,accuracy
0,1,790,114,0.14430379746835442
1,2,692,11,0.015895953757225433
2,3,766,23,0.030026109660574413
3,4,743,16,0.021534320323014805
4,5,735,9,0.012244897959183673
5,6,763,192,0.2516382699868938
6,7,755,1,0.0013245033112582781
7,8,707,36,0.05091937765205092
8,9,687,130,0.18922852983988356
9,10,683,426,0.623718887262079
