class_index,gesture_id,support,correct,accuracy
0,1,791,315,0.39823008849557523
1,2,692,291,0.42052023121387283
2,3,766,552,0.720626631853786
3,4,743,455,0.6123822341857336
4,5,735,380,0.5170068027210885
5,6,763,427,0.5596330275229358
6,7,755,488,0.6463576158940397
7,8,706,535,0.7577903682719547
8,9,688,349,0.5072674418604651
9,10,683,215,0.31478770131771594
