class_index,gesture_id,support,correct,accuracy
0,1,791,139,0.17572692793931732
1,2,692,128,0.18497109826589594
2,3,766,204,0.26631853785900783
3,4,743,169,0.2274562584118439
4,5,735,119,0.1619047619047619
5,6,763,293,0.3840104849279161
6,7,755,52,0.06887417218543046
7,8,706,47,0.06657223796033994
8,9,688,372,0.5406976744186046
9,10,683,484,0.7086383601756955
