class_index,gesture_id,support,correct,accuracy
0,1,790,191,0.2417721518987342
1,2,693,140,0.20202020202020202
2,3,766,43,0.05613577023498695
3,4,743,123,0.1655450874831763
4,5,734,210,0.28610354223433243
5,6,763,263,0.34469200524246396
6,7,755,338,0.447682119205298
7,8,707,213,0.3012729844413013
8,9,687,340,0.4949053857350801
9,10,683,108,0.1581259150805271
