class_index,gesture_id,support,correct,accuracy
0,1,18,10,0.5555555555555556
1,2,18,1,0.05555555555555555
2,3,18,4,0.2222222222222222
3,4,18,0,0.0
4,5,18,8,0.4444444444444444
5,6,18,5,0.2777777777777778
6,7,18,18,1.0
7,8,18,0,0.0
8,9,18,9,0.5
9,10,18,3,0.16666666666666666
