class_index,gesture_id,support,correct,accuracy
0,1,791,250,0.31605562579013907
1,2,692,173,0.25
2,3,766,82,0.10704960835509138
3,4,743,33,0.04441453566621804
4,5,735,142,0.19319727891156463
5,6,763,70,0.09174311926605505
6,7,754,526,0.6976127320954907
7,8,707,38,0.05374823196605375
8,9,688,205,0.29796511627906974
9,10,683,112,0.16398243045387995
