class_index,gesture_id,support,correct,accuracy
0,1,200,113,0.565
1,2,199,115,0.5778894472361809
2,3,225,131,0.5822222222222222
3,4,221,144,0.6515837104072398
4,5,213,147,0.6901408450704225
5,6,222,165,0.7432432432432432
6,7,216,125,0.5787037037037037
7,8,217,130,0.5990783410138248
8,9,194,134,0.6907216494845361
9,10,225,103,0.4577777777777778
