{
  "noise_type": "drift",
  "noise_level": 0.1,
  "denoise_method": "notch",
  "window": {
    "loss": 1.2353653081679272,
    "accuracy": 0.6089866156787763,
    "macro_f1": 0.6094110485663247,
    "num_windows": 7322
  },
  "repetition": {
    "accuracy": 1.0,
    "macro_f1": 1.0,
    "num_repetitions": 180
  }
}