class_index,gesture_id,support,correct,accuracy
0,1,791,427,0.5398230088495575
1,2,692,384,0.5549132947976878
2,3,766,503,0.6566579634464752
3,4,743,417,0.5612382234185733
4,5,735,389,0.5292517006802722
5,6,763,427,0.5596330275229358
6,7,755,507,0.671523178807947
7,8,706,454,0.6430594900849859
8,9,688,528,0.7674418604651163
9,10,683,423,0.6193265007320644
