class_index,gesture_id,support,correct,accuracy
0,1,790,341,0.4316455696202532
1,2,693,247,0.3564213564213564
2,3,766,522,0.6814621409921671
3,4,743,327,0.44010767160161507
4,5,735,359,0.4884353741496599
5,6,763,339,0.4442988204456094
6,7,754,490,0.649867374005305
7,8,707,435,0.6152758132956153
8,9,687,462,0.6724890829694323
9,10,683,492,0.7203513909224012
