{
  "best_epoch": 4,
  "best_val_macro_f1": 0.3760529637809772,
  "val": {
    "loss": 1.8190184370494504,
    "accuracy": 0.38216332378223494,
    "macro_f1": 0.3760529637809772
  },
  "test": {
    "loss": 1.7993470462912662,
    "accuracy": 0.3967564693371145,
    "macro_f1": 0.3970753342665643
  }
}