class_index,gesture_id,support,correct,accuracy
0,1,791,55,0.0695322376738306
1,2,692,48,0.06936416184971098
2,3,766,116,0.1514360313315927
3,4,743,82,0.11036339165545088
4,5,735,30,0.04081632653061224
5,6,763,200,0.2621231979030144
6,7,755,17,0.022516556291390728
7,8,706,17,0.024079320113314446
8,9,688,244,0.3546511627906977
9,10,683,399,0.5841874084919473
