{
  "noise_type": "drift",
  "noise_level": 0.1,
  "denoise_method": "none",
  "window": {
    "loss": 1.2287029107878424,
    "accuracy": 0.6118546845124283,
    "macro_f1": 0.6121836306950412,
    "num_windows": 7322
  },
  "repetition": {
    "accuracy": 1.0,
    "macro_f1": 1.0,
    "num_repetitions": 180
  }
}