class_index,gesture_id,support,correct,accuracy
0,1,791,418,0.5284450063211125
1,2,692,391,0.565028901734104
2,3,766,515,0.6723237597911227
3,4,743,425,0.5720053835800808
4,5,735,387,0.5265306122448979
5,6,763,428,0.5609436435124509
6,7,755,509,0.6741721854304635
7,8,706,463,0.6558073654390935
8,9,688,520,0.7558139534883721
9,10,683,424,0.6207906295754027
