{
  "noise_type": "wgn",
  "noise_level": 20.0,
  "denoise_method": "none",
  "window": {
    "loss": 1.2201742561616977,
    "accuracy": 0.613903305107894,
    "macro_f1": 0.6140411655016388,
    "num_windows": 7322
  },
  "repetition": {
    "accuracy": 1.0,
    "macro_f1": 1.0,
    "num_repetitions": 180
  }
}