class_index,gesture_id,support,correct,accuracy
0,1,791,428,0.5410872313527181
1,2,692,391,0.565028901734104
2,3,766,517,0.674934725848564
3,4,743,416,0.5598923283983849
4,5,735,400,0.54421768707483
5,6,763,429,0.562254259501966
6,7,755,522,0.6913907284768211
7,8,706,459,0.6501416430594901
8,9,688,515,0.748546511627907
9,10,683,418,0.6120058565153733
