{
  "noise_type": "pink",
  "noise_level": 20.0,
  "denoise_method": "none",
  "window": {
    "loss": 1.272344484221118,
    "accuracy": 0.5783938814531548,
    "macro_f1": 0.5794559250119677,
    "num_windows": 7322
  },
  "repetition": {
    "accuracy": 0.9944444444444445,
    "macro_f1": 0.9944401544401545,
    "num_repetitions": 180
  }
}