class_index,gesture_id,support,correct,accuracy
0,1,791,490,0.6194690265486725
1,2,692,321,0.4638728323699422
2,3,766,423,0.5522193211488251
3,4,743,354,0.47644683714670255
4,5,735,452,0.6149659863945578
5,6,763,343,0.44954128440366975
6,7,754,543,0.7201591511936339
7,8,707,342,0.4837340876944837
8,9,688,484,0.7034883720930233
9,10,683,483,0.7071742313323572
