{
  "best_epoch": 46,
  "best_val_macro_f1": 0.6164787664744446,
  "val": {
    "loss": 1.3673013111989627,
    "accuracy": 0.617988883274381,
    "macro_f1": 0.6164787664744446
  },
  "test": {
    "loss": 1.179213762342486,
    "accuracy": 0.7076923076923077,
    "macro_f1": 0.7070964033944864
  }
}