class_index,gesture_id,support,correct,accuracy
0,1,18,8,0.4444444444444444
1,2,18,11,0.6111111111111112
2,3,18,14,0.7777777777777778
3,4,18,17,0.9444444444444444
4,5,18,15,0.8333333333333334
5,6,18,18,1.0
6,7,18,6,0.3333333333333333
7,8,18,7,0.3888888888888889
8,9,18,11,0.6111111111111112
9,10,18,18,1.0
