class_index,gesture_id,support,correct,accuracy
0,1,790,153,0.19367088607594937
1,2,693,153,0.22077922077922077
2,3,766,291,0.37989556135770236
3,4,743,296,0.3983849259757739
4,5,734,240,0.32697547683923706
5,6,763,378,0.4954128440366973
6,7,755,150,0.1986754966887417
7,8,707,205,0.28995756718529
8,9,687,222,0.3231441048034934
9,10,683,265,0.38799414348462663
