class_index,gesture_id,support,correct,accuracy
0,1,790,251,0.31772151898734174
1,2,693,183,0.26406926406926406
2,3,766,462,0.6031331592689295
3,4,743,194,0.2611036339165545
4,5,734,251,0.3419618528610354
5,6,763,358,0.4692005242463958
6,7,755,317,0.4198675496688742
7,8,707,211,0.2984441301272984
8,9,687,405,0.5895196506550219
9,10,683,345,0.5051244509516838
