{
  "noise_type": "spikes",
  "noise_level": 0.3,
  "denoise_method": "none",
  "window": {
    "loss": 1.2953185879184521,
    "accuracy": 0.5714285714285714,
    "macro_f1": 0.5722185433231768,
    "num_windows": 7322
  },
  "repetition": {
    "accuracy": 0.9833333333333333,
    "macro_f1": 0.9832946436042411,
    "num_repetitions": 180
  }
}