class_index,gesture_id,support,correct,accuracy
0,1,791,484,0.6118836915297092
1,2,692,307,0.4436416184971098
2,3,766,419,0.5469973890339426
3,4,743,362,0.48721399730820997
4,5,735,424,0.5768707482993197
5,6,763,343,0.44954128440366975
6,7,754,529,0.7015915119363395
7,8,707,337,0.4766619519094767
8,9,688,490,0.7122093023255814
9,10,683,489,0.7159590043923866
