class_index,gesture_id,support,correct,accuracy
0,1,791,495,0.6257901390644753
1,2,692,318,0.4595375722543353
2,3,766,416,0.5430809399477807
3,4,743,352,0.4737550471063257
4,5,735,459,0.6244897959183674
5,6,763,361,0.47313237221494103
6,7,754,549,0.7281167108753316
7,8,707,328,0.4639321074964639
8,9,688,483,0.7020348837209303
9,10,683,489,0.7159590043923866
