class_index,gesture_id,support,correct,accuracy
0,1,790,46,0.05822784810126582
1,2,692,6,0.008670520231213872
2,3,766,5,0.006527415143603133
3,4,743,26,0.034993270524899055
4,5,735,0,0.0
5,6,763,361,0.47313237221494103
6,7,755,3,0.003973509933774834
7,8,707,27,0.03818953323903819
8,9,687,143,0.2081513828238719
9,10,683,490,0.7174231332357247
