{
  "best_epoch": 45,
  "best_val_macro_f1": 0.597419920245897,
  "val": {
    "loss": 1.5202186455806137,
    "accuracy": 0.6028297119757453,
    "macro_f1": 0.597419920245897
  },
  "test": {
    "loss": 1.0459369186217409,
    "accuracy": 0.7106598984771574,
    "macro_f1": 0.7070495401872066
  }
}