class_index,gesture_id,support,correct,accuracy
0,1,790,229,0.289873417721519
1,2,692,223,0.3222543352601156
2,3,766,145,0.18929503916449086
3,4,743,85,0.11440107671601615
4,5,735,136,0.18503401360544217
5,6,763,132,0.17300131061598953
6,7,755,457,0.6052980132450331
7,8,707,124,0.1753889674681754
8,9,687,198,0.28820960698689957
9,10,683,176,0.25768667642752563
