class_index,gesture_id,support,correct,accuracy
0,1,18,9,0.5
1,2,18,16,0.8888888888888888
2,3,18,7,0.3888888888888889
3,4,18,6,0.3333333333333333
4,5,18,0,0.0
5,6,18,6,0.3333333333333333
6,7,18,15,0.8333333333333334
7,8,18,9,0.5
8,9,18,12,0.6666666666666666
9,10,18,0,0.0
