class_index,gesture_id,support,correct,accuracy
0,1,791,157,0.19848293299620734
1,2,692,327,0.4725433526011561
2,3,766,223,0.29112271540469975
3,4,743,90,0.12113055181695828
4,5,735,87,0.11836734693877551
5,6,763,124,0.16251638269986893
6,7,755,353,0.4675496688741722
7,8,706,157,0.22237960339943344
8,9,688,246,0.35755813953488375
9,10,683,45,0.06588579795021962
