class_index,gesture_id,support,correct,accuracy
0,1,791,414,0.5233881163084703
1,2,692,394,0.569364161849711
2,3,766,522,0.6814621409921671
3,4,743,433,0.5827725437415882
4,5,735,401,0.545578231292517
5,6,763,421,0.5517693315858454
6,7,755,528,0.6993377483443709
7,8,706,460,0.6515580736543909
8,9,688,513,0.7456395348837209
9,10,683,419,0.6134699853587116
