class_index,gesture_id,support,correct,accuracy
0,1,790,422,0.5341772151898734
1,2,692,246,0.3554913294797688
2,3,766,447,0.5835509138381201
3,4,743,388,0.522207267833109
4,5,735,334,0.454421768707483
5,6,763,403,0.528178243774574
6,7,755,398,0.5271523178807948
7,8,707,456,0.6449787835926449
8,9,687,434,0.6317321688500728
9,10,683,498,0.7291361639824304
