class_index,gesture_id,support,correct,accuracy
0,1,790,79,0.1
1,2,693,114,0.1645021645021645
2,3,766,298,0.38903394255874674
3,4,743,222,0.29878869448183043
4,5,734,129,0.17574931880108993
5,6,763,319,0.418086500655308
6,7,755,142,0.1880794701986755
7,8,707,171,0.24186704384724186
8,9,687,287,0.4177583697234352
9,10,683,347,0.5080527086383602
