class_index,gesture_id,support,correct,accuracy
0,1,790,399,0.5050632911392405
1,2,692,151,0.21820809248554912
2,3,766,321,0.41906005221932113
3,4,743,354,0.47644683714670255
4,5,735,179,0.24353741496598638
5,6,763,323,0.4233289646133683
6,7,755,205,0.271523178807947
7,8,707,413,0.5841584158415841
8,9,687,391,0.5691411935953421
9,10,683,436,0.6383601756954612
