class_index,gesture_id,support,correct,accuracy
0,1,790,34,0.043037974683544304
1,2,693,30,0.04329004329004329
2,3,766,44,0.057441253263707574
3,4,743,100,0.13458950201884254
4,5,734,69,0.09400544959128065
5,6,763,504,0.6605504587155964
6,7,755,34,0.045033112582781455
7,8,707,255,0.3606789250353607
8,9,687,168,0.2445414847161572
9,10,683,121,0.17715959004392387
