class_index,gesture_id,support,correct,accuracy
0,1,791,411,0.5195954487989887
1,2,692,375,0.541907514450867
2,3,766,516,0.6736292428198434
3,4,743,432,0.5814266487213997
4,5,735,375,0.5102040816326531
5,6,763,424,0.5557011795543906
6,7,755,484,0.6410596026490066
7,8,706,451,0.6388101983002833
8,9,688,505,0.7340116279069767
9,10,683,414,0.6061493411420205
