class_index,gesture_id,support,correct,accuracy
0,1,790,420,0.5316455696202531
1,2,692,331,0.47832369942196534
2,3,766,486,0.6344647519582245
3,4,743,412,0.5545087483176312
4,5,735,456,0.6204081632653061
5,6,763,450,0.5897771952817824
6,7,755,515,0.6821192052980133
7,8,707,450,0.6364922206506365
8,9,687,415,0.604075691411936
9,10,683,440,0.6442166910688141
