class_index,gesture_id,support,correct,accuracy
0,1,791,202,0.2553729456384324
1,2,692,166,0.2398843930635838
2,3,766,160,0.20887728459530025
3,4,743,176,0.23687752355316286
4,5,735,142,0.19319727891156463
5,6,763,267,0.34993446920052423
6,7,754,94,0.1246684350132626
7,8,707,140,0.19801980198019803
8,9,688,324,0.47093023255813954
9,10,683,563,0.8243045387994143
