class_index,gesture_id,support,correct,accuracy
0,1,791,246,0.3109987357774968
1,2,692,110,0.15895953757225434
2,3,766,129,0.16840731070496084
3,4,743,223,0.3001345895020188
4,5,735,89,0.12108843537414966
5,6,763,176,0.2306684141546527
6,7,754,41,0.054376657824933686
7,8,707,50,0.07072135785007072
8,9,688,335,0.48691860465116277
9,10,683,446,0.6530014641288433
