{
  "noise_type": "motion",
  "noise_level": 0.3,
  "denoise_method": "none",
  "window": {
    "loss": 1.3374389808468765,
    "accuracy": 0.5619450894686518,
    "macro_f1": 0.5598651565203899,
    "num_windows": 7321
  },
  "repetition": {
    "accuracy": 1.0,
    "macro_f1": 1.0,
    "num_repetitions": 180
  }
}