class_index,gesture_id,support,correct,accuracy
0,1,790,340,0.43037974683544306
1,2,693,261,0.37662337662337664
2,3,766,529,0.6906005221932114
3,4,743,328,0.4414535666218035
4,5,735,396,0.5387755102040817
5,6,763,349,0.45740498034076016
6,7,754,521,0.6909814323607427
7,8,707,441,0.6237623762376238
8,9,687,464,0.6754002911208151
9,10,683,485,0.7101024890190337
