class_index,gesture_id,support,correct,accuracy
0,1,18,15,0.8333333333333334
1,2,18,7,0.3888888888888889
2,3,18,18,1.0
3,4,18,4,0.2222222222222222
4,5,18,7,0.3888888888888889
5,6,18,4,0.2222222222222222
6,7,18,18,1.0
7,8,18,15,0.8333333333333334
8,9,18,17,0.9444444444444444
9,10,18,18,1.0
