class_index,gesture_id,support,correct,accuracy
0,1,790,272,0.34430379746835443
1,2,693,157,0.22655122655122656
2,3,766,473,0.6174934725848564
3,4,743,101,0.13593539703903096
4,5,735,139,0.1891156462585034
5,6,763,199,0.2608125819134993
6,7,754,364,0.4827586206896552
7,8,707,213,0.3012729844413013
8,9,687,415,0.604075691411936
9,10,683,402,0.5885797950219619
