class_index,gesture_id,support,correct,accuracy
0,1,791,17,0.021491782553729456
1,2,692,46,0.06647398843930635
2,3,766,17,0.022193211488250653
3,4,743,30,0.040376850605652756
4,5,735,7,0.009523809523809525
5,6,763,312,0.4089121887287025
6,7,754,7,0.009283819628647215
7,8,707,40,0.056577086280056574
8,9,688,109,0.15843023255813954
9,10,683,483,0.7071742313323572
