{
  "noise_type": "wgn",
  "noise_level": -5.0,
  "denoise_method": "kalman",
  "window": {
    "loss": 2.111117606458728,
    "accuracy": 0.29230979374402405,
    "macro_f1": 0.2780298499457443,
    "num_windows": 7321
  },
  "repetition": {
    "accuracy": 0.4388888888888889,
    "macro_f1": 0.39406779821507804,
    "num_repetitions": 180
  }
}