class_index,gesture_id,support,correct,accuracy
0,1,18,3,0.16666666666666666
1,2,18,1,0.05555555555555555
2,3,18,2,0.1111111111111111
3,4,18,5,0.2777777777777778
4,5,18,4,0.2222222222222222
5,6,18,18,1.0
6,7,18,2,0.1111111111111111
7,8,18,11,0.6111111111111112
8,9,18,16,0.8888888888888888
9,10,18,17,0.9444444444444444
