class_index,gesture_id,support,correct,accuracy
0,1,790,116,0.1468354430379747
1,2,693,73,0.10533910533910534
2,3,766,129,0.16840731070496084
3,4,743,166,0.2234185733512786
4,5,734,173,0.2356948228882834
5,6,763,474,0.6212319790301442
6,7,755,132,0.17483443708609273
7,8,707,265,0.37482319660537483
8,9,687,349,0.5080058224163028
9,10,683,263,0.3850658857979502
