{
  "noise_type": "motion",
  "noise_level": 0.6,
  "denoise_method": "kalman",
  "window": {
    "loss": 2.0799505620067227,
    "accuracy": 0.2968173746755908,
    "macro_f1": 0.2861895414871084,
    "num_windows": 7321
  },
  "repetition": {
    "accuracy": 0.5444444444444444,
    "macro_f1": 0.4987665109730184,
    "num_repetitions": 180
  }
}