class_index,gesture_id,support,correct,accuracy
0,1,790,272,0.34430379746835443
1,2,693,69,0.09956709956709957
2,3,766,217,0.283289817232376
3,4,743,107,0.1440107671601615
4,5,735,200,0.272108843537415
5,6,763,113,0.14809960681520315
6,7,754,374,0.4960212201591512
7,8,707,246,0.347949080622348
8,9,687,286,0.4163027656477438
9,10,683,289,0.42313323572474376
