class_index,gesture_id,support,correct,accuracy
0,1,791,405,0.5120101137800253
1,2,692,264,0.3815028901734104
2,3,766,345,0.45039164490861616
3,4,743,301,0.40511440107671604
4,5,735,326,0.4435374149659864
5,6,763,334,0.43774574049803405
6,7,754,364,0.4827586206896552
7,8,707,272,0.38472418670438474
8,9,688,481,0.6991279069767442
9,10,683,529,0.7745241581259151
