class_index,gesture_id,support,correct,accuracy
0,1,791,63,0.07964601769911504
1,2,692,30,0.04335260115606936
2,3,766,15,0.0195822454308094
3,4,743,39,0.052489905787348586
4,5,735,27,0.036734693877551024
5,6,763,218,0.2857142857142857
6,7,754,56,0.07427055702917772
7,8,707,16,0.02263083451202263
8,9,688,255,0.3706395348837209
9,10,683,558,0.8169838945827232
