class_index,gesture_id,support,correct,accuracy
0,1,791,28,0.035398230088495575
1,2,692,15,0.02167630057803468
2,3,766,4,0.005221932114882507
3,4,743,28,0.03768506056527591
4,5,735,10,0.013605442176870748
5,6,763,233,0.3053735255570118
6,7,754,19,0.025198938992042442
7,8,707,8,0.011315417256011316
8,9,688,153,0.22238372093023256
9,10,683,585,0.8565153733528551
