class_index,gesture_id,support,correct,accuracy
0,1,18,12,0.6666666666666666
1,2,18,8,0.4444444444444444
2,3,18,7,0.3888888888888889
3,4,18,5,0.2777777777777778
4,5,18,2,0.1111111111111111
5,6,18,10,0.5555555555555556
6,7,18,11,0.6111111111111112
7,8,18,9,0.5
8,9,18,17,0.9444444444444444
9,10,18,16,0.8888888888888888
