class_index,gesture_id,support,correct,accuracy
0,1,790,256,0.3240506329113924
1,2,692,191,0.27601156069364163
2,3,766,172,0.2245430809399478
3,4,743,102,0.13728129205921938
4,5,735,123,0.1673469387755102
5,6,763,189,0.24770642201834864
6,7,755,384,0.5086092715231788
7,8,707,219,0.30975954738330974
8,9,687,272,0.39592430858806404
9,10,683,296,0.4333821376281113
