class_index,gesture_id,support,correct,accuracy
0,1,790,434,0.549367088607595
1,2,692,246,0.3554913294797688
2,3,766,458,0.597911227154047
3,4,743,418,0.5625841184387618
4,5,735,351,0.4775510204081633
5,6,763,406,0.5321100917431193
6,7,755,404,0.5350993377483444
7,8,707,473,0.669024045261669
8,9,687,427,0.6215429403202329
9,10,683,483,0.7071742313323572
