{
  "noise_type": "wgn",
  "noise_level": -5.0,
  "denoise_method": "notch",
  "window": {
    "loss": 3.0945897800416637,
    "accuracy": 0.1996994946045622,
    "macro_f1": 0.17893207464483887,
    "num_windows": 7321
  },
  "repetition": {
    "accuracy": 0.28888888888888886,
    "macro_f1": 0.22879784946236556,
    "num_repetitions": 180
  }
}