class_index,gesture_id,support,correct,accuracy
0,1,18,14,0.7777777777777778
1,2,18,0,0.0
2,3,18,0,0.0
3,4,18,5,0.2777777777777778
4,5,18,0,0.0
5,6,18,8,0.4444444444444444
6,7,18,0,0.0
7,8,18,0,0.0
8,9,18,9,0.5
9,10,18,16,0.8888888888888888
