class_index,gesture_id,support,correct,accuracy
0,1,790,280,0.35443037974683544
1,2,692,48,0.06936416184971098
2,3,766,90,0.1174934725848564
3,4,743,161,0.21668909825033647
4,5,735,30,0.04081632653061224
5,6,763,193,0.2529488859764089
6,7,755,23,0.030463576158940398
7,8,707,132,0.1867043847241867
8,9,687,237,0.34497816593886466
9,10,683,268,0.3923865300146413
