class_index,gesture_id,support,correct,accuracy
0,1,790,103,0.13037974683544304
1,2,693,68,0.09812409812409813
2,3,766,166,0.21671018276762402
3,4,743,69,0.09286675639300135
4,5,735,30,0.04081632653061224
5,6,763,161,0.21100917431192662
6,7,754,30,0.03978779840848806
7,8,707,62,0.0876944837340877
8,9,687,181,0.26346433770014555
9,10,683,346,0.5065885797950219
