{
  "noise_type": "wgn",
  "noise_level": 20.0,
  "denoise_method": "kalman",
  "window": {
    "loss": 2.1447699846359667,
    "accuracy": 0.24504849064335474,
    "macro_f1": 0.21650800278975263,
    "num_windows": 7321
  },
  "repetition": {
    "accuracy": 0.34444444444444444,
    "macro_f1": 0.2765004009623096,
    "num_repetitions": 180
  }
}