class_index,gesture_id,support,correct,accuracy
0,1,790,448,0.5670886075949367
1,2,693,55,0.07936507936507936
2,3,766,133,0.17362924281984335
3,4,743,84,0.11305518169582772
4,5,735,192,0.2612244897959184
5,6,763,66,0.08650065530799476
6,7,754,479,0.6352785145888594
7,8,707,77,0.10891089108910891
8,9,687,166,0.24163027656477437
9,10,683,94,0.1376281112737921
