class_index,gesture_id,support,correct,accuracy
0,1,791,115,0.14538558786346398
1,2,692,50,0.07225433526011561
2,3,766,48,0.06266318537859007
3,4,743,91,0.1224764468371467
4,5,735,46,0.06258503401360545
5,6,763,314,0.41153342070773263
6,7,755,41,0.054304635761589407
7,8,706,32,0.0453257790368272
8,9,688,401,0.5828488372093024
9,10,683,344,0.5036603221083455
