class_index,gesture_id,support,correct,accuracy
0,1,791,83,0.10493046776232617
1,2,692,55,0.07947976878612717
2,3,766,87,0.11357702349869452
3,4,743,103,0.1386271870794078
4,5,735,81,0.11020408163265306
5,6,763,298,0.3905635648754915
6,7,755,20,0.026490066225165563
7,8,706,48,0.0679886685552408
8,9,688,305,0.4433139534883721
9,10,683,427,0.6251830161054173
