{
  "best_epoch": 54,
  "best_val_macro_f1": 0.8285947612119138,
  "val": {
    "loss": 0.79756298165774,
    "accuracy": 0.8282270215971873,
    "macro_f1": 0.8285947612119138
  },
  "test": {
    "loss": 0.8724453554433935,
    "accuracy": 0.7836134453781513,
    "macro_f1": 0.7858320477064108
  }
}