{
  "noise_type": "hum",
  "noise_level": 0.1,
  "denoise_method": "notch",
  "window": {
    "loss": 1.2118061406741685,
    "accuracy": 0.61589946728589,
    "macro_f1": 0.6122803953928522,
    "num_windows": 7321
  },
  "repetition": {
    "accuracy": 0.9944444444444445,
    "macro_f1": 0.9944401544401543,
    "num_repetitions": 180
  }
}