class_index,gesture_id,support,correct,accuracy
0,1,790,358,0.4531645569620253
1,2,693,326,0.4704184704184704
2,3,766,548,0.7154046997389034
3,4,743,390,0.5248990578734859
4,5,734,565,0.7697547683923706
5,6,763,439,0.5753604193971167
6,7,755,635,0.8410596026490066
7,8,707,421,0.5954738330975955
8,9,687,429,0.6244541484716157
9,10,683,398,0.582723279648609
