{
  "best_epoch": 50,
  "best_val_macro_f1": 0.6084605295939756,
  "val": {
    "loss": 1.3603004384213435,
    "accuracy": 0.6102991394618221,
    "macro_f1": 0.6084605295939756
  },
  "test": {
    "loss": 1.346592097998219,
    "accuracy": 0.6083868323999454,
    "macro_f1": 0.6054510136112587
  }
}