class_index,gesture_id,support,correct,accuracy
0,1,18,11,0.6111111111111112
1,2,18,7,0.3888888888888889
2,3,18,0,0.0
3,4,18,0,0.0
4,5,18,6,0.3333333333333333
5,6,18,9,0.5
6,7,18,18,1.0
7,8,18,3,0.16666666666666666
8,9,18,8,0.4444444444444444
9,10,18,0,0.0
