class_index,gesture_id,support,correct,accuracy
0,1,790,211,0.2670886075949367
1,2,693,220,0.31746031746031744
2,3,766,67,0.08746736292428199
3,4,743,68,0.09152086137281291
4,5,734,188,0.2561307901907357
5,6,763,134,0.17562254259501967
6,7,755,557,0.7377483443708609
7,8,707,108,0.15275813295615276
8,9,687,239,0.34788937409024745
9,10,683,68,0.09956076134699854
