class_index,gesture_id,support,correct,accuracy
0,1,791,496,0.6270543615676359
1,2,692,298,0.430635838150289
2,3,766,434,0.566579634464752
3,4,743,358,0.48183041722745623
4,5,735,445,0.6054421768707483
5,6,763,357,0.46788990825688076
6,7,754,546,0.7241379310344828
7,8,707,384,0.5431400282885431
8,9,688,475,0.690406976744186
9,10,683,437,0.6398243045387995
