class_index,gesture_id,support,correct,accuracy
0,1,791,126,0.1592920353982301
1,2,692,91,0.1315028901734104
2,3,766,33,0.04308093994778068
3,4,743,30,0.040376850605652756
4,5,735,109,0.14829931972789115
5,6,763,179,0.2346002621231979
6,7,754,219,0.29045092838196285
7,8,707,64,0.09052333804809053
8,9,688,304,0.4418604651162791
9,10,683,375,0.5490483162518301
