class_index,gesture_id,support,correct,accuracy
0,1,790,227,0.2873417721518987
1,2,693,236,0.34054834054834054
2,3,766,56,0.0731070496083551
3,4,743,58,0.07806191117092867
4,5,734,173,0.2356948228882834
5,6,763,107,0.1402359108781127
6,7,755,578,0.7655629139072848
7,8,707,86,0.12164073550212164
8,9,687,199,0.28966521106259097
9,10,683,50,0.07320644216691069
