class_index,gesture_id,support,correct,accuracy
0,1,790,168,0.21265822784810126
1,2,692,35,0.05057803468208093
2,3,766,78,0.10182767624020887
3,4,743,93,0.12516823687752354
4,5,735,15,0.02040816326530612
5,6,763,254,0.3328964613368283
6,7,755,61,0.08079470198675497
7,8,707,152,0.214992927864215
8,9,687,311,0.45269286754002913
9,10,683,509,0.7452415812591509
