{
  "noise_type": "drift",
  "noise_level": 0.1,
  "denoise_method": "none",
  "window": {
    "loss": 1.2084586609095405,
    "accuracy": 0.6174019942630788,
    "macro_f1": 0.6140613220353188,
    "num_windows": 7321
  },
  "repetition": {
    "accuracy": 0.9944444444444445,
    "macro_f1": 0.9944401544401543,
    "num_repetitions": 180
  }
}