class_index,gesture_id,support,correct,accuracy
0,1,790,357,0.4518987341772152
1,2,693,330,0.47619047619047616
2,3,766,536,0.6997389033942559
3,4,743,404,0.5437415881561238
4,5,734,570,0.776566757493188
5,6,763,454,0.5950196592398427
6,7,755,614,0.8132450331125828
7,8,707,425,0.6011315417256011
8,9,687,430,0.6259097525473072
9,10,683,400,0.5856515373352855
