class_index,gesture_id,support,correct,accuracy
0,1,18,14,0.7777777777777778
1,2,18,17,0.9444444444444444
2,3,18,18,1.0
3,4,18,17,0.9444444444444444
4,5,18,6,0.3333333333333333
5,6,18,14,0.7777777777777778
6,7,18,12,0.6666666666666666
7,8,18,12,0.6666666666666666
8,9,18,18,1.0
9,10,18,16,0.8888888888888888
