class_index,gesture_id,support,correct,accuracy
0,1,791,275,0.347661188369153
1,2,692,270,0.3901734104046243
2,3,766,481,0.6279373368146214
3,4,743,211,0.2839838492597577
4,5,735,119,0.1619047619047619
5,6,763,296,0.38794233289646135
6,7,755,249,0.32980132450331123
7,8,706,163,0.23087818696883852
8,9,688,521,0.7572674418604651
9,10,683,328,0.4802342606149341
