{
  "noise_type": "drift",
  "noise_level": 0.3,
  "denoise_method": "wavelet",
  "window": {
    "loss": 2.216323108608614,
    "accuracy": 0.2604835404999317,
    "macro_f1": 0.2527554001115716,
    "num_windows": 7321
  },
  "repetition": {
    "accuracy": 0.4777777777777778,
    "macro_f1": 0.4644275526272529,
    "num_repetitions": 180
  }
}