class_index,gesture_id,support,correct,accuracy
0,1,18,9,0.5
1,2,18,0,0.0
2,3,18,5,0.2777777777777778
3,4,18,2,0.1111111111111111
4,5,18,7,0.3888888888888889
5,6,18,9,0.5
6,7,18,10,0.5555555555555556
7,8,18,14,0.7777777777777778
8,9,18,14,0.7777777777777778
9,10,18,16,0.8888888888888888
