class_index,gesture_id,support,correct,accuracy
0,1,790,224,0.28354430379746837
1,2,693,42,0.06060606060606061
2,3,766,151,0.19712793733681463
3,4,743,101,0.13593539703903096
4,5,735,205,0.2789115646258503
5,6,763,164,0.21494102228047182
6,7,754,278,0.3687002652519894
7,8,707,223,0.31541725601131543
8,9,687,233,0.33915574963609896
9,10,683,286,0.41874084919472915
