class_index,gesture_id,support,correct,accuracy
0,1,790,88,0.11139240506329114
1,2,692,19,0.02745664739884393
2,3,766,31,0.04046997389033943
3,4,743,52,0.06998654104979811
4,5,735,3,0.004081632653061225
5,6,763,311,0.4076015727391874
6,7,755,41,0.054304635761589407
7,8,707,91,0.12871287128712872
8,9,687,267,0.388646288209607
9,10,683,515,0.7540263543191801
