class_index,gesture_id,support,correct,accuracy
0,1,790,239,0.30253164556962026
1,2,693,199,0.28715728715728717
2,3,766,443,0.5783289817232375
3,4,743,398,0.5356662180349933
4,5,734,398,0.5422343324250681
5,6,763,440,0.5766710353866317
6,7,755,339,0.44900662251655626
7,8,707,348,0.49222065063649223
8,9,687,335,0.487627365356623
9,10,683,382,0.5592972181551976
