class_index,gesture_id,support,correct,accuracy
0,1,790,347,0.43924050632911393
1,2,692,175,0.25289017341040465
2,3,766,412,0.5378590078328982
3,4,743,216,0.29071332436069985
4,5,735,152,0.20680272108843537
5,6,763,348,0.45609436435124506
6,7,755,229,0.3033112582781457
7,8,707,229,0.32390381895332393
8,9,687,367,0.5342066957787481
9,10,683,418,0.6120058565153733
