{
  "best_epoch": 67,
  "best_val_macro_f1": 0.7240056047037429,
  "val": {
    "loss": 1.1566224147309145,
    "accuracy": 0.7275434243176179,
    "macro_f1": 0.7240056047037429
  },
  "test": {
    "loss": 1.0887422656667405,
    "accuracy": 0.6733954451345756,
    "macro_f1": 0.6660082707462974
  }
}