class_index,gesture_id,support,correct,accuracy
0,1,790,194,0.24556962025316456
1,2,692,198,0.2861271676300578
2,3,766,112,0.1462140992167102
3,4,743,79,0.1063257065948856
4,5,735,104,0.1414965986394558
5,6,763,215,0.2817824377457405
6,7,755,359,0.47549668874172185
7,8,707,109,0.15417256011315417
8,9,687,193,0.28093158660844253
9,10,683,220,0.32210834553440704
