class_index,gesture_id,support,correct,accuracy
0,1,18,17,0.9444444444444444
1,2,18,11,0.6111111111111112
2,3,18,18,1.0
3,4,18,6,0.3333333333333333
4,5,18,8,0.4444444444444444
5,6,18,4,0.2222222222222222
6,7,18,13,0.7222222222222222
7,8,18,8,0.4444444444444444
8,9,18,18,1.0
9,10,18,18,1.0
