class_index,gesture_id,support,correct,accuracy
0,1,791,312,0.3944374209860936
1,2,692,202,0.29190751445086704
2,3,766,386,0.5039164490861618
3,4,743,117,0.15746971736204576
4,5,735,140,0.19047619047619047
5,6,763,228,0.29882044560943644
6,7,754,303,0.40185676392572944
7,8,707,120,0.16973125884016974
8,9,688,475,0.690406976744186
9,10,683,396,0.5797950219619327
