class_index,gesture_id,support,correct,accuracy
0,1,791,208,0.2629582806573957
1,2,692,122,0.17630057803468208
2,3,766,81,0.10574412532637076
3,4,743,55,0.0740242261103634
4,5,735,142,0.19319727891156463
5,6,763,116,0.15203145478374835
6,7,754,322,0.4270557029177719
7,8,707,77,0.10891089108910891
8,9,688,343,0.498546511627907
9,10,683,287,0.42020497803806733
