class_index,gesture_id,support,correct,accuracy
0,1,205,162,0.7902439024390244
1,2,159,90,0.5660377358490566
2,3,213,155,0.7276995305164319
3,4,217,144,0.663594470046083
4,5,170,141,0.8294117647058824
5,6,244,208,0.8524590163934426
6,7,197,147,0.7461928934010152
7,8,170,120,0.7058823529411765
8,9,184,119,0.6467391304347826
9,10,194,114,0.5876288659793815
