class_index,gesture_id,support,correct,accuracy
0,1,790,276,0.3493670886075949
1,2,693,153,0.22077922077922077
2,3,766,477,0.6227154046997389
3,4,743,93,0.12516823687752354
4,5,735,136,0.18503401360544217
5,6,763,199,0.2608125819134993
6,7,754,372,0.493368700265252
7,8,707,212,0.29985855728429983
8,9,687,400,0.5822416302765647
9,10,683,404,0.5915080527086384
