{
  "noise_type": "wgn",
  "noise_level": -5.0,
  "denoise_method": "notch",
  "window": {
    "loss": 2.775937968501464,
    "accuracy": 0.21991531211583118,
    "macro_f1": 0.21119873641563652,
    "num_windows": 7321
  },
  "repetition": {
    "accuracy": 0.3888888888888889,
    "macro_f1": 0.35388978089035295,
    "num_repetitions": 180
  }
}