class_index,gesture_id,support,correct,accuracy
0,1,790,100,0.12658227848101267
1,2,693,134,0.19336219336219337
2,3,766,212,0.27676240208877284
3,4,743,214,0.288021534320323
4,5,734,137,0.18664850136239783
5,6,763,327,0.42857142857142855
6,7,755,58,0.07682119205298013
7,8,707,98,0.13861386138613863
8,9,687,123,0.17903930131004367
9,10,683,207,0.30307467057101023
