{
  "noise_type": "hum",
  "noise_level": 0.1,
  "denoise_method": "pca",
  "window": {
    "loss": 1.72493242930884,
    "accuracy": 0.4112826116650731,
    "macro_f1": 0.40783588898764067,
    "num_windows": 7321
  },
  "repetition": {
    "accuracy": 0.8555555555555555,
    "macro_f1": 0.8555412674763465,
    "num_repetitions": 180
  }
}