class_index,gesture_id,support,correct,accuracy
0,1,790,249,0.31518987341772153
1,2,693,192,0.27705627705627706
2,3,766,471,0.6148825065274152
3,4,743,196,0.26379542395693134
4,5,734,259,0.3528610354223433
5,6,763,358,0.4692005242463958
6,7,755,321,0.4251655629139073
7,8,707,211,0.2984441301272984
8,9,687,407,0.5924308588064047
9,10,683,347,0.5080527086383602
