class_index,gesture_id,support,correct,accuracy
0,1,790,36,0.04556962025316456
1,2,693,6,0.008658008658008658
2,3,766,29,0.037859007832898174
3,4,743,58,0.07806191117092867
4,5,735,58,0.07891156462585033
5,6,763,356,0.46657929226736566
6,7,754,3,0.003978779840848806
7,8,707,106,0.14992927864214992
8,9,687,155,0.22561863173216884
9,10,683,417,0.6105417276720352
