class_index,gesture_id,support,correct,accuracy
0,1,790,263,0.3329113924050633
1,2,693,281,0.4054834054834055
2,3,766,505,0.6592689295039165
3,4,743,401,0.5397039030955586
4,5,734,589,0.8024523160762943
5,6,763,474,0.6212319790301442
6,7,755,568,0.752317880794702
7,8,707,398,0.562942008486563
8,9,687,298,0.43377001455604075
9,10,683,198,0.28989751098096633
