{
  "noise_type": "hum",
  "noise_level": 0.3,
  "denoise_method": "none",
  "window": {
    "loss": 1.2446855013527809,
    "accuracy": 0.6051085917224422,
    "macro_f1": 0.6027626720475829,
    "num_windows": 7321
  },
  "repetition": {
    "accuracy": 0.9944444444444445,
    "macro_f1": 0.9944401544401543,
    "num_repetitions": 180
  }
}