class_index,gesture_id,support,correct,accuracy
0,1,790,403,0.5101265822784811
1,2,693,332,0.4790764790764791
2,3,766,524,0.6840731070496083
3,4,743,322,0.43337819650067294
4,5,735,484,0.6585034013605442
5,6,763,375,0.49148099606815204
6,7,754,608,0.8063660477453581
7,8,707,437,0.6181046676096181
8,9,687,475,0.6914119359534207
9,10,683,470,0.6881405563689604
