{
  "noise_type": "spikes",
  "noise_level": 0.1,
  "denoise_method": "none",
  "window": {
    "loss": 1.2059364573516866,
    "accuracy": 0.619177707963393,
    "macro_f1": 0.6157136303382843,
    "num_windows": 7321
  },
  "repetition": {
    "accuracy": 0.9944444444444445,
    "macro_f1": 0.9944401544401543,
    "num_repetitions": 180
  }
}