class_index,gesture_id,support,correct,accuracy
0,1,790,361,0.4569620253164557
1,2,693,321,0.46320346320346323
2,3,766,547,0.7140992167101827
3,4,743,408,0.5491251682368775
4,5,734,572,0.779291553133515
5,6,763,444,0.581913499344692
6,7,755,625,0.8278145695364238
7,8,707,423,0.5983026874115983
8,9,687,430,0.6259097525473072
9,10,683,402,0.5885797950219619
