class_index,gesture_id,support,correct,accuracy
0,1,18,11,0.6111111111111112
1,2,18,4,0.2222222222222222
2,3,18,2,0.1111111111111111
3,4,18,0,0.0
4,5,18,10,0.5555555555555556
5,6,18,9,0.5
6,7,18,17,0.9444444444444444
7,8,18,2,0.1111111111111111
8,9,18,13,0.7222222222222222
9,10,18,7,0.3888888888888889
