class_index,gesture_id,support,correct,accuracy
0,1,791,223,0.28192161820480405
1,2,692,160,0.23121387283236994
2,3,766,67,0.08746736292428199
3,4,743,46,0.06191117092866756
4,5,735,161,0.21904761904761905
5,6,763,83,0.10878112712975098
6,7,754,473,0.6273209549071618
7,8,707,62,0.0876944837340877
8,9,688,270,0.39244186046511625
9,10,683,174,0.2547584187408492
