class_index,gesture_id,support,correct,accuracy
0,1,790,157,0.19873417721518988
1,2,692,98,0.1416184971098266
2,3,766,89,0.11618798955613577
3,4,743,78,0.10497981157469717
4,5,735,24,0.0326530612244898
5,6,763,253,0.3315858453473132
6,7,755,159,0.21059602649006623
7,8,707,139,0.1966053748231966
8,9,687,285,0.4148471615720524
9,10,683,443,0.6486090775988287
