class_index,gesture_id,support,correct,accuracy
0,1,18,15,0.8333333333333334
1,2,18,0,0.0
2,3,18,6,0.3333333333333333
3,4,18,5,0.2777777777777778
4,5,18,18,1.0
5,6,18,10,0.5555555555555556
6,7,18,18,1.0
7,8,18,9,0.5
8,9,18,10,0.5555555555555556
9,10,18,7,0.3888888888888889
