class_index,gesture_id,support,correct,accuracy
0,1,790,374,0.47341772151898737
1,2,693,55,0.07936507936507936
2,3,766,121,0.15796344647519583
3,4,743,113,0.15208613728129206
4,5,735,263,0.3578231292517007
5,6,763,117,0.15334207077326342
6,7,754,390,0.5172413793103449
7,8,707,124,0.1753889674681754
8,9,687,174,0.25327510917030566
9,10,683,137,0.2005856515373353
