class_index,gesture_id,support,correct,accuracy
0,1,18,11,0.6111111111111112
1,2,18,13,0.7222222222222222
2,3,18,4,0.2222222222222222
3,4,18,7,0.3888888888888889
4,5,18,1,0.05555555555555555
5,6,18,11,0.6111111111111112
6,7,18,11,0.6111111111111112
7,8,18,1,0.05555555555555555
8,9,18,18,1.0
9,10,18,1,0.05555555555555555
