class_index,gesture_id,support,correct,accuracy
0,1,791,205,0.25916561314791403
1,2,692,201,0.2904624277456647
2,3,766,190,0.24804177545691905
3,4,743,139,0.18707940780619112
4,5,735,99,0.1346938775510204
5,6,763,216,0.28309305373525556
6,7,755,283,0.3748344370860927
7,8,706,96,0.1359773371104816
8,9,688,405,0.5886627906976745
9,10,683,160,0.2342606149341142
