class_index,gesture_id,support,correct,accuracy
0,1,18,5,0.2777777777777778
1,2,18,14,0.7777777777777778
2,3,18,1,0.05555555555555555
3,4,18,7,0.3888888888888889
4,5,18,1,0.05555555555555555
5,6,18,15,0.8333333333333334
6,7,18,7,0.3888888888888889
7,8,18,1,0.05555555555555555
8,9,18,12,0.6666666666666666
9,10,18,0,0.0
