class_index,gesture_id,support,correct,accuracy
0,1,791,126,0.1592920353982301
1,2,692,293,0.4234104046242775
2,3,766,72,0.09399477806788512
3,4,743,96,0.12920592193808883
4,5,735,93,0.12653061224489795
5,6,763,233,0.3053735255570118
6,7,755,320,0.423841059602649
7,8,706,34,0.04815864022662889
8,9,688,272,0.3953488372093023
9,10,683,72,0.1054172767203514
