class_index,gesture_id,support,correct,accuracy
0,1,790,347,0.43924050632911393
1,2,692,162,0.23410404624277456
2,3,766,397,0.5182767624020888
3,4,743,189,0.2543741588156124
4,5,735,127,0.1727891156462585
5,6,763,329,0.43119266055045874
6,7,755,222,0.29403973509933773
7,8,707,226,0.31966053748231965
8,9,687,385,0.5604075691411936
9,10,683,437,0.6398243045387995
