class_index,gesture_id,support,correct,accuracy
0,1,790,51,0.06455696202531645
1,2,693,82,0.11832611832611832
2,3,766,122,0.15926892950391644
3,4,743,152,0.20457604306864063
4,5,734,113,0.1539509536784741
5,6,763,500,0.6553079947575361
6,7,755,52,0.06887417218543046
7,8,707,246,0.347949080622348
8,9,687,172,0.25036390101892286
9,10,683,206,0.30161054172767204
