{
  "best_epoch": 6,
  "best_val_macro_f1": 0.34098197458341456,
  "val": {
    "loss": 2.034782107301589,
    "accuracy": 0.3525329632199861,
    "macro_f1": 0.34098197458341456
  },
  "test": {
    "loss": 1.9880815008504822,
    "accuracy": 0.3694606664376503,
    "macro_f1": 0.3562365575385073
  }
}