{
  "noise_type": "spikes",
  "noise_level": 0.6,
  "denoise_method": "kalman",
  "window": {
    "loss": 2.085486239413879,
    "accuracy": 0.2755088102718208,
    "macro_f1": 0.2573332372431197,
    "num_windows": 7321
  },
  "repetition": {
    "accuracy": 0.5166666666666667,
    "macro_f1": 0.4907471814958028,
    "num_repetitions": 180
  }
}