class_index,gesture_id,support,correct,accuracy
0,1,790,360,0.45569620253164556
1,2,693,67,0.09668109668109669
2,3,766,189,0.24673629242819844
3,4,743,100,0.13458950201884254
4,5,735,206,0.2802721088435374
5,6,763,81,0.10615989515072084
6,7,754,458,0.6074270557029178
7,8,707,164,0.23196605374823195
8,9,687,223,0.3245997088791849
9,10,683,169,0.24743777452415813
