class_index,gesture_id,support,correct,accuracy
0,1,790,222,0.2810126582278481
1,2,692,268,0.3872832369942196
2,3,766,104,0.13577023498694518
3,4,743,51,0.06864064602960969
4,5,735,109,0.14829931972789115
5,6,763,120,0.15727391874180865
6,7,755,481,0.6370860927152318
7,8,707,59,0.08345120226308345
8,9,687,126,0.18340611353711792
9,10,683,100,0.14641288433382138
