class_index,gesture_id,support,correct,accuracy
0,1,232,163,0.7025862068965517
1,2,169,108,0.6390532544378699
2,3,177,140,0.7909604519774012
3,4,204,170,0.8333333333333334
4,5,201,154,0.7661691542288557
5,6,195,134,0.6871794871794872
6,7,189,169,0.8941798941798942
7,8,201,160,0.7960199004975125
8,9,182,141,0.7747252747252747
9,10,182,131,0.7197802197802198
