class_index,gesture_id,support,correct,accuracy
0,1,791,140,0.17699115044247787
1,2,692,130,0.18786127167630057
2,3,766,209,0.27284595300261094
3,4,743,171,0.23014804845222073
4,5,735,122,0.16598639455782313
5,6,763,286,0.3748361730013106
6,7,755,49,0.06490066225165562
7,8,706,52,0.07365439093484419
8,9,688,368,0.5348837209302325
9,10,683,478,0.6998535871156661
