class_index,gesture_id,support,correct,accuracy
0,1,790,252,0.3189873417721519
1,2,692,63,0.09104046242774566
2,3,766,90,0.1174934725848564
3,4,743,158,0.2126514131897712
4,5,735,47,0.06394557823129252
5,6,763,265,0.3473132372214941
6,7,755,53,0.07019867549668875
7,8,707,201,0.2842998585572843
8,9,687,298,0.43377001455604075
9,10,683,494,0.7232796486090776
