{
  "noise_type": "spikes",
  "noise_level": 1.0,
  "denoise_method": "pca",
  "window": {
    "loss": 2.02629920415679,
    "accuracy": 0.30064198879934434,
    "macro_f1": 0.28629817106306965,
    "num_windows": 7321
  },
  "repetition": {
    "accuracy": 0.4388888888888889,
    "macro_f1": 0.36335786784970087,
    "num_repetitions": 180
  }
}