class_index,gesture_id,support,correct,accuracy
0,1,790,159,0.20126582278481012
1,2,693,106,0.15295815295815296
2,3,766,402,0.5248041775456919
3,4,743,118,0.15881561238223418
4,5,735,59,0.08027210884353742
5,6,763,174,0.22804718217562253
6,7,754,184,0.2440318302387268
7,8,707,200,0.2828854314002829
8,9,687,349,0.5080058224163028
9,10,683,450,0.6588579795021962
