{
  "best_epoch": 30,
  "best_val_macro_f1": 0.7001088928398927,
  "val": {
    "loss": 1.1564989692959196,
    "accuracy": 0.7022144522144522,
    "macro_f1": 0.7001088928398927
  },
  "test": {
    "loss": 1.1902964516144323,
    "accuracy": 0.6544622425629291,
    "macro_f1": 0.6525057620518497
  }
}