class_index,gesture_id,support,correct,accuracy
0,1,18,9,0.5
1,2,18,11,0.6111111111111112
2,3,18,3,0.16666666666666666
3,4,18,3,0.16666666666666666
4,5,18,3,0.16666666666666666
5,6,18,11,0.6111111111111112
6,7,18,14,0.7777777777777778
7,8,18,8,0.4444444444444444
8,9,18,10,0.5555555555555556
9,10,18,8,0.4444444444444444
