class_index,gesture_id,support,correct,accuracy
0,1,790,188,0.2379746835443038
1,2,692,241,0.34826589595375723
2,3,766,82,0.10704960835509138
3,4,743,61,0.08209959623149395
4,5,735,106,0.14421768707482993
5,6,763,200,0.2621231979030144
6,7,755,394,0.5218543046357615
7,8,707,89,0.12588401697312587
8,9,687,160,0.2328966521106259
9,10,683,163,0.23865300146412885
