class_index,gesture_id,support,correct,accuracy
0,1,18,12,0.6666666666666666
1,2,18,9,0.5
2,3,18,15,0.8333333333333334
3,4,18,5,0.2777777777777778
4,5,18,4,0.2222222222222222
5,6,18,3,0.16666666666666666
6,7,18,6,0.3333333333333333
7,8,18,1,0.05555555555555555
8,9,18,16,0.8888888888888888
9,10,18,18,1.0
