class_index,gesture_id,support,correct,accuracy
0,1,791,269,0.34007585335018964
1,2,692,176,0.2543352601156069
2,3,766,327,0.42689295039164493
3,4,743,124,0.16689098250336473
4,5,735,115,0.1564625850340136
5,6,763,233,0.3053735255570118
6,7,754,227,0.3010610079575597
7,8,707,98,0.13861386138613863
8,9,688,447,0.6497093023255814
9,10,683,428,0.6266471449487555
