{
  "noise_type": "wgn",
  "noise_level": 20.0,
  "denoise_method": "pca",
  "window": {
    "loss": 1.8116620741097624,
    "accuracy": 0.3724900969812867,
    "macro_f1": 0.35464730342593226,
    "num_windows": 7321
  },
  "repetition": {
    "accuracy": 0.6722222222222223,
    "macro_f1": 0.6399404945439866,
    "num_repetitions": 180
  }
}