class_index,gesture_id,support,correct,accuracy
0,1,790,266,0.3367088607594937
1,2,693,157,0.22655122655122656
2,3,766,472,0.6161879895561357
3,4,743,93,0.12516823687752354
4,5,735,134,0.18231292517006803
5,6,763,204,0.2673656618610747
6,7,754,381,0.5053050397877984
7,8,707,213,0.3012729844413013
8,9,687,404,0.5880640465793304
9,10,683,403,0.5900439238653001
