class_index,gesture_id,support,correct,accuracy
0,1,790,230,0.2911392405063291
1,2,693,247,0.3564213564213564
2,3,766,78,0.10182767624020887
3,4,743,71,0.0955585464333782
4,5,734,197,0.2683923705722071
5,6,763,110,0.14416775884665792
6,7,755,573,0.7589403973509934
7,8,707,100,0.14144271570014144
8,9,687,206,0.29985443959243085
9,10,683,47,0.06881405563689605
