class_index,gesture_id,support,correct,accuracy
0,1,790,49,0.0620253164556962
1,2,693,91,0.13131313131313133
2,3,766,200,0.26109660574412535
3,4,743,156,0.20995962314939434
4,5,734,93,0.12670299727520437
5,6,763,363,0.47575360419397117
6,7,755,88,0.11655629139072848
7,8,707,155,0.21923620933521923
8,9,687,274,0.3988355167394469
9,10,683,313,0.4582723279648609
