class_index,gesture_id,support,correct,accuracy
0,1,182,149,0.8186813186813187
1,2,212,130,0.6132075471698113
2,3,208,169,0.8125
3,4,184,137,0.7445652173913043
4,5,206,150,0.7281553398058253
5,6,189,135,0.7142857142857143
6,7,196,176,0.8979591836734694
7,8,188,160,0.851063829787234
8,9,180,155,0.8611111111111112
9,10,159,131,0.8238993710691824
