class_index,gesture_id,support,correct,accuracy
0,1,790,150,0.189873417721519
1,2,692,50,0.07225433526011561
2,3,766,76,0.09921671018276762
3,4,743,72,0.09690444145356662
4,5,735,19,0.02585034013605442
5,6,763,261,0.3420707732634338
6,7,755,103,0.13642384105960265
7,8,707,166,0.2347949080622348
8,9,687,270,0.3930131004366812
9,10,683,422,0.6178623718887262
