{
  "noise_type": "hum",
  "noise_level": 0.1,
  "denoise_method": "wavelet",
  "window": {
    "loss": 2.126635206835043,
    "accuracy": 0.24778035787460728,
    "macro_f1": 0.22642256761030183,
    "num_windows": 7321
  },
  "repetition": {
    "accuracy": 0.48333333333333334,
    "macro_f1": 0.4564046728409375,
    "num_repetitions": 180
  }
}