class_index,gesture_id,support,correct,accuracy
0,1,790,398,0.5037974683544304
1,2,693,48,0.06926406926406926
2,3,766,120,0.1566579634464752
3,4,743,99,0.13324360699865412
4,5,735,267,0.363265306122449
5,6,763,121,0.15858453473132372
6,7,754,390,0.5172413793103449
7,8,707,96,0.13578500707213578
8,9,687,155,0.22561863173216884
9,10,683,120,0.17569546120058566
