class_index,gesture_id,support,correct,accuracy
0,1,790,434,0.549367088607595
1,2,693,60,0.08658008658008658
2,3,766,144,0.18798955613577023
3,4,743,89,0.11978465679676985
4,5,735,202,0.2748299319727891
5,6,763,70,0.09174311926605505
6,7,754,488,0.6472148541114059
7,8,707,95,0.13437057991513437
8,9,687,167,0.2430858806404658
9,10,683,92,0.13469985358711567
