class_index,gesture_id,support,correct,accuracy
0,1,791,55,0.0695322376738306
1,2,692,31,0.044797687861271675
2,3,766,14,0.018276762402088774
3,4,743,35,0.047106325706594884
4,5,735,35,0.047619047619047616
5,6,763,243,0.31847968545216254
6,7,754,57,0.07559681697612732
7,8,707,18,0.02545968882602546
8,9,688,256,0.37209302325581395
9,10,683,527,0.7715959004392386
