{
  "noise_type": "motion",
  "noise_level": 0.3,
  "denoise_method": "wavelet",
  "window": {
    "loss": 2.088445173002237,
    "accuracy": 0.25925420024586804,
    "macro_f1": 0.24444554580433153,
    "num_windows": 7321
  },
  "repetition": {
    "accuracy": 0.5277777777777778,
    "macro_f1": 0.48397218481318244,
    "num_repetitions": 180
  }
}