class_index,gesture_id,support,correct,accuracy
0,1,18,11,0.6111111111111112
1,2,18,11,0.6111111111111112
2,3,18,1,0.05555555555555555
3,4,18,4,0.2222222222222222
4,5,18,10,0.5555555555555556
5,6,18,17,0.9444444444444444
6,7,18,17,0.9444444444444444
7,8,18,12,0.6666666666666666
8,9,18,12,0.6666666666666666
9,10,18,0,0.0
