class_index,gesture_id,support,correct,accuracy
0,1,790,198,0.25063291139240507
1,2,693,180,0.2597402597402597
2,3,766,43,0.05613577023498695
3,4,743,100,0.13458950201884254
4,5,734,195,0.2656675749318801
5,6,763,235,0.30799475753604194
6,7,755,399,0.528476821192053
7,8,707,168,0.2376237623762376
8,9,687,293,0.4264919941775837
9,10,683,87,0.1273792093704246
