class_index,gesture_id,support,correct,accuracy
0,1,18,7,0.3888888888888889
1,2,18,14,0.7777777777777778
2,3,18,1,0.05555555555555555
3,4,18,6,0.3333333333333333
4,5,18,1,0.05555555555555555
5,6,18,16,0.8888888888888888
6,7,18,7,0.3888888888888889
7,8,18,0,0.0
8,9,18,12,0.6666666666666666
9,10,18,0,0.0
