class_index,gesture_id,support,correct,accuracy
0,1,791,152,0.19216182048040456
1,2,692,280,0.4046242774566474
2,3,766,85,0.11096605744125326
3,4,743,102,0.13728129205921938
4,5,735,94,0.12789115646258503
5,6,763,231,0.30275229357798167
6,7,755,311,0.4119205298013245
7,8,706,43,0.060906515580736544
8,9,688,273,0.39680232558139533
9,10,683,81,0.11859443631039532
