class_index,gesture_id,support,correct,accuracy
0,1,790,397,0.5025316455696203
1,2,693,310,0.44733044733044736
2,3,766,464,0.6057441253263708
3,4,743,329,0.4427994616419919
4,5,735,443,0.6027210884353742
5,6,763,465,0.6094364351245085
6,7,754,534,0.7082228116710876
7,8,707,436,0.6166902404526167
8,9,687,417,0.6069868995633187
9,10,683,413,0.6046852122986823
