class_index,gesture_id,support,correct,accuracy
0,1,790,265,0.33544303797468356
1,2,692,87,0.12572254335260116
2,3,766,185,0.24151436031331594
3,4,743,198,0.26648721399730824
4,5,735,83,0.11292517006802721
5,6,763,326,0.4272608125819135
6,7,755,127,0.16821192052980133
7,8,707,280,0.39603960396039606
8,9,687,346,0.5036390101892285
9,10,683,507,0.7423133235724744
