{
  "best_epoch": 52,
  "best_val_macro_f1": 0.7519871336003059,
  "val": {
    "loss": 0.9671816080579743,
    "accuracy": 0.7537122375832054,
    "macro_f1": 0.7519871336003059
  },
  "test": {
    "loss": 1.3848762572594475,
    "accuracy": 0.6130393996247655,
    "macro_f1": 0.6156516727975861
  }
}