{
  "noise_type": "wgn",
  "noise_level": 10.0,
  "denoise_method": "notch",
  "window": {
    "loss": 1.314236118874578,
    "accuracy": 0.5766971725174157,
    "macro_f1": 0.5739492892448423,
    "num_windows": 7321
  },
  "repetition": {
    "accuracy": 0.9944444444444445,
    "macro_f1": 0.9944401544401545,
    "num_repetitions": 180
  }
}