class_index,gesture_id,support,correct,accuracy
0,1,790,369,0.4670886075949367
1,2,693,279,0.4025974025974026
2,3,766,543,0.7088772845953003
3,4,743,326,0.4387617765814266
4,5,735,399,0.5428571428571428
5,6,763,355,0.46526867627785057
6,7,754,558,0.7400530503978779
7,8,707,434,0.6138613861386139
8,9,687,469,0.6826783114992722
9,10,683,490,0.7174231332357247
