{
  "noise_type": "wgn",
  "noise_level": 10.0,
  "denoise_method": "pca",
  "window": {
    "loss": 1.8519595042715762,
    "accuracy": 0.35773801393252286,
    "macro_f1": 0.3399170895522141,
    "num_windows": 7321
  },
  "repetition": {
    "accuracy": 0.6111111111111112,
    "macro_f1": 0.5751718600056196,
    "num_repetitions": 180
  }
}