class_index,gesture_id,support,correct,accuracy
0,1,790,237,0.3
1,2,693,132,0.19047619047619047
2,3,766,460,0.6005221932114883
3,4,743,100,0.13458950201884254
4,5,735,103,0.1401360544217687
5,6,763,203,0.26605504587155965
6,7,754,311,0.4124668435013263
7,8,707,228,0.32248939179632247
8,9,687,419,0.6098981077147017
9,10,683,426,0.623718887262079
