{
  "noise_type": "hum",
  "noise_level": 0.6,
  "denoise_method": "notch",
  "window": {
    "loss": 1.223368910680342,
    "accuracy": 0.6108986615678776,
    "macro_f1": 0.6102520824892113,
    "num_windows": 7322
  },
  "repetition": {
    "accuracy": 1.0,
    "macro_f1": 1.0,
    "num_repetitions": 180
  }
}