class_index,gesture_id,support,correct,accuracy
0,1,791,401,0.506953223767383
1,2,692,407,0.588150289017341
2,3,766,542,0.7075718015665796
3,4,743,429,0.5773889636608345
4,5,735,390,0.5306122448979592
5,6,763,429,0.562254259501966
6,7,755,523,0.6927152317880795
7,8,706,486,0.6883852691218131
8,9,688,492,0.7151162790697675
9,10,683,374,0.5475841874084919
