{
  "best_epoch": 39,
  "best_val_macro_f1": 0.7365566819556089,
  "val": {
    "loss": 1.0315947065548021,
    "accuracy": 0.738265306122449,
    "macro_f1": 0.7365566819556089
  },
  "test": {
    "loss": 0.9247729177234554,
    "accuracy": 0.759453781512605,
    "macro_f1": 0.7632180631408649
  }
}