{
  "noise_type": "hum",
  "noise_level": 0.1,
  "denoise_method": "none",
  "window": {
    "loss": 1.2624823554751978,
    "accuracy": 0.5865883638350178,
    "macro_f1": 0.5875308460688862,
    "num_windows": 7322
  },
  "repetition": {
    "accuracy": 1.0,
    "macro_f1": 1.0,
    "num_repetitions": 180
  }
}