class_index,gesture_id,support,correct,accuracy
0,1,791,500,0.6321112515802781
1,2,692,331,0.47832369942196534
2,3,766,428,0.5587467362924282
3,4,743,359,0.4831763122476447
4,5,735,465,0.6326530612244898
5,6,763,347,0.45478374836173
6,7,754,566,0.7506631299734748
7,8,707,343,0.48514851485148514
8,9,688,479,0.6962209302325582
9,10,683,477,0.698389458272328
