{
  "noise_type": "motion",
  "noise_level": 0.1,
  "denoise_method": "kalman",
  "window": {
    "loss": 2.137022867047743,
    "accuracy": 0.2483267313208578,
    "macro_f1": 0.22060939759348538,
    "num_windows": 7321
  },
  "repetition": {
    "accuracy": 0.34444444444444444,
    "macro_f1": 0.2828116710875332,
    "num_repetitions": 180
  }
}