class_index,gesture_id,support,correct,accuracy
0,1,790,434,0.549367088607595
1,2,693,54,0.07792207792207792
2,3,766,147,0.1919060052219321
3,4,743,81,0.10901749663526245
4,5,735,201,0.27346938775510204
5,6,763,64,0.08387942332896461
6,7,754,488,0.6472148541114059
7,8,707,89,0.12588401697312587
8,9,687,164,0.23871906841339155
9,10,683,96,0.14055636896046853
