class_index,gesture_id,support,correct,accuracy
0,1,18,16,0.8888888888888888
1,2,18,18,1.0
2,3,18,18,1.0
3,4,18,17,0.9444444444444444
4,5,18,10,0.5555555555555556
5,6,18,16,0.8888888888888888
6,7,18,14,0.7777777777777778
7,8,18,16,0.8888888888888888
8,9,18,18,1.0
9,10,18,17,0.9444444444444444
