class_index,gesture_id,support,correct,accuracy
0,1,791,274,0.3463969658659924
1,2,692,313,0.4523121387283237
2,3,766,515,0.6723237597911227
3,4,743,240,0.32301480484522205
4,5,735,162,0.22040816326530613
5,6,763,324,0.42463958060288337
6,7,755,274,0.3629139072847682
7,8,706,220,0.311614730878187
8,9,688,505,0.7340116279069767
9,10,683,377,0.5519765739385066
