class_index,gesture_id,support,correct,accuracy
0,1,790,194,0.24556962025316456
1,2,692,241,0.34826589595375723
2,3,766,77,0.10052219321148825
3,4,743,66,0.08882907133243607
4,5,735,109,0.14829931972789115
5,6,763,205,0.2686762778505898
6,7,755,402,0.5324503311258278
7,8,707,90,0.1272984441301273
8,9,687,159,0.2314410480349345
9,10,683,162,0.23718887262079064
