{
  "noise_type": "spikes",
  "noise_level": 0.6,
  "denoise_method": "none",
  "window": {
    "loss": 1.406514827865162,
    "accuracy": 0.5173449877082764,
    "macro_f1": 0.5193430406484812,
    "num_windows": 7322
  },
  "repetition": {
    "accuracy": 0.9388888888888889,
    "macro_f1": 0.9385523129767808,
    "num_repetitions": 180
  }
}