class_index,gesture_id,support,correct,accuracy
0,1,18,18,1.0
1,2,18,16,0.8888888888888888
2,3,18,17,0.9444444444444444
3,4,18,18,1.0
4,5,18,18,1.0
5,6,18,13,0.7222222222222222
6,7,18,17,0.9444444444444444
7,8,18,16,0.8888888888888888
8,9,18,18,1.0
9,10,18,18,1.0
