class_index,gesture_id,support,correct,accuracy
0,1,791,441,0.5575221238938053
1,2,692,255,0.3684971098265896
2,3,766,382,0.49869451697127937
3,4,743,354,0.47644683714670255
4,5,735,333,0.4530612244897959
5,6,763,320,0.41939711664482304
6,7,754,399,0.5291777188328912
7,8,707,316,0.44695898161244696
8,9,688,489,0.7107558139534884
9,10,683,499,0.7306002928257687
