class_index,gesture_id,support,correct,accuracy
0,1,217,197,0.9078341013824884
1,2,170,158,0.9294117647058824
2,3,210,141,0.6714285714285714
3,4,182,126,0.6923076923076923
4,5,186,132,0.7096774193548387
5,6,207,168,0.8115942028985508
6,7,195,148,0.7589743589743589
7,8,191,143,0.7486910994764397
8,9,193,174,0.9015544041450777
9,10,177,122,0.6892655367231638
