{
  "noise_type": "drift",
  "noise_level": 1.0,
  "denoise_method": "none",
  "window": {
    "loss": 3.1606282705232234,
    "accuracy": 0.21691025816145335,
    "macro_f1": 0.1872701066161192,
    "num_windows": 7321
  },
  "repetition": {
    "accuracy": 0.26666666666666666,
    "macro_f1": 0.16374854114526854,
    "num_repetitions": 180
  }
}