class_index,gesture_id,support,correct,accuracy
0,1,790,85,0.10759493670886076
1,2,693,52,0.07503607503607504
2,3,766,85,0.11096605744125326
3,4,743,68,0.09152086137281291
4,5,735,66,0.08979591836734693
5,6,763,332,0.4351245085190039
6,7,754,21,0.027851458885941646
7,8,707,235,0.3323903818953324
8,9,687,240,0.34934497816593885
9,10,683,404,0.5915080527086384
