class_index,gesture_id,support,correct,accuracy
0,1,790,406,0.5139240506329114
1,2,693,323,0.4660894660894661
2,3,766,545,0.7114882506527415
3,4,743,327,0.44010767160161507
4,5,735,479,0.6517006802721088
5,6,763,355,0.46526867627785057
6,7,754,618,0.8196286472148541
7,8,707,431,0.6096181046676096
8,9,687,490,0.7132459970887919
9,10,683,463,0.677891654465593
