{
  "noise_type": "wgn",
  "noise_level": 20.0,
  "denoise_method": "wavelet",
  "window": {
    "loss": 2.208563306363545,
    "accuracy": 0.21237366839661295,
    "macro_f1": 0.18921435918290025,
    "num_windows": 7322
  },
  "repetition": {
    "accuracy": 0.40555555555555556,
    "macro_f1": 0.3427439989092736,
    "num_repetitions": 180
  }
}