class_index,gesture_id,support,correct,accuracy
0,1,18,11,0.6111111111111112
1,2,18,2,0.1111111111111111
2,3,18,0,0.0
3,4,18,0,0.0
4,5,18,11,0.6111111111111112
5,6,18,12,0.6666666666666666
6,7,18,16,0.8888888888888888
7,8,18,0,0.0
8,9,18,11,0.6111111111111112
9,10,18,10,0.5555555555555556
