class_index,gesture_id,support,correct,accuracy
0,1,791,182,0.23008849557522124
1,2,692,146,0.21098265895953758
2,3,766,30,0.0391644908616188
3,4,743,34,0.04576043068640646
4,5,735,182,0.24761904761904763
5,6,763,137,0.17955439056356487
6,7,754,424,0.5623342175066313
7,8,707,29,0.04101838755304102
8,9,688,200,0.29069767441860467
9,10,683,191,0.2796486090775988
