{
  "noise_type": "drift",
  "noise_level": 1.0,
  "denoise_method": "notch",
  "window": {
    "loss": 3.1674654108955957,
    "accuracy": 0.21732003824614124,
    "macro_f1": 0.18701963715523004,
    "num_windows": 7321
  },
  "repetition": {
    "accuracy": 0.26666666666666666,
    "macro_f1": 0.16320081031584757,
    "num_repetitions": 180
  }
}