class_index,gesture_id,support,correct,accuracy
0,1,790,84,0.10632911392405063
1,2,693,50,0.07215007215007214
2,3,766,81,0.10574412532637076
3,4,743,71,0.0955585464333782
4,5,735,66,0.08979591836734693
5,6,763,332,0.4351245085190039
6,7,754,21,0.027851458885941646
7,8,707,233,0.32956152758132956
8,9,687,245,0.35662299854439594
9,10,683,408,0.5973645680819912
