class_index,gesture_id,support,correct,accuracy
0,1,791,267,0.33754740834386854
1,2,692,275,0.39739884393063585
2,3,766,484,0.6318537859007833
3,4,743,214,0.288021534320323
4,5,735,126,0.17142857142857143
5,6,763,298,0.3905635648754915
6,7,755,248,0.32847682119205296
7,8,706,170,0.24079320113314448
8,9,688,519,0.7543604651162791
9,10,683,336,0.49194729136163984
