class_index,gesture_id,support,correct,accuracy
0,1,790,351,0.4443037974683544
1,2,693,322,0.46464646464646464
2,3,766,546,0.7127937336814621
3,4,743,406,0.5464333781965006
4,5,734,567,0.7724795640326976
5,6,763,438,0.5740498034076016
6,7,755,612,0.8105960264900662
7,8,707,428,0.6053748231966054
8,9,687,422,0.6142649199417758
9,10,683,401,0.5871156661786238
