class_index,gesture_id,support,correct,accuracy
0,1,791,232,0.29329962073324906
1,2,692,194,0.28034682080924855
2,3,766,61,0.07963446475195822
3,4,743,44,0.059219380888290714
4,5,735,144,0.19591836734693877
5,6,763,67,0.08781127129750983
6,7,754,521,0.6909814323607427
7,8,707,34,0.04809052333804809
8,9,688,202,0.2936046511627907
9,10,683,124,0.1815519765739385
