class_index,gesture_id,support,correct,accuracy
0,1,18,5,0.2777777777777778
1,2,18,0,0.0
2,3,18,3,0.16666666666666666
3,4,18,0,0.0
4,5,18,1,0.05555555555555555
5,6,18,6,0.3333333333333333
6,7,18,3,0.16666666666666666
7,8,18,14,0.7777777777777778
8,9,18,14,0.7777777777777778
9,10,18,17,0.9444444444444444
