class_index,gesture_id,support,correct,accuracy
0,1,790,171,0.21645569620253163
1,2,693,54,0.07792207792207792
2,3,766,174,0.22715404699738903
3,4,743,107,0.1440107671601615
4,5,735,148,0.20136054421768707
5,6,763,184,0.24115334207077327
6,7,754,201,0.26657824933687
7,8,707,300,0.4243281471004243
8,9,687,340,0.4949053857350801
9,10,683,414,0.6061493411420205
