{
  "noise_type": "wgn",
  "noise_level": 20.0,
  "denoise_method": "none",
  "window": {
    "loss": 1.2535138094039289,
    "accuracy": 0.6055183718071302,
    "macro_f1": 0.6067352621618631,
    "num_windows": 7321
  },
  "repetition": {
    "accuracy": 0.9888888888888889,
    "macro_f1": 0.9888803088803089,
    "num_repetitions": 180
  }
}