class_index,gesture_id,support,correct,accuracy
0,1,790,455,0.5759493670886076
1,2,692,326,0.47109826589595377
2,3,766,485,0.6331592689295039
3,4,743,410,0.5518169582772544
4,5,735,433,0.5891156462585034
5,6,763,429,0.562254259501966
6,7,755,526,0.6966887417218544
7,8,707,448,0.6336633663366337
8,9,687,448,0.6521106259097526
9,10,683,473,0.6925329428989752
