class_index,gesture_id,support,correct,accuracy
0,1,791,147,0.18584070796460178
1,2,692,101,0.14595375722543352
2,3,766,37,0.048302872062663184
3,4,743,40,0.05383580080753701
4,5,735,141,0.19183673469387755
5,6,763,158,0.20707732634338138
6,7,754,274,0.363395225464191
7,8,707,42,0.0594059405940594
8,9,688,307,0.44622093023255816
9,10,683,308,0.45095168374816985
