{
  "noise_type": "hum",
  "noise_level": 0.6,
  "denoise_method": "notch",
  "window": {
    "loss": 1.2248791159705505,
    "accuracy": 0.6060647452533807,
    "macro_f1": 0.6023018560786175,
    "num_windows": 7321
  },
  "repetition": {
    "accuracy": 0.9944444444444445,
    "macro_f1": 0.9944401544401543,
    "num_repetitions": 180
  }
}