class_index,gesture_id,support,correct,accuracy
0,1,790,356,0.4506329113924051
1,2,693,326,0.4704184704184704
2,3,766,553,0.7219321148825065
3,4,743,372,0.5006729475100942
4,5,734,568,0.773841961852861
5,6,763,447,0.5858453473132372
6,7,755,635,0.8410596026490066
7,8,707,417,0.5898161244695899
8,9,687,402,0.5851528384279476
9,10,683,361,0.5285505124450952
