class_index,gesture_id,support,correct,accuracy
0,1,791,67,0.08470290771175727
1,2,692,55,0.07947976878612717
2,3,766,73,0.09530026109660575
3,4,743,65,0.08748317631224764
4,5,735,16,0.021768707482993196
5,6,763,141,0.18479685452162517
6,7,754,23,0.03050397877984085
7,8,707,24,0.033946251768033946
8,9,688,274,0.39825581395348836
9,10,683,533,0.780380673499268
