class_index,gesture_id,support,correct,accuracy
0,1,18,11,0.6111111111111112
1,2,18,0,0.0
2,3,18,5,0.2777777777777778
3,4,18,3,0.16666666666666666
4,5,18,8,0.4444444444444444
5,6,18,9,0.5
6,7,18,10,0.5555555555555556
7,8,18,15,0.8333333333333334
8,9,18,12,0.6666666666666666
9,10,18,16,0.8888888888888888
