class_index,gesture_id,support,correct,accuracy
0,1,790,219,0.2772151898734177
1,2,693,49,0.0707070707070707
2,3,766,166,0.21671018276762402
3,4,743,123,0.1655450874831763
4,5,735,208,0.2829931972789116
5,6,763,187,0.24508519003931847
6,7,754,251,0.3328912466843501
7,8,707,230,0.32531824611032534
8,9,687,252,0.36681222707423583
9,10,683,322,0.47144948755490484
