{
  "noise_type": "hum",
  "noise_level": 1.0,
  "denoise_method": "pca",
  "window": {
    "loss": 1.6615164497614363,
    "accuracy": 0.42638623326959846,
    "macro_f1": 0.41751319478016224,
    "num_windows": 7322
  },
  "repetition": {
    "accuracy": 0.8,
    "macro_f1": 0.793041538921115,
    "num_repetitions": 180
  }
}