class_index,gesture_id,support,correct,accuracy
0,1,18,18,1.0
1,2,18,13,0.7222222222222222
2,3,18,18,1.0
3,4,18,8,0.4444444444444444
4,5,18,13,0.7222222222222222
5,6,18,8,0.4444444444444444
6,7,18,15,0.8333333333333334
7,8,18,15,0.8333333333333334
8,9,18,18,1.0
9,10,18,18,1.0
