class_index,gesture_id,support,correct,accuracy
0,1,791,372,0.47029077117572693
1,2,692,240,0.3468208092485549
2,3,766,430,0.5613577023498695
3,4,743,126,0.1695827725437416
4,5,735,205,0.2789115646258503
5,6,763,274,0.35910878112712974
6,7,754,365,0.48408488063660476
7,8,707,198,0.28005657708628007
8,9,688,468,0.6802325581395349
9,10,683,444,0.6500732064421669
