{
  "noise_type": "spikes",
  "noise_level": 0.6,
  "denoise_method": "notch",
  "window": {
    "loss": 1.3653686968880654,
    "accuracy": 0.544597732550198,
    "macro_f1": 0.5438226020371728,
    "num_windows": 7321
  },
  "repetition": {
    "accuracy": 0.9555555555555556,
    "macro_f1": 0.9558197287609053,
    "num_repetitions": 180
  }
}