class_index,gesture_id,support,correct,accuracy
0,1,790,417,0.5278481012658228
1,2,692,233,0.33670520231213874
2,3,766,454,0.5926892950391645
3,4,743,400,0.5383580080753702
4,5,735,315,0.42857142857142855
5,6,763,390,0.5111402359108781
6,7,755,378,0.5006622516556292
7,8,707,464,0.6562942008486563
8,9,687,456,0.6637554585152838
9,10,683,480,0.7027818448023426
