class_index,gesture_id,support,correct,accuracy
0,1,790,425,0.5379746835443038
1,2,692,251,0.3627167630057804
2,3,766,452,0.5900783289817232
3,4,743,411,0.5531628532974427
4,5,735,356,0.48435374149659866
5,6,763,402,0.526867627785059
6,7,755,408,0.5403973509933775
7,8,707,475,0.6718528995756718
8,9,687,427,0.6215429403202329
9,10,683,480,0.7027818448023426
