{
  "noise_type": "wgn",
  "noise_level": 10.0,
  "denoise_method": "wavelet",
  "window": {
    "loss": 2.1675594688862017,
    "accuracy": 0.2346353455340071,
    "macro_f1": 0.22133494096236497,
    "num_windows": 7322
  },
  "repetition": {
    "accuracy": 0.3888888888888889,
    "macro_f1": 0.32225457492198817,
    "num_repetitions": 180
  }
}