class_index,gesture_id,support,correct,accuracy
0,1,791,159,0.20101137800252844
1,2,692,248,0.3583815028901734
2,3,766,94,0.1227154046997389
3,4,743,104,0.13997308209959622
4,5,735,102,0.13877551020408163
5,6,763,253,0.3315858453473132
6,7,755,299,0.39602649006622515
7,8,706,39,0.05524079320113314
8,9,688,302,0.438953488372093
9,10,683,118,0.17276720351390923
