class_index,gesture_id,support,correct,accuracy
0,1,18,11,0.6111111111111112
1,2,18,14,0.7777777777777778
2,3,18,2,0.1111111111111111
3,4,18,5,0.2777777777777778
4,5,18,0,0.0
5,6,18,11,0.6111111111111112
6,7,18,11,0.6111111111111112
7,8,18,2,0.1111111111111111
8,9,18,12,0.6666666666666666
9,10,18,0,0.0
