class_index,gesture_id,support,correct,accuracy
0,1,791,181,0.22882427307206069
1,2,692,262,0.3786127167630058
2,3,766,178,0.23237597911227154
3,4,743,119,0.1601615074024226
4,5,735,92,0.1251700680272109
5,6,763,166,0.21756225425950196
6,7,755,361,0.4781456953642384
7,8,706,77,0.10906515580736544
8,9,688,320,0.46511627906976744
9,10,683,104,0.15226939970717424
