class_index,gesture_id,support,correct,accuracy
0,1,790,463,0.5860759493670886
1,2,692,327,0.4725433526011561
2,3,766,479,0.6253263707571801
3,4,743,410,0.5518169582772544
4,5,735,436,0.5931972789115646
5,6,763,425,0.5570117955439057
6,7,755,532,0.704635761589404
7,8,707,455,0.6435643564356436
8,9,687,451,0.6564774381368268
9,10,683,469,0.6866764275256223
