class_index,gesture_id,support,correct,accuracy
0,1,791,30,0.03792667509481669
1,2,692,8,0.011560693641618497
2,3,766,2,0.0026109660574412533
3,4,743,28,0.03768506056527591
4,5,735,6,0.00816326530612245
5,6,763,208,0.272608125819135
6,7,754,27,0.03580901856763926
7,8,707,5,0.007072135785007072
8,9,688,155,0.22529069767441862
9,10,683,596,0.8726207906295754
