class_index,gesture_id,support,correct,accuracy
0,1,18,12,0.6666666666666666
1,2,18,12,0.6666666666666666
2,3,18,0,0.0
3,4,18,3,0.16666666666666666
4,5,18,0,0.0
5,6,18,13,0.7222222222222222
6,7,18,8,0.4444444444444444
7,8,18,0,0.0
8,9,18,18,1.0
9,10,18,4,0.2222222222222222
