class_index,gesture_id,support,correct,accuracy
0,1,791,181,0.22882427307206069
1,2,692,206,0.2976878612716763
2,3,766,109,0.1422976501305483
3,4,743,125,0.16823687752355315
4,5,735,105,0.14285714285714285
5,6,763,248,0.32503276539973786
6,7,755,240,0.31788079470198677
7,8,706,35,0.049575070821529746
8,9,688,370,0.5377906976744186
9,10,683,163,0.23865300146412885
