class_index,gesture_id,support,correct,accuracy
0,1,18,11,0.6111111111111112
1,2,18,13,0.7222222222222222
2,3,18,0,0.0
3,4,18,3,0.16666666666666666
4,5,18,9,0.5
5,6,18,16,0.8888888888888888
6,7,18,18,1.0
7,8,18,8,0.4444444444444444
8,9,18,11,0.6111111111111112
9,10,18,0,0.0
