class_index,gesture_id,support,correct,accuracy
0,1,790,202,0.25569620253164554
1,2,693,207,0.2987012987012987
2,3,766,33,0.04308093994778068
3,4,743,82,0.11036339165545088
4,5,734,194,0.26430517711171664
5,6,763,202,0.26474442988204455
6,7,755,448,0.5933774834437087
7,8,707,129,0.18246110325318246
8,9,687,264,0.38427947598253276
9,10,683,55,0.08052708638360176
