{
  "noise_type": "wgn",
  "noise_level": 20.0,
  "denoise_method": "notch",
  "window": {
    "loss": 1.2159883275642338,
    "accuracy": 0.6141237535855757,
    "macro_f1": 0.6106762887421996,
    "num_windows": 7321
  },
  "repetition": {
    "accuracy": 0.9944444444444445,
    "macro_f1": 0.9944401544401543,
    "num_repetitions": 180
  }
}