class_index,gesture_id,support,correct,accuracy
0,1,790,358,0.4531645569620253
1,2,693,317,0.4574314574314574
2,3,766,540,0.7049608355091384
3,4,743,392,0.5275908479138627
4,5,734,564,0.7683923705722071
5,6,763,445,0.583224115334207
6,7,755,621,0.8225165562913908
7,8,707,433,0.6124469589816125
8,9,687,430,0.6259097525473072
9,10,683,396,0.5797950219619327
