{
  "noise_type": "hum",
  "noise_level": 0.6,
  "denoise_method": "wavelet",
  "window": {
    "loss": 2.1647461034157063,
    "accuracy": 0.2424532167736648,
    "macro_f1": 0.21996110929429108,
    "num_windows": 7321
  },
  "repetition": {
    "accuracy": 0.4777777777777778,
    "macro_f1": 0.42059516505428773,
    "num_repetitions": 180
  }
}