class_index,gesture_id,support,correct,accuracy
0,1,790,198,0.25063291139240507
1,2,693,212,0.3059163059163059
2,3,766,29,0.037859007832898174
3,4,743,85,0.11440107671601615
4,5,734,179,0.2438692098092643
5,6,763,182,0.23853211009174313
6,7,755,471,0.623841059602649
7,8,707,121,0.17114568599717114
8,9,687,248,0.3609898107714702
9,10,683,50,0.07320644216691069
