{
  "best_epoch": 37,
  "best_val_macro_f1": 0.7784576455240961,
  "val": {
    "loss": 0.935599805354255,
    "accuracy": 0.7727013135351228,
    "macro_f1": 0.7784576455240961
  },
  "test": {
    "loss": 1.0079979506455514,
    "accuracy": 0.7397025171624714,
    "macro_f1": 0.7394326477280052
  }
}