class_index,gesture_id,support,correct,accuracy
0,1,790,306,0.38734177215189874
1,2,693,271,0.39105339105339104
2,3,766,509,0.664490861618799
3,4,743,404,0.5437415881561238
4,5,734,527,0.717983651226158
5,6,763,476,0.6238532110091743
6,7,755,531,0.7033112582781457
7,8,707,434,0.6138613861386139
8,9,687,438,0.6375545851528385
9,10,683,421,0.616398243045388
