{
  "best_epoch": 50,
  "best_val_macro_f1": 0.6093032977082047,
  "val": {
    "loss": 1.3260912831860998,
    "accuracy": 0.6126212266083868,
    "macro_f1": 0.6093032977082047
  },
  "test": {
    "loss": 1.3141230323604183,
    "accuracy": 0.6169922141783909,
    "macro_f1": 0.6135183794901762
  }
}