{
  "split": "test",
  "aggregation": "logits_mean",
  "window": {
    "loss": 1.2033401272072524,
    "accuracy": 0.6167190274552656,
    "macro_f1": 0.6132960599082711,
    "num_windows": 7321
  },
  "repetition": {
    "accuracy": 0.9944444444444445,
    "macro_f1": 0.9944401544401543,
    "num_repetitions": 180
  },
  "checkpoint": "outputs/dl_foundation_noise/dualres_xception2d/kfold4_clean/best.pt",
  "best_epoch": 50,
  "best_val_macro_f1": 0.6093032977082047
}