class_index,gesture_id,support,correct,accuracy
0,1,791,230,0.29077117572692796
1,2,692,196,0.2832369942196532
2,3,766,55,0.07180156657963446
3,4,743,44,0.059219380888290714
4,5,735,136,0.18503401360544217
5,6,763,65,0.08519003931847968
6,7,754,527,0.6989389920424404
7,8,707,28,0.039603960396039604
8,9,688,189,0.2747093023255814
9,10,683,112,0.16398243045387995
