{
  "noise_type": "wgn",
  "noise_level": 0.0,
  "denoise_method": "notch",
  "window": {
    "loss": 1.8617871922558245,
    "accuracy": 0.36456768201065426,
    "macro_f1": 0.3622255421485942,
    "num_windows": 7321
  },
  "repetition": {
    "accuracy": 0.7055555555555556,
    "macro_f1": 0.7008477239418326,
    "num_repetitions": 180
  }
}