class_index,gesture_id,support,correct,accuracy
0,1,18,10,0.5555555555555556
1,2,18,8,0.4444444444444444
2,3,18,18,1.0
3,4,18,16,0.8888888888888888
4,5,18,15,0.8333333333333334
5,6,18,8,0.4444444444444444
6,7,18,5,0.2777777777777778
7,8,18,14,0.7777777777777778
8,9,18,15,0.8333333333333334
9,10,18,18,1.0
