class_index,gesture_id,support,correct,accuracy
0,1,790,216,0.27341772151898736
1,2,693,133,0.1919191919191919
2,3,766,342,0.4464751958224543
3,4,743,259,0.34858681022880217
4,5,735,190,0.2585034013605442
5,6,763,266,0.3486238532110092
6,7,754,173,0.22944297082228116
7,8,707,265,0.37482319660537483
8,9,687,354,0.5152838427947598
9,10,683,471,0.6896046852122987
