{
  "noise_type": "wgn",
  "noise_level": 10.0,
  "denoise_method": "notch",
  "window": {
    "loss": 1.345604038147352,
    "accuracy": 0.5475279978148047,
    "macro_f1": 0.549171119677956,
    "num_windows": 7322
  },
  "repetition": {
    "accuracy": 0.9777777777777777,
    "macro_f1": 0.9776569376569377,
    "num_repetitions": 180
  }
}