class_index,gesture_id,support,correct,accuracy
0,1,791,459,0.5802781289506953
1,2,692,281,0.4060693641618497
2,3,766,414,0.5404699738903395
3,4,743,355,0.477792732166891
4,5,735,392,0.5333333333333333
5,6,763,326,0.4272608125819135
6,7,754,478,0.6339522546419099
7,8,707,324,0.4582743988684583
8,9,688,490,0.7122093023255814
9,10,683,490,0.7174231332357247
