class_index,gesture_id,support,correct,accuracy
0,1,790,140,0.17721518987341772
1,2,692,52,0.07514450867052024
2,3,766,67,0.08746736292428199
3,4,743,59,0.07940780619111709
4,5,735,9,0.012244897959183673
5,6,763,252,0.3302752293577982
6,7,755,83,0.10993377483443709
7,8,707,144,0.2036775106082037
8,9,687,282,0.4104803493449782
9,10,683,408,0.5973645680819912
