class_index,gesture_id,support,correct,accuracy
0,1,790,451,0.5708860759493671
1,2,693,53,0.07647907647907648
2,3,766,134,0.17493472584856398
3,4,743,77,0.10363391655450875
4,5,735,198,0.2693877551020408
5,6,763,66,0.08650065530799476
6,7,754,480,0.636604774535809
7,8,707,72,0.10183875530410184
8,9,687,155,0.22561863173216884
9,10,683,89,0.13030746705710103
