{
  "noise_type": "wgn",
  "noise_level": 20.0,
  "denoise_method": "wavelet",
  "window": {
    "loss": 2.1936302970560044,
    "accuracy": 0.21950553203114329,
    "macro_f1": 0.2029882653845993,
    "num_windows": 7321
  },
  "repetition": {
    "accuracy": 0.4111111111111111,
    "macro_f1": 0.37690207149064914,
    "num_repetitions": 180
  }
}