class_index,gesture_id,support,correct,accuracy
0,1,790,186,0.23544303797468355
1,2,692,253,0.36560693641618497
2,3,766,59,0.07702349869451697
3,4,743,56,0.07537012113055182
4,5,735,107,0.145578231292517
5,6,763,178,0.23328964613368283
6,7,755,404,0.5350993377483444
7,8,707,71,0.10042432814710042
8,9,687,149,0.21688500727802038
9,10,683,144,0.2108345534407028
