{
  "noise_type": "motion",
  "noise_level": 0.3,
  "denoise_method": "notch",
  "window": {
    "loss": 1.274859133565903,
    "accuracy": 0.5887173883349269,
    "macro_f1": 0.5840048681921194,
    "num_windows": 7321
  },
  "repetition": {
    "accuracy": 0.9888888888888889,
    "macro_f1": 0.9887122416534181,
    "num_repetitions": 180
  }
}