class_index,gesture_id,support,correct,accuracy
0,1,790,318,0.40253164556962023
1,2,693,268,0.38672438672438675
2,3,766,522,0.6814621409921671
3,4,743,424,0.5706594885598923
4,5,734,518,0.7057220708446866
5,6,763,458,0.6002621231979031
6,7,755,538,0.7125827814569536
7,8,707,440,0.6223479490806223
8,9,687,420,0.611353711790393
9,10,683,404,0.5915080527086384
