{
  "best_epoch": 57,
  "best_val_macro_f1": 0.6758562876901534,
  "val": {
    "loss": 1.3809715016248294,
    "accuracy": 0.6748620170597089,
    "macro_f1": 0.6758562876901534
  },
  "test": {
    "loss": 0.8469390798336707,
    "accuracy": 0.78697886921759,
    "macro_f1": 0.7901889600777724
  }
}