class_index,gesture_id,support,correct,accuracy
0,1,18,12,0.6666666666666666
1,2,18,3,0.16666666666666666
2,3,18,17,0.9444444444444444
3,4,18,14,0.7777777777777778
4,5,18,1,0.05555555555555555
5,6,18,10,0.5555555555555556
6,7,18,1,0.05555555555555555
7,8,18,16,0.8888888888888888
8,9,18,16,0.8888888888888888
9,10,18,18,1.0
