class_index,gesture_id,support,correct,accuracy
0,1,790,304,0.3848101265822785
1,2,692,140,0.2023121387283237
2,3,766,385,0.5026109660574413
3,4,743,207,0.27860026917900405
4,5,735,85,0.11564625850340136
5,6,763,293,0.3840104849279161
6,7,755,187,0.247682119205298
7,8,707,253,0.3578500707213578
8,9,687,383,0.5574963609898108
9,10,683,438,0.6412884333821376
