class_index,gesture_id,support,correct,accuracy
0,1,790,391,0.49493670886075947
1,2,692,151,0.21820809248554912
2,3,766,333,0.4347258485639687
3,4,743,369,0.49663526244952894
4,5,735,192,0.2612244897959184
5,6,763,338,0.4429882044560944
6,7,755,221,0.29271523178807946
7,8,707,439,0.620933521923621
8,9,687,421,0.6128093158660844
9,10,683,463,0.677891654465593
