{
  "noise_type": "motion",
  "noise_level": 0.3,
  "denoise_method": "kalman",
  "window": {
    "loss": 2.0953538925363433,
    "accuracy": 0.26458134134681055,
    "macro_f1": 0.24849535861636202,
    "num_windows": 7321
  },
  "repetition": {
    "accuracy": 0.4388888888888889,
    "macro_f1": 0.3979757708511783,
    "num_repetitions": 180
  }
}