class_index,gesture_id,support,correct,accuracy
0,1,18,13,0.7222222222222222
1,2,18,8,0.4444444444444444
2,3,18,2,0.1111111111111111
3,4,18,0,0.0
4,5,18,11,0.6111111111111112
5,6,18,8,0.4444444444444444
6,7,18,18,1.0
7,8,18,8,0.4444444444444444
8,9,18,11,0.6111111111111112
9,10,18,0,0.0
