class_index,gesture_id,support,correct,accuracy
0,1,790,210,0.26582278481012656
1,2,693,217,0.31313131313131315
2,3,766,104,0.13577023498694518
3,4,743,69,0.09286675639300135
4,5,734,187,0.2547683923705722
5,6,763,144,0.18872870249017037
6,7,755,519,0.6874172185430464
7,8,707,143,0.20226308345120225
8,9,687,264,0.38427947598253276
9,10,683,80,0.1171303074670571
