class_index,gesture_id,support,correct,accuracy
0,1,791,132,0.16687737041719342
1,2,692,293,0.4234104046242775
2,3,766,70,0.09138381201044386
3,4,743,91,0.1224764468371467
4,5,735,95,0.1292517006802721
5,6,763,223,0.29226736566186107
6,7,755,310,0.4105960264900662
7,8,706,37,0.05240793201133145
8,9,688,262,0.3808139534883721
9,10,683,84,0.12298682284040996
