class_index,gesture_id,support,correct,accuracy
0,1,791,73,0.0922882427307206
1,2,692,49,0.0708092485549133
2,3,766,20,0.02610966057441253
3,4,743,75,0.1009421265141319
4,5,735,38,0.05170068027210884
5,6,763,351,0.4600262123197903
6,7,755,26,0.03443708609271523
7,8,706,0,0.0
8,9,688,373,0.5421511627906976
9,10,683,416,0.6090775988286969
