class_index,gesture_id,support,correct,accuracy
0,1,791,177,0.22376738305941846
1,2,692,146,0.21098265895953758
2,3,766,108,0.1409921671018277
3,4,743,109,0.14670255720053835
4,5,735,90,0.12244897959183673
5,6,763,295,0.38663171690694625
6,7,755,167,0.22119205298013245
7,8,706,40,0.056657223796033995
8,9,688,388,0.563953488372093
9,10,683,221,0.3235724743777452
