class_index,gesture_id,support,correct,accuracy
0,1,18,16,0.8888888888888888
1,2,18,1,0.05555555555555555
2,3,18,7,0.3888888888888889
3,4,18,2,0.1111111111111111
4,5,18,12,0.6666666666666666
5,6,18,4,0.2222222222222222
6,7,18,18,1.0
7,8,18,5,0.2777777777777778
8,9,18,8,0.4444444444444444
9,10,18,3,0.16666666666666666
