class_index,gesture_id,support,correct,accuracy
0,1,790,405,0.5126582278481012
1,2,693,52,0.07503607503607504
2,3,766,146,0.1906005221932115
3,4,743,102,0.13728129205921938
4,5,735,212,0.28843537414965986
5,6,763,74,0.09698558322411534
6,7,754,482,0.6392572944297082
7,8,707,102,0.14427157001414428
8,9,687,179,0.26055312954876275
9,10,683,121,0.17715959004392387
