class_index,gesture_id,support,correct,accuracy
0,1,790,270,0.34177215189873417
1,2,693,159,0.22943722943722944
2,3,766,480,0.6266318537859008
3,4,743,90,0.12113055181695828
4,5,735,133,0.18095238095238095
5,6,763,206,0.2699868938401048
6,7,754,377,0.5
7,8,707,215,0.3041018387553041
8,9,687,409,0.5953420669577875
9,10,683,414,0.6061493411420205
