class_index,gesture_id,support,correct,accuracy
0,1,790,442,0.5594936708860759
1,2,692,326,0.47109826589595377
2,3,766,483,0.6305483028720626
3,4,743,403,0.5423956931359354
4,5,735,440,0.5986394557823129
5,6,763,423,0.5543905635648755
6,7,755,536,0.7099337748344371
7,8,707,449,0.635077793493635
8,9,687,441,0.6419213973799127
9,10,683,470,0.6881405563689604
