{
  "noise_type": "wgn",
  "noise_level": -5.0,
  "denoise_method": "none",
  "window": {
    "loss": 3.5389818138712843,
    "accuracy": 0.1826003824091778,
    "macro_f1": 0.15956665424932998,
    "num_windows": 7322
  },
  "repetition": {
    "accuracy": 0.19444444444444445,
    "macro_f1": 0.12146859501821335,
    "num_repetitions": 180
  }
}