class_index,gesture_id,support,correct,accuracy
0,1,791,205,0.25916561314791403
1,2,692,79,0.11416184971098266
2,3,766,79,0.1031331592689295
3,4,743,157,0.21130551816958276
4,5,735,46,0.06258503401360545
5,6,763,128,0.16775884665792923
6,7,754,16,0.021220159151193633
7,8,707,21,0.0297029702970297
8,9,688,238,0.34593023255813954
9,10,683,368,0.5387994143484627
