class_index,gesture_id,support,correct,accuracy
0,1,790,229,0.289873417721519
1,2,693,241,0.3477633477633478
2,3,766,59,0.07702349869451697
3,4,743,62,0.08344549125168237
4,5,734,173,0.2356948228882834
5,6,763,106,0.13892529488859764
6,7,755,572,0.7576158940397351
7,8,707,88,0.12446958981612447
8,9,687,214,0.31149927219796214
9,10,683,47,0.06881405563689605
