class_index,gesture_id,support,correct,accuracy
0,1,18,12,0.6666666666666666
1,2,18,7,0.3888888888888889
2,3,18,1,0.05555555555555555
3,4,18,0,0.0
4,5,18,6,0.3333333333333333
5,6,18,7,0.3888888888888889
6,7,18,18,1.0
7,8,18,1,0.05555555555555555
8,9,18,7,0.3888888888888889
9,10,18,0,0.0
