class_index,gesture_id,support,correct,accuracy
0,1,790,211,0.2670886075949367
1,2,693,232,0.3347763347763348
2,3,766,73,0.09530026109660575
3,4,743,63,0.0847913862718708
4,5,734,168,0.22888283378746593
5,6,763,115,0.15072083879423329
6,7,755,566,0.7496688741721854
7,8,707,103,0.1456859971711457
8,9,687,235,0.3420669577874818
9,10,683,57,0.08345534407027819
