{
  "noise_type": "motion",
  "noise_level": 1.0,
  "denoise_method": "none",
  "window": {
    "loss": 2.112478139214528,
    "accuracy": 0.2998224286299686,
    "macro_f1": 0.2975228597159858,
    "num_windows": 7321
  },
  "repetition": {
    "accuracy": 0.5611111111111111,
    "macro_f1": 0.5551855031668941,
    "num_repetitions": 180
  }
}