class_index,gesture_id,support,correct,accuracy
0,1,18,9,0.5
1,2,18,5,0.2777777777777778
2,3,18,14,0.7777777777777778
3,4,18,12,0.6666666666666666
4,5,18,12,0.6666666666666666
5,6,18,8,0.4444444444444444
6,7,18,3,0.16666666666666666
7,8,18,5,0.2777777777777778
8,9,18,15,0.8333333333333334
9,10,18,18,1.0
