class_index,gesture_id,support,correct,accuracy
0,1,790,221,0.27974683544303797
1,2,693,138,0.19913419913419914
2,3,766,245,0.3198433420365535
3,4,743,229,0.3082099596231494
4,5,735,160,0.21768707482993196
5,6,763,241,0.31585845347313235
6,7,754,112,0.14854111405835543
7,8,707,160,0.2263083451202263
8,9,687,296,0.43085880640465796
9,10,683,393,0.575402635431918
