class_index,gesture_id,support,correct,accuracy
0,1,791,168,0.21238938053097345
1,2,692,316,0.45664739884393063
2,3,766,137,0.17885117493472585
3,4,743,100,0.13458950201884254
4,5,735,67,0.09115646258503401
5,6,763,135,0.17693315858453473
6,7,755,382,0.5059602649006623
7,8,706,65,0.09206798866855524
8,9,688,248,0.36046511627906974
9,10,683,55,0.08052708638360176
