class_index,gesture_id,support,correct,accuracy
0,1,790,343,0.4341772151898734
1,2,692,168,0.24277456647398843
2,3,766,396,0.5169712793733682
3,4,743,188,0.253028263795424
4,5,735,132,0.17959183673469387
5,6,763,319,0.418086500655308
6,7,755,234,0.30993377483443707
7,8,707,216,0.3055162659123055
8,9,687,388,0.5647743813682679
9,10,683,441,0.6456808199121523
