{
  "best_epoch": 54,
  "best_val_macro_f1": 0.6244858342089012,
  "val": {
    "loss": 1.3226240418546424,
    "accuracy": 0.6235472460838808,
    "macro_f1": 0.6244858342089012
  },
  "test": {
    "loss": 0.9030837259924437,
    "accuracy": 0.7608695652173914,
    "macro_f1": 0.7605361591963421
  }
}