class_index,gesture_id,support,correct,accuracy
0,1,791,142,0.179519595448799
1,2,692,342,0.49421965317919075
2,3,766,174,0.22715404699738903
3,4,743,81,0.10901749663526245
4,5,735,74,0.10068027210884353
5,6,763,129,0.1690694626474443
6,7,755,366,0.4847682119205298
7,8,706,94,0.13314447592067988
8,9,688,231,0.33575581395348836
9,10,683,37,0.05417276720351391
