class_index,gesture_id,support,correct,accuracy
0,1,791,179,0.22629582806573956
1,2,692,281,0.4060693641618497
2,3,766,163,0.21279373368146215
3,4,743,102,0.13728129205921938
4,5,735,81,0.11020408163265306
5,6,763,146,0.1913499344692005
6,7,755,369,0.48874172185430464
7,8,706,86,0.12181303116147309
8,9,688,290,0.42151162790697677
9,10,683,64,0.09370424597364568
