class_index,gesture_id,support,correct,accuracy
0,1,790,92,0.11645569620253164
1,2,693,54,0.07792207792207792
2,3,766,89,0.11618798955613577
3,4,743,89,0.11978465679676985
4,5,735,73,0.09931972789115646
5,6,763,248,0.32503276539973786
6,7,754,9,0.011936339522546418
7,8,707,60,0.08486562942008487
8,9,687,194,0.2823871906841339
9,10,683,404,0.5915080527086384
