class_index,gesture_id,support,correct,accuracy
0,1,790,207,0.2620253164556962
1,2,692,43,0.06213872832369942
2,3,766,108,0.1409921671018277
3,4,743,156,0.20995962314939434
4,5,735,20,0.027210884353741496
5,6,763,176,0.2306684141546527
6,7,755,24,0.031788079470198675
7,8,707,160,0.2263083451202263
8,9,687,248,0.3609898107714702
9,10,683,390,0.5710102489019033
