class_index,gesture_id,support,correct,accuracy
0,1,232,70,0.3017241379310345
1,2,169,13,0.07692307692307693
2,3,177,85,0.480225988700565
3,4,204,82,0.4019607843137255
4,5,201,82,0.4079601990049751
5,6,195,52,0.26666666666666666
6,7,189,185,0.9788359788359788
7,8,201,128,0.6368159203980099
8,9,182,60,0.32967032967032966
9,10,182,75,0.41208791208791207
