{
  "noise_type": "pink",
  "noise_level": -5.0,
  "denoise_method": "kalman",
  "window": {
    "loss": 2.803521238508617,
    "accuracy": 0.1951919136729955,
    "macro_f1": 0.16711453155907977,
    "num_windows": 7321
  },
  "repetition": {
    "accuracy": 0.14444444444444443,
    "macro_f1": 0.090018315018315,
    "num_repetitions": 180
  }
}