class_index,gesture_id,support,correct,accuracy
0,1,790,17,0.021518987341772152
1,2,693,50,0.07215007215007214
2,3,766,68,0.08877284595300261
3,4,743,144,0.19380888290713325
4,5,734,79,0.10762942779291552
5,6,763,558,0.7313237221494102
6,7,755,28,0.03708609271523179
7,8,707,191,0.27015558698727016
8,9,687,152,0.22125181950509462
9,10,683,142,0.20790629575402636
