{
  "noise_type": "clean",
  "noise_level": 0.0,
  "denoise_method": "none",
  "window": {
    "loss": 1.2446857851363486,
    "accuracy": 0.6098893593771343,
    "macro_f1": 0.6110560283819253,
    "num_windows": 7321
  },
  "repetition": {
    "accuracy": 0.9944444444444445,
    "macro_f1": 0.9944401544401545,
    "num_repetitions": 180
  }
}