{
  "noise_type": "motion",
  "noise_level": 0.1,
  "denoise_method": "none",
  "window": {
    "loss": 1.2586019388102978,
    "accuracy": 0.6025133178527523,
    "macro_f1": 0.5995523288843386,
    "num_windows": 7321
  },
  "repetition": {
    "accuracy": 1.0,
    "macro_f1": 1.0,
    "num_repetitions": 180
  }
}