class_index,gesture_id,support,correct,accuracy
0,1,790,393,0.49746835443037973
1,2,693,318,0.4588744588744589
2,3,766,548,0.7154046997389034
3,4,743,322,0.43337819650067294
4,5,735,462,0.6285714285714286
5,6,763,362,0.4744429882044561
6,7,754,611,0.8103448275862069
7,8,707,449,0.635077793493635
8,9,687,477,0.6943231441048034
9,10,683,469,0.6866764275256223
