class_index,gesture_id,support,correct,accuracy
0,1,790,452,0.5721518987341773
1,2,692,316,0.45664739884393063
2,3,766,483,0.6305483028720626
3,4,743,406,0.5464333781965006
4,5,735,422,0.5741496598639456
5,6,763,419,0.5491480996068152
6,7,755,525,0.695364238410596
7,8,707,445,0.6294200848656294
8,9,687,444,0.6462882096069869
9,10,683,471,0.6896046852122987
