{
  "best_epoch": 15,
  "best_val_macro_f1": 0.3758933848463837,
  "val": {
    "loss": 1.8202585770954034,
    "accuracy": 0.36873209169054444,
    "macro_f1": 0.3758933848463837
  },
  "test": {
    "loss": 1.8365128488669114,
    "accuracy": 0.3677773839064162,
    "macro_f1": 0.37546324290079836
  }
}