class_index,gesture_id,support,correct,accuracy
0,1,791,130,0.16434892541087232
1,2,692,68,0.09826589595375723
2,3,766,21,0.02741514360313316
3,4,743,42,0.05652759084791386
4,5,735,107,0.145578231292517
5,6,763,208,0.272608125819135
6,7,754,192,0.2546419098143236
7,8,707,38,0.05374823196605375
8,9,688,326,0.4738372093023256
9,10,683,414,0.6061493411420205
