class_index,gesture_id,support,correct,accuracy
0,1,18,10,0.5555555555555556
1,2,18,2,0.1111111111111111
2,3,18,6,0.3333333333333333
3,4,18,11,0.6111111111111112
4,5,18,1,0.05555555555555555
5,6,18,2,0.1111111111111111
6,7,18,0,0.0
7,8,18,0,0.0
8,9,18,10,0.5555555555555556
9,10,18,18,1.0
