class_index,gesture_id,support,correct,accuracy
0,1,791,245,0.30973451327433627
1,2,692,112,0.16184971098265896
2,3,766,121,0.15796344647519583
3,4,743,228,0.30686406460296095
4,5,735,89,0.12108843537414966
5,6,763,180,0.23591087811271297
6,7,754,37,0.04907161803713528
7,8,707,43,0.06082036775106082
8,9,688,327,0.4752906976744186
9,10,683,426,0.623718887262079
