{
  "noise_type": "wgn",
  "noise_level": 0.0,
  "denoise_method": "notch",
  "window": {
    "loss": 2.101982942388801,
    "accuracy": 0.3038787216607484,
    "macro_f1": 0.2921754321866796,
    "num_windows": 7322
  },
  "repetition": {
    "accuracy": 0.4444444444444444,
    "macro_f1": 0.4087300380625363,
    "num_repetitions": 180
  }
}