class_index,gesture_id,support,correct,accuracy
0,1,791,275,0.347661188369153
1,2,692,133,0.19219653179190752
2,3,766,193,0.2519582245430809
3,4,743,241,0.3243606998654105
4,5,735,108,0.1469387755102041
5,6,763,201,0.2634338138925295
6,7,754,94,0.1246684350132626
7,8,707,120,0.16973125884016974
8,9,688,406,0.5901162790697675
9,10,683,454,0.664714494875549
