class_index,gesture_id,support,correct,accuracy
0,1,18,16,0.8888888888888888
1,2,18,10,0.5555555555555556
2,3,18,14,0.7777777777777778
3,4,18,17,0.9444444444444444
4,5,18,14,0.7777777777777778
5,6,18,7,0.3888888888888889
6,7,18,7,0.3888888888888889
7,8,18,6,0.3333333333333333
8,9,18,16,0.8888888888888888
9,10,18,18,1.0
