class_index,gesture_id,support,correct,accuracy
0,1,791,344,0.43489254108723135
1,2,692,187,0.2702312138728324
2,3,766,254,0.33159268929503916
3,4,743,311,0.4185733512786003
4,5,735,177,0.24081632653061225
5,6,763,262,0.34338138925294887
6,7,754,179,0.23740053050397877
7,8,707,197,0.27864214992927866
8,9,688,439,0.6380813953488372
9,10,683,483,0.7071742313323572
