{
  "noise_type": "hum",
  "noise_level": 0.6,
  "denoise_method": "none",
  "window": {
    "loss": 1.2488074852882587,
    "accuracy": 0.6004644174293129,
    "macro_f1": 0.5987274915336546,
    "num_windows": 7321
  },
  "repetition": {
    "accuracy": 0.9944444444444445,
    "macro_f1": 0.9944401544401545,
    "num_repetitions": 180
  }
}