class_index,gesture_id,support,correct,accuracy
0,1,790,407,0.5151898734177215
1,2,693,324,0.4675324675324675
2,3,766,503,0.6566579634464752
3,4,743,330,0.44414535666218036
4,5,735,484,0.6585034013605442
5,6,763,406,0.5321100917431193
6,7,754,586,0.7771883289124668
7,8,707,441,0.6237623762376238
8,9,687,456,0.6637554585152838
9,10,683,459,0.6720351390922401
