class_index,gesture_id,support,correct,accuracy
0,1,18,15,0.8333333333333334
1,2,18,9,0.5
2,3,18,16,0.8888888888888888
3,4,18,6,0.3333333333333333
4,5,18,7,0.3888888888888889
5,6,18,3,0.16666666666666666
6,7,18,9,0.5
7,8,18,3,0.16666666666666666
8,9,18,18,1.0
9,10,18,18,1.0
