class_index,gesture_id,support,correct,accuracy
0,1,791,300,0.37926675094816686
1,2,692,185,0.26734104046242774
2,3,766,348,0.45430809399477806
3,4,743,124,0.16689098250336473
4,5,735,128,0.17414965986394557
5,6,763,237,0.3106159895150721
6,7,754,254,0.33687002652519893
7,8,707,114,0.16124469589816123
8,9,688,459,0.6671511627906976
9,10,683,412,0.6032210834553441
