class_index,gesture_id,support,correct,accuracy
0,1,791,174,0.21997471554993678
1,2,692,151,0.21820809248554912
2,3,766,335,0.43733681462140994
3,4,743,181,0.24360699865410498
4,5,735,56,0.0761904761904762
5,6,763,257,0.33682830930537355
6,7,755,103,0.13642384105960265
7,8,706,96,0.1359773371104816
8,9,688,439,0.6380813953488372
9,10,683,380,0.5563689604685212
