class_index,gesture_id,support,correct,accuracy
0,1,790,142,0.17974683544303796
1,2,692,36,0.05202312138728324
2,3,766,76,0.09921671018276762
3,4,743,73,0.09825033647375504
4,5,735,10,0.013605442176870748
5,6,763,197,0.2581913499344692
6,7,755,18,0.02384105960264901
7,8,707,106,0.14992927864214992
8,9,687,252,0.36681222707423583
9,10,683,480,0.7027818448023426
