class_index,gesture_id,support,correct,accuracy
0,1,18,5,0.2777777777777778
1,2,18,3,0.16666666666666666
2,3,18,16,0.8888888888888888
3,4,18,9,0.5
4,5,18,8,0.4444444444444444
5,6,18,11,0.6111111111111112
6,7,18,3,0.16666666666666666
7,8,18,17,0.9444444444444444
8,9,18,15,0.8333333333333334
9,10,18,18,1.0
