class_index,gesture_id,support,correct,accuracy
0,1,790,184,0.23291139240506328
1,2,693,108,0.15584415584415584
2,3,766,259,0.3381201044386423
3,4,743,183,0.24629878869448182
4,5,735,175,0.23809523809523808
5,6,763,330,0.4325032765399738
6,7,754,160,0.21220159151193635
7,8,707,362,0.512022630834512
8,9,687,366,0.5327510917030568
9,10,683,505,0.739385065885798
