class_index,gesture_id,support,correct,accuracy
0,1,791,266,0.336283185840708
1,2,692,271,0.3916184971098266
2,3,766,477,0.6227154046997389
3,4,743,217,0.2920592193808883
4,5,735,121,0.16462585034013605
5,6,763,302,0.39580602883355176
6,7,755,248,0.32847682119205296
7,8,706,172,0.24362606232294617
8,9,688,525,0.7630813953488372
9,10,683,330,0.48316251830161056
