{
  "noise_type": "wgn",
  "noise_level": 20.0,
  "denoise_method": "pca",
  "window": {
    "loss": 1.7630083644953427,
    "accuracy": 0.39879814258399343,
    "macro_f1": 0.3888888868007035,
    "num_windows": 7322
  },
  "repetition": {
    "accuracy": 0.8111111111111111,
    "macro_f1": 0.8088534090193724,
    "num_repetitions": 180
  }
}