class_index,gesture_id,support,correct,accuracy
0,1,791,275,0.347661188369153
1,2,692,273,0.3945086705202312
2,3,766,484,0.6318537859007833
3,4,743,214,0.288021534320323
4,5,735,110,0.14965986394557823
5,6,763,304,0.3984272608125819
6,7,755,249,0.32980132450331123
7,8,706,166,0.23512747875354106
8,9,688,511,0.7427325581395349
9,10,683,334,0.4890190336749634
