class_index,gesture_id,support,correct,accuracy
0,1,790,298,0.37721518987341773
1,2,693,231,0.3333333333333333
2,3,766,541,0.706266318537859
3,4,743,224,0.30148048452220727
4,5,734,359,0.4891008174386921
5,6,763,363,0.47575360419397117
6,7,755,400,0.5298013245033113
7,8,707,276,0.39038189533239037
8,9,687,417,0.6069868995633187
9,10,683,395,0.5783308931185944
