class_index,gesture_id,support,correct,accuracy
0,1,790,232,0.2936708860759494
1,2,692,273,0.3945086705202312
2,3,766,114,0.14882506527415143
3,4,743,51,0.06864064602960969
4,5,735,100,0.1360544217687075
5,6,763,112,0.14678899082568808
6,7,755,487,0.6450331125827815
7,8,707,61,0.08628005657708628
8,9,687,130,0.18922852983988356
9,10,683,92,0.13469985358711567
