class_index,gesture_id,support,correct,accuracy
0,1,18,13,0.7222222222222222
1,2,18,17,0.9444444444444444
2,3,18,18,1.0
3,4,18,17,0.9444444444444444
4,5,18,2,0.1111111111111111
5,6,18,10,0.5555555555555556
6,7,18,7,0.3888888888888889
7,8,18,5,0.2777777777777778
8,9,18,18,1.0
9,10,18,16,0.8888888888888888
