class_index,gesture_id,support,correct,accuracy
0,1,791,229,0.2895069532237674
1,2,692,213,0.3078034682080925
2,3,766,447,0.5835509138381201
3,4,743,213,0.28667563930013457
4,5,735,86,0.11700680272108843
5,6,763,289,0.37876802096985585
6,7,755,204,0.27019867549668874
7,8,706,151,0.21388101983002833
8,9,688,507,0.7369186046511628
9,10,683,346,0.5065885797950219
