class_index,gesture_id,support,correct,accuracy
0,1,790,196,0.2481012658227848
1,2,693,165,0.23809523809523808
2,3,766,401,0.5234986945169713
3,4,743,198,0.26648721399730824
4,5,734,229,0.3119891008174387
5,6,763,372,0.4875491480996068
6,7,755,261,0.3456953642384106
7,8,707,239,0.33804809052333806
8,9,687,392,0.5705967976710334
9,10,683,345,0.5051244509516838
