class_index,gesture_id,support,correct,accuracy
0,1,790,419,0.5303797468354431
1,2,692,239,0.3453757225433526
2,3,766,450,0.587467362924282
3,4,743,399,0.5370121130551817
4,5,735,319,0.4340136054421769
5,6,763,391,0.5124508519003932
6,7,755,376,0.49801324503311256
7,8,707,460,0.6506364922206507
8,9,687,455,0.6622998544395924
9,10,683,476,0.6969253294289898
