class_index,gesture_id,support,correct,accuracy
0,1,791,498,0.629582806573957
1,2,692,322,0.4653179190751445
2,3,766,430,0.5613577023498695
3,4,743,361,0.4858681022880215
4,5,735,457,0.6217687074829932
5,6,763,350,0.45871559633027525
6,7,754,564,0.7480106100795756
7,8,707,337,0.4766619519094767
8,9,688,486,0.7063953488372093
9,10,683,478,0.6998535871156661
