class_index,gesture_id,support,correct,accuracy
0,1,790,66,0.08354430379746836
1,2,693,23,0.03318903318903319
2,3,766,39,0.050913838120104436
3,4,743,37,0.04979811574697174
4,5,735,42,0.05714285714285714
5,6,763,375,0.49148099606815204
6,7,754,12,0.015915119363395226
7,8,707,242,0.3422913719943423
8,9,687,172,0.25036390101892286
9,10,683,280,0.40995607613469986
