{
  "noise_type": "motion",
  "noise_level": 0.1,
  "denoise_method": "kalman",
  "window": {
    "loss": 2.1830813167721024,
    "accuracy": 0.21879267959573886,
    "macro_f1": 0.18931031486257882,
    "num_windows": 7322
  },
  "repetition": {
    "accuracy": 0.3277777777777778,
    "macro_f1": 0.27963567867389083,
    "num_repetitions": 180
  }
}