class_index,gesture_id,support,correct,accuracy
0,1,791,235,0.2970922882427307
1,2,692,185,0.26734104046242774
2,3,766,57,0.07441253263707572
3,4,743,47,0.063257065948856
4,5,735,130,0.17687074829931973
5,6,763,76,0.09960681520314547
6,7,754,533,0.7068965517241379
7,8,707,31,0.04384724186704385
8,9,688,193,0.2805232558139535
9,10,683,115,0.1683748169838946
