class_index,gesture_id,support,correct,accuracy
0,1,790,349,0.4417721518987342
1,2,693,323,0.4660894660894661
2,3,766,540,0.7049608355091384
3,4,743,399,0.5370121130551817
4,5,734,569,0.7752043596730245
5,6,763,448,0.5871559633027523
6,7,755,613,0.8119205298013245
7,8,707,437,0.6181046676096181
8,9,687,432,0.62882096069869
9,10,683,401,0.5871156661786238
