class_index,gesture_id,support,correct,accuracy
0,1,790,288,0.36455696202531646
1,2,692,140,0.2023121387283237
2,3,766,342,0.4464751958224543
3,4,743,155,0.20861372812920592
4,5,735,85,0.11564625850340136
5,6,763,313,0.41022280471821754
6,7,755,173,0.22913907284768212
7,8,707,226,0.31966053748231965
8,9,687,372,0.5414847161572053
9,10,683,455,0.6661786237188873
