class_index,gesture_id,support,correct,accuracy
0,1,18,0,0.0
1,2,18,0,0.0
2,3,18,0,0.0
3,4,18,0,0.0
4,5,18,2,0.1111111111111111
5,6,18,18,1.0
6,7,18,0,0.0
7,8,18,14,0.7777777777777778
8,9,18,17,0.9444444444444444
9,10,18,6,0.3333333333333333
