class_index,gesture_id,support,correct,accuracy
0,1,790,101,0.12784810126582277
1,2,693,48,0.06926406926406926
2,3,766,46,0.06005221932114883
3,4,743,117,0.15746971736204576
4,5,734,132,0.17983651226158037
5,6,763,462,0.6055045871559633
6,7,755,115,0.152317880794702
7,8,707,298,0.4214992927864215
8,9,687,319,0.4643377001455604
9,10,683,163,0.23865300146412885
