class_index,gesture_id,support,correct,accuracy
0,1,18,11,0.6111111111111112
1,2,18,9,0.5
2,3,18,6,0.3333333333333333
3,4,18,4,0.2222222222222222
4,5,18,4,0.2222222222222222
5,6,18,9,0.5
6,7,18,16,0.8888888888888888
7,8,18,11,0.6111111111111112
8,9,18,12,0.6666666666666666
9,10,18,8,0.4444444444444444
