class_index,gesture_id,support,correct,accuracy
0,1,790,229,0.289873417721519
1,2,692,217,0.31358381502890176
2,3,766,143,0.1866840731070496
3,4,743,88,0.11843876177658143
4,5,735,128,0.17414965986394557
5,6,763,154,0.2018348623853211
6,7,755,432,0.5721854304635762
7,8,707,163,0.23055162659123055
8,9,687,189,0.27510917030567683
9,10,683,216,0.3162518301610542
