class_index,gesture_id,support,correct,accuracy
0,1,791,64,0.08091024020227561
1,2,692,50,0.07225433526011561
2,3,766,35,0.04569190600522193
3,4,743,32,0.04306864064602961
4,5,735,29,0.03945578231292517
5,6,763,273,0.3577981651376147
6,7,754,75,0.09946949602122016
7,8,707,57,0.08062234794908062
8,9,688,234,0.34011627906976744
9,10,683,509,0.7452415812591509
