class_index,gesture_id,support,correct,accuracy
0,1,790,237,0.3
1,2,693,203,0.29292929292929293
2,3,766,433,0.5652741514360313
3,4,743,396,0.5329744279946165
4,5,734,408,0.555858310626703
5,6,763,450,0.5897771952817824
6,7,755,356,0.47152317880794703
7,8,707,378,0.5346534653465347
8,9,687,371,0.5400291120815138
9,10,683,393,0.575402635431918
