{
  "noise_type": "hum",
  "noise_level": 0.6,
  "denoise_method": "notch",
  "window": {
    "loss": 1.2706523283489803,
    "accuracy": 0.5829008467631794,
    "macro_f1": 0.5832942152141027,
    "num_windows": 7322
  },
  "repetition": {
    "accuracy": 0.9944444444444445,
    "macro_f1": 0.9944401544401543,
    "num_repetitions": 180
  }
}