class_index,gesture_id,support,correct,accuracy
0,1,791,504,0.6371681415929203
1,2,692,319,0.46098265895953755
2,3,766,434,0.566579634464752
3,4,743,346,0.46567967698519513
4,5,735,456,0.6204081632653061
5,6,763,350,0.45871559633027525
6,7,754,560,0.7427055702917772
7,8,707,352,0.49787835926449786
8,9,688,487,0.7078488372093024
9,10,683,460,0.6734992679355783
