{
  "noise_type": "pink",
  "noise_level": 20.0,
  "denoise_method": "none",
  "window": {
    "loss": 1.2217276184098442,
    "accuracy": 0.6147227533460803,
    "macro_f1": 0.614857982921877,
    "num_windows": 7322
  },
  "repetition": {
    "accuracy": 1.0,
    "macro_f1": 1.0,
    "num_repetitions": 180
  }
}