class_index,gesture_id,support,correct,accuracy
0,1,791,425,0.5372945638432364
1,2,692,388,0.5606936416184971
2,3,766,523,0.6827676240208878
3,4,743,425,0.5720053835800808
4,5,735,397,0.5401360544217687
5,6,763,433,0.5674967234600262
6,7,755,514,0.680794701986755
7,8,706,459,0.6501416430594901
8,9,688,524,0.7616279069767442
9,10,683,413,0.6046852122986823
