class_index,gesture_id,support,correct,accuracy
0,1,790,177,0.2240506329113924
1,2,692,257,0.3713872832369942
2,3,766,52,0.06788511749347259
3,4,743,53,0.07133243606998654
4,5,735,114,0.15510204081632653
5,6,763,189,0.24770642201834864
6,7,755,410,0.543046357615894
7,8,707,61,0.08628005657708628
8,9,687,131,0.19068413391557495
9,10,683,137,0.2005856515373353
