class_index,gesture_id,support,correct,accuracy
0,1,791,126,0.1592920353982301
1,2,692,83,0.1199421965317919
2,3,766,47,0.06135770234986945
3,4,743,79,0.1063257065948856
4,5,735,48,0.0653061224489796
5,6,763,344,0.4508519003931848
6,7,755,72,0.09536423841059603
7,8,706,9,0.012747875354107648
8,9,688,376,0.5465116279069767
9,10,683,325,0.47584187408491946
