class_index,gesture_id,support,correct,accuracy
0,1,790,396,0.5012658227848101
1,2,692,149,0.2153179190751445
2,3,766,339,0.4425587467362924
3,4,743,360,0.4845222072678331
4,5,735,192,0.2612244897959184
5,6,763,334,0.43774574049803405
6,7,755,223,0.295364238410596
7,8,707,432,0.611032531824611
8,9,687,418,0.6084425036390102
9,10,683,466,0.6822840409956076
