class_index,gesture_id,support,correct,accuracy
0,1,195,96,0.49230769230769234
1,2,157,118,0.7515923566878981
2,3,184,124,0.6739130434782609
3,4,189,173,0.9153439153439153
4,5,188,144,0.7659574468085106
5,6,186,131,0.7043010752688172
6,7,172,112,0.6511627906976745
7,8,152,122,0.8026315789473685
8,9,172,128,0.7441860465116279
9,10,153,114,0.7450980392156863
