class_index,gesture_id,support,correct,accuracy
0,1,790,193,0.24430379746835443
1,2,692,258,0.37283236994219654
2,3,766,54,0.07049608355091384
3,4,743,55,0.0740242261103634
4,5,735,113,0.15374149659863945
5,6,763,192,0.2516382699868938
6,7,755,417,0.552317880794702
7,8,707,59,0.08345120226308345
8,9,687,137,0.19941775836972345
9,10,683,142,0.20790629575402636
