class_index,gesture_id,support,correct,accuracy
0,1,791,302,0.38179519595448796
1,2,692,192,0.2774566473988439
2,3,766,382,0.49869451697127937
3,4,743,124,0.16689098250336473
4,5,735,115,0.1564625850340136
5,6,763,229,0.30013106159895153
6,7,754,271,0.3594164456233422
7,8,707,129,0.18246110325318246
8,9,688,472,0.686046511627907
9,10,683,411,0.6017569546120058
