{
  "noise_type": "motion",
  "noise_level": 0.3,
  "denoise_method": "none",
  "window": {
    "loss": 1.3469955119876942,
    "accuracy": 0.560032782406775,
    "macro_f1": 0.5598789631421985,
    "num_windows": 7321
  },
  "repetition": {
    "accuracy": 0.9611111111111111,
    "macro_f1": 0.9609515812611787,
    "num_repetitions": 180
  }
}