class_index,gesture_id,support,correct,accuracy
0,1,790,122,0.15443037974683543
1,2,693,138,0.19913419913419914
2,3,766,384,0.5013054830287206
3,4,743,229,0.3082099596231494
4,5,734,162,0.22070844686648503
5,6,763,320,0.41939711664482304
6,7,755,210,0.2781456953642384
7,8,707,203,0.2871287128712871
8,9,687,351,0.5109170305676856
9,10,683,364,0.5329428989751098
