class_index,gesture_id,support,correct,accuracy
0,1,791,48,0.0606826801517067
1,2,692,27,0.03901734104046243
2,3,766,30,0.0391644908616188
3,4,743,54,0.07267833109017496
4,5,735,35,0.047619047619047616
5,6,763,307,0.40235910878112713
6,7,755,11,0.01456953642384106
7,8,706,30,0.042492917847025496
8,9,688,284,0.4127906976744186
9,10,683,386,0.5651537335285505
