{
  "best_epoch": 52,
  "best_val_macro_f1": 0.7527281062794609,
  "val": {
    "loss": 0.9482476334281379,
    "accuracy": 0.7558375634517767,
    "macro_f1": 0.7527281062794609
  },
  "test": {
    "loss": 1.0064900545846849,
    "accuracy": 0.7044513457556936,
    "macro_f1": 0.7027631034498687
  }
}