class_index,gesture_id,support,correct,accuracy
0,1,790,327,0.4139240506329114
1,2,693,61,0.08802308802308802
2,3,766,162,0.21148825065274152
3,4,743,127,0.17092866756393002
4,5,735,249,0.33877551020408164
5,6,763,146,0.1913499344692005
6,7,754,355,0.4708222811671088
7,8,707,169,0.23903818953323905
8,9,687,204,0.29694323144104806
9,10,683,193,0.28257686676427524
