{
  "noise_type": "spikes",
  "noise_level": 1.0,
  "denoise_method": "notch",
  "window": {
    "loss": 1.5570185942950103,
    "accuracy": 0.4548558940035514,
    "macro_f1": 0.45558181430068434,
    "num_windows": 7321
  },
  "repetition": {
    "accuracy": 0.8555555555555555,
    "macro_f1": 0.8543394575366206,
    "num_repetitions": 180
  }
}