class_index,gesture_id,support,correct,accuracy
0,1,790,286,0.3620253164556962
1,2,693,198,0.2857142857142857
2,3,766,417,0.5443864229765013
3,4,743,297,0.3997308209959623
4,5,735,260,0.35374149659863946
5,6,763,311,0.4076015727391874
6,7,754,283,0.3753315649867374
7,8,707,381,0.5388967468175389
8,9,687,402,0.5851528384279476
9,10,683,495,0.7247437774524158
