class_index,gesture_id,support,correct,accuracy
0,1,791,312,0.3944374209860936
1,2,692,341,0.49277456647398843
2,3,766,522,0.6814621409921671
3,4,743,257,0.34589502018842533
4,5,735,212,0.28843537414965986
5,6,763,337,0.4416775884665793
6,7,755,306,0.4052980132450331
7,8,706,238,0.3371104815864023
8,9,688,515,0.748546511627907
9,10,683,402,0.5885797950219619
