class_index,gesture_id,support,correct,accuracy
0,1,18,18,1.0
1,2,18,5,0.2777777777777778
2,3,18,16,0.8888888888888888
3,4,18,17,0.9444444444444444
4,5,18,10,0.5555555555555556
5,6,18,12,0.6666666666666666
6,7,18,5,0.2777777777777778
7,8,18,18,1.0
8,9,18,16,0.8888888888888888
9,10,18,18,1.0
