class_index,gesture_id,support,correct,accuracy
0,1,790,395,0.5
1,2,692,144,0.20809248554913296
2,3,766,311,0.40600522193211486
3,4,743,365,0.49125168236877526
4,5,735,175,0.23809523809523808
5,6,763,337,0.4416775884665793
6,7,755,197,0.2609271523178808
7,8,707,412,0.5827439886845828
8,9,687,385,0.5604075691411936
9,10,683,428,0.6266471449487555
