class_index,gesture_id,support,correct,accuracy
0,1,18,12,0.6666666666666666
1,2,18,10,0.5555555555555556
2,3,18,1,0.05555555555555555
3,4,18,3,0.16666666666666666
4,5,18,13,0.7222222222222222
5,6,18,13,0.7222222222222222
6,7,18,18,1.0
7,8,18,12,0.6666666666666666
8,9,18,12,0.6666666666666666
9,10,18,0,0.0
