class_index,gesture_id,support,correct,accuracy
0,1,790,227,0.2873417721518987
1,2,693,196,0.2828282828282828
2,3,766,94,0.1227154046997389
3,4,743,97,0.13055181695827725
4,5,734,202,0.27520435967302453
5,6,763,167,0.21887287024901703
6,7,755,476,0.6304635761589404
7,8,707,191,0.27015558698727016
8,9,687,284,0.413391557496361
9,10,683,97,0.14202049780380674
