class_index,gesture_id,support,correct,accuracy
0,1,791,229,0.2895069532237674
1,2,692,196,0.2832369942196532
2,3,766,58,0.07571801566579635
3,4,743,40,0.05383580080753701
4,5,735,135,0.1836734693877551
5,6,763,72,0.09436435124508519
6,7,754,529,0.7015915119363395
7,8,707,23,0.03253182461103253
8,9,688,178,0.25872093023255816
9,10,683,112,0.16398243045387995
