class_index,gesture_id,support,correct,accuracy
0,1,790,396,0.5012658227848101
1,2,693,316,0.455988455988456
2,3,766,538,0.7023498694516971
3,4,743,329,0.4427994616419919
4,5,735,467,0.6353741496598639
5,6,763,357,0.46788990825688076
6,7,754,611,0.8103448275862069
7,8,707,440,0.6223479490806223
8,9,687,485,0.7059679767103348
9,10,683,476,0.6969253294289898
