{
  "noise_type": "pink",
  "noise_level": 0.0,
  "denoise_method": "notch",
  "window": {
    "loss": 2.0350861993908738,
    "accuracy": 0.3294631880890589,
    "macro_f1": 0.31925324091896895,
    "num_windows": 7321
  },
  "repetition": {
    "accuracy": 0.6111111111111112,
    "macro_f1": 0.6131707193812673,
    "num_repetitions": 180
  }
}