class_index,gesture_id,support,correct,accuracy
0,1,790,105,0.13291139240506328
1,2,693,137,0.1976911976911977
2,3,766,229,0.2989556135770235
3,4,743,273,0.3674293405114401
4,5,734,224,0.30517711171662126
5,6,763,474,0.6212319790301442
6,7,755,106,0.1403973509933775
7,8,707,257,0.3635077793493635
8,9,687,262,0.3813682678311499
9,10,683,345,0.5051244509516838
