class_index,gesture_id,support,correct,accuracy
0,1,18,11,0.6111111111111112
1,2,18,11,0.6111111111111112
2,3,18,8,0.4444444444444444
3,4,18,7,0.3888888888888889
4,5,18,16,0.8888888888888888
5,6,18,16,0.8888888888888888
6,7,18,16,0.8888888888888888
7,8,18,12,0.6666666666666666
8,9,18,15,0.8333333333333334
9,10,18,2,0.1111111111111111
