class_index,gesture_id,support,correct,accuracy
0,1,790,205,0.25949367088607594
1,2,693,168,0.24242424242424243
2,3,766,114,0.14882506527415143
3,4,743,119,0.1601615074024226
4,5,734,217,0.2956403269754768
5,6,763,234,0.30668414154652685
6,7,755,419,0.5549668874172186
7,8,707,228,0.32248939179632247
8,9,687,340,0.4949053857350801
9,10,683,149,0.21815519765739386
