{
  "noise_type": "hum",
  "noise_level": 1.0,
  "denoise_method": "notch",
  "window": {
    "loss": 1.240517551636507,
    "accuracy": 0.5987435127014477,
    "macro_f1": 0.597748609693338,
    "num_windows": 7322
  },
  "repetition": {
    "accuracy": 1.0,
    "macro_f1": 1.0,
    "num_repetitions": 180
  }
}