class_index,gesture_id,support,correct,accuracy
0,1,791,389,0.4917825537294564
1,2,692,379,0.5476878612716763
2,3,766,555,0.7245430809399478
3,4,743,441,0.5935397039030955
4,5,735,385,0.5238095238095238
5,6,763,424,0.5557011795543906
6,7,755,515,0.6821192052980133
7,8,706,501,0.7096317280453258
8,9,688,458,0.6656976744186046
9,10,683,337,0.493411420204978
