{
  "noise_type": "wgn",
  "noise_level": 20.0,
  "denoise_method": "notch",
  "window": {
    "loss": 1.226657111457188,
    "accuracy": 0.6117181098060639,
    "macro_f1": 0.6120920341557512,
    "num_windows": 7322
  },
  "repetition": {
    "accuracy": 1.0,
    "macro_f1": 1.0,
    "num_repetitions": 180
  }
}