class_index,gesture_id,support,correct,accuracy
0,1,791,427,0.5398230088495575
1,2,692,393,0.5679190751445087
2,3,766,510,0.6657963446475196
3,4,743,417,0.5612382234185733
4,5,735,397,0.5401360544217687
5,6,763,426,0.5583224115334207
6,7,755,523,0.6927152317880795
7,8,706,448,0.6345609065155807
8,9,688,513,0.7456395348837209
9,10,683,425,0.6222547584187409
