class_index,gesture_id,support,correct,accuracy
0,1,791,84,0.10619469026548672
1,2,692,40,0.057803468208092484
2,3,766,14,0.018276762402088774
3,4,743,39,0.052489905787348586
4,5,735,59,0.08027210884353742
5,6,763,204,0.2673656618610747
6,7,754,109,0.14456233421750664
7,8,707,28,0.039603960396039604
8,9,688,294,0.4273255813953488
9,10,683,495,0.7247437774524158
