class_index,gesture_id,support,correct,accuracy
0,1,235,114,0.4851063829787234
1,2,199,121,0.6080402010050251
2,3,203,178,0.8768472906403941
3,4,212,164,0.7735849056603774
4,5,186,115,0.6182795698924731
5,6,214,109,0.5093457943925234
6,7,213,199,0.9342723004694836
7,8,175,138,0.7885714285714286
8,9,181,133,0.7348066298342542
9,10,197,154,0.7817258883248731
