class_index,gesture_id,support,correct,accuracy
0,1,791,371,0.4690265486725664
1,2,692,372,0.5375722543352601
2,3,766,553,0.7219321148825065
3,4,743,447,0.6016150740242261
4,5,735,407,0.5537414965986395
5,6,763,434,0.5688073394495413
6,7,755,526,0.6966887417218544
7,8,706,519,0.7351274787535411
8,9,688,440,0.6395348837209303
9,10,683,325,0.47584187408491946
