class_index,gesture_id,support,correct,accuracy
0,1,790,269,0.34050632911392403
1,2,693,195,0.2813852813852814
2,3,766,417,0.5443864229765013
3,4,743,296,0.3983849259757739
4,5,735,269,0.3659863945578231
5,6,763,302,0.39580602883355176
6,7,754,286,0.3793103448275862
7,8,707,357,0.504950495049505
8,9,687,393,0.5720524017467249
9,10,683,471,0.6896046852122987
