{
  "noise_type": "hum",
  "noise_level": 0.1,
  "denoise_method": "pca",
  "window": {
    "loss": 1.8045711574813672,
    "accuracy": 0.37549515093566455,
    "macro_f1": 0.35816446828603804,
    "num_windows": 7321
  },
  "repetition": {
    "accuracy": 0.6833333333333333,
    "macro_f1": 0.6540771894461923,
    "num_repetitions": 180
  }
}