class_index,gesture_id,support,correct,accuracy
0,1,18,14,0.7777777777777778
1,2,18,9,0.5
2,3,18,18,1.0
3,4,18,3,0.16666666666666666
4,5,18,8,0.4444444444444444
5,6,18,5,0.2777777777777778
6,7,18,18,1.0
7,8,18,13,0.7222222222222222
8,9,18,17,0.9444444444444444
9,10,18,18,1.0
