class_index,gesture_id,support,correct,accuracy
0,1,790,275,0.34810126582278483
1,2,693,160,0.23088023088023088
2,3,766,466,0.608355091383812
3,4,743,93,0.12516823687752354
4,5,735,146,0.19863945578231293
5,6,763,203,0.26605504587155965
6,7,754,372,0.493368700265252
7,8,707,212,0.29985855728429983
8,9,687,407,0.5924308588064047
9,10,683,415,0.6076134699853587
