{
  "noise_type": "wgn",
  "noise_level": 10.0,
  "denoise_method": "kalman",
  "window": {
    "loss": 2.1231625918367656,
    "accuracy": 0.24422893047397898,
    "macro_f1": 0.22995709492936073,
    "num_windows": 7321
  },
  "repetition": {
    "accuracy": 0.40555555555555556,
    "macro_f1": 0.3935266197888115,
    "num_repetitions": 180
  }
}