class_index,gesture_id,support,correct,accuracy
0,1,18,11,0.6111111111111112
1,2,18,9,0.5
2,3,18,4,0.2222222222222222
3,4,18,3,0.16666666666666666
4,5,18,5,0.2777777777777778
5,6,18,6,0.3333333333333333
6,7,18,18,1.0
7,8,18,4,0.2222222222222222
8,9,18,9,0.5
9,10,18,4,0.2222222222222222
