class_index,gesture_id,support,correct,accuracy
0,1,790,232,0.2936708860759494
1,2,692,243,0.3511560693641618
2,3,766,131,0.17101827676240208
3,4,743,64,0.08613728129205922
4,5,735,123,0.1673469387755102
5,6,763,120,0.15727391874180865
6,7,755,467,0.6185430463576159
7,8,707,92,0.13012729844413012
8,9,687,174,0.25327510917030566
9,10,683,142,0.20790629575402636
