{
  "best_epoch": 9,
  "best_val_macro_f1": 0.38099389943359985,
  "val": {
    "loss": 2.0442600861448113,
    "accuracy": 0.38676832020865726,
    "macro_f1": 0.38099389943359985
  },
  "test": {
    "loss": 1.9947325195169914,
    "accuracy": 0.4064431262564841,
    "macro_f1": 0.40228098039851296
  }
}