class_index,gesture_id,support,correct,accuracy
0,1,790,359,0.4544303797468354
1,2,693,321,0.46320346320346323
2,3,766,546,0.7127937336814621
3,4,743,405,0.5450874831763123
4,5,734,571,0.7779291553133515
5,6,763,435,0.5701179554390564
6,7,755,625,0.8278145695364238
7,8,707,423,0.5983026874115983
8,9,687,427,0.6215429403202329
9,10,683,403,0.5900439238653001
