class_index,gesture_id,support,correct,accuracy
0,1,790,191,0.2417721518987342
1,2,693,156,0.22510822510822512
2,3,766,435,0.5678851174934726
3,4,743,226,0.3041722745625841
4,5,734,206,0.28065395095367845
5,6,763,352,0.4613368283093054
6,7,755,263,0.3483443708609272
7,8,707,217,0.3069306930693069
8,9,687,416,0.6055312954876274
9,10,683,352,0.5153733528550513
