class_index,gesture_id,support,correct,accuracy
0,1,790,200,0.25316455696202533
1,2,693,210,0.30303030303030304
2,3,766,33,0.04308093994778068
3,4,743,86,0.11574697173620457
4,5,734,170,0.23160762942779292
5,6,763,191,0.2503276539973788
6,7,755,463,0.6132450331125828
7,8,707,120,0.16973125884016974
8,9,687,270,0.3930131004366812
9,10,683,54,0.07906295754026355
