{
  "noise_type": "wgn",
  "noise_level": 0.0,
  "denoise_method": "pca",
  "window": {
    "loss": 2.3555015932175345,
    "accuracy": 0.2470636438131658,
    "macro_f1": 0.2279989205398838,
    "num_windows": 7322
  },
  "repetition": {
    "accuracy": 0.3388888888888889,
    "macro_f1": 0.29867181356884964,
    "num_repetitions": 180
  }
}