class_index,gesture_id,support,correct,accuracy
0,1,18,6,0.3333333333333333
1,2,18,2,0.1111111111111111
2,3,18,10,0.5555555555555556
3,4,18,7,0.3888888888888889
4,5,18,0,0.0
5,6,18,7,0.3888888888888889
6,7,18,0,0.0
7,8,18,0,0.0
8,9,18,13,0.7222222222222222
9,10,18,16,0.8888888888888888
