class_index,gesture_id,support,correct,accuracy
0,1,791,131,0.16561314791403287
1,2,692,121,0.17485549132947978
2,3,766,228,0.29765013054830286
3,4,743,144,0.19380888290713325
4,5,735,41,0.055782312925170066
5,6,763,243,0.31847968545216254
6,7,755,81,0.10728476821192053
7,8,706,51,0.07223796033994334
8,9,688,381,0.5537790697674418
9,10,683,388,0.568081991215227
