class_index,gesture_id,support,correct,accuracy
0,1,18,5,0.2777777777777778
1,2,18,3,0.16666666666666666
2,3,18,17,0.9444444444444444
3,4,18,7,0.3888888888888889
4,5,18,0,0.0
5,6,18,1,0.05555555555555555
6,7,18,1,0.05555555555555555
7,8,18,10,0.5555555555555556
8,9,18,15,0.8333333333333334
9,10,18,18,1.0
