class_index,gesture_id,support,correct,accuracy
0,1,790,158,0.2
1,2,693,104,0.15007215007215008
2,3,766,361,0.47127937336814624
3,4,743,103,0.1386271870794078
4,5,735,61,0.08299319727891157
5,6,763,181,0.23722149410222804
6,7,754,181,0.24005305039787797
7,8,707,191,0.27015558698727016
8,9,687,355,0.5167394468704513
9,10,683,446,0.6530014641288433
