class_index,gesture_id,support,correct,accuracy
0,1,790,112,0.14177215189873418
1,2,693,95,0.1370851370851371
2,3,766,65,0.08485639686684072
3,4,743,143,0.19246298788694483
4,5,734,154,0.2098092643051771
5,6,763,469,0.6146788990825688
6,7,755,135,0.17880794701986755
7,8,707,209,0.2956152758132956
8,9,687,331,0.48180494905385735
9,10,683,160,0.2342606149341142
