{
  "best_epoch": 39,
  "best_val_macro_f1": 0.5120410010437189,
  "val": {
    "loss": 1.5345019983863821,
    "accuracy": 0.510959522495862,
    "macro_f1": 0.5120410010437189
  },
  "test": {
    "loss": 1.5243025830146417,
    "accuracy": 0.5094686158199102,
    "macro_f1": 0.5101777881467541
  }
}