{
  "noise_type": "drift",
  "noise_level": 1.0,
  "denoise_method": "kalman",
  "window": {
    "loss": 3.3839486446753173,
    "accuracy": 0.18918180576423985,
    "macro_f1": 0.15766551330276105,
    "num_windows": 7321
  },
  "repetition": {
    "accuracy": 0.17222222222222222,
    "macro_f1": 0.10090723248736304,
    "num_repetitions": 180
  }
}