class_index,gesture_id,support,correct,accuracy
0,1,790,36,0.04556962025316456
1,2,693,30,0.04329004329004329
2,3,766,43,0.05613577023498695
3,4,743,99,0.13324360699865412
4,5,734,81,0.11035422343324251
5,6,763,508,0.6657929226736566
6,7,755,37,0.04900662251655629
7,8,707,264,0.3734087694483734
8,9,687,170,0.24745269286754004
9,10,683,117,0.17130307467057102
