class_index,gesture_id,support,correct,accuracy
0,1,790,160,0.20253164556962025
1,2,692,28,0.04046242774566474
2,3,766,40,0.05221932114882506
3,4,743,78,0.10497981157469717
4,5,735,14,0.01904761904761905
5,6,763,294,0.3853211009174312
6,7,755,25,0.033112582781456956
7,8,707,123,0.173974540311174
8,9,687,234,0.3406113537117904
9,10,683,455,0.6661786237188873
