{
  "best_epoch": 30,
  "best_val_macro_f1": 0.5924110319587085,
  "val": {
    "loss": 1.3668753360494217,
    "accuracy": 0.5938086303939962,
    "macro_f1": 0.5924110319587085
  },
  "test": {
    "loss": 0.9124170194493653,
    "accuracy": 0.7759919638372677,
    "macro_f1": 0.7773955836165473
  }
}