class_index,gesture_id,support,correct,accuracy
0,1,18,10,0.5555555555555556
1,2,18,2,0.1111111111111111
2,3,18,0,0.0
3,4,18,0,0.0
4,5,18,11,0.6111111111111112
5,6,18,12,0.6666666666666666
6,7,18,15,0.8333333333333334
7,8,18,1,0.05555555555555555
8,9,18,11,0.6111111111111112
9,10,18,11,0.6111111111111112
