class_index,gesture_id,support,correct,accuracy
0,1,791,194,0.24525916561314792
1,2,692,143,0.20664739884393063
2,3,766,27,0.03524804177545692
3,4,743,45,0.06056527590847914
4,5,735,173,0.23537414965986395
5,6,763,134,0.17562254259501967
6,7,754,427,0.5663129973474801
7,8,707,26,0.036775106082036775
8,9,688,204,0.29651162790697677
9,10,683,187,0.27379209370424595
