class_index,gesture_id,support,correct,accuracy
0,1,790,10,0.012658227848101266
1,2,693,71,0.10245310245310245
2,3,766,134,0.17493472584856398
3,4,743,47,0.063257065948856
4,5,734,53,0.07220708446866485
5,6,763,389,0.509829619921363
6,7,755,16,0.02119205298013245
7,8,707,81,0.11456859971711457
8,9,687,126,0.18340611353711792
9,10,683,220,0.32210834553440704
