{
  "noise_type": "wgn",
  "noise_level": 10.0,
  "denoise_method": "none",
  "window": {
    "loss": 1.3110445592755455,
    "accuracy": 0.5760142057096025,
    "macro_f1": 0.5730567321919435,
    "num_windows": 7321
  },
  "repetition": {
    "accuracy": 1.0,
    "macro_f1": 1.0,
    "num_repetitions": 180
  }
}