class_index,gesture_id,support,correct,accuracy
0,1,790,363,0.45949367088607596
1,2,693,274,0.3953823953823954
2,3,766,542,0.7075718015665796
3,4,743,326,0.4387617765814266
4,5,735,403,0.5482993197278911
5,6,763,358,0.4692005242463958
6,7,754,552,0.7320954907161804
7,8,707,443,0.6265912305516266
8,9,687,471,0.6855895196506551
9,10,683,485,0.7101024890190337
