class_index,gesture_id,support,correct,accuracy
0,1,18,10,0.5555555555555556
1,2,18,11,0.6111111111111112
2,3,18,18,1.0
3,4,18,15,0.8333333333333334
4,5,18,15,0.8333333333333334
5,6,18,17,0.9444444444444444
6,7,18,13,0.7222222222222222
7,8,18,15,0.8333333333333334
8,9,18,16,0.8888888888888888
9,10,18,18,1.0
