class_index,gesture_id,support,correct,accuracy
0,1,790,223,0.28227848101265823
1,2,693,166,0.23953823953823955
2,3,766,436,0.5691906005221932
3,4,743,205,0.2759084791386272
4,5,734,239,0.32561307901907355
5,6,763,369,0.4836173001310616
6,7,755,286,0.37880794701986753
7,8,707,223,0.31541725601131543
8,9,687,411,0.5982532751091703
9,10,683,346,0.5065885797950219
