class_index,gesture_id,support,correct,accuracy
0,1,182,146,0.8021978021978022
1,2,212,145,0.6839622641509434
2,3,208,170,0.8173076923076923
3,4,184,116,0.6304347826086957
4,5,206,124,0.6019417475728155
5,6,189,139,0.7354497354497355
6,7,196,168,0.8571428571428571
7,8,188,160,0.851063829787234
8,9,180,152,0.8444444444444444
9,10,159,127,0.7987421383647799
