class_index,gesture_id,support,correct,accuracy
0,1,18,0,0.0
1,2,18,0,0.0
2,3,18,0,0.0
3,4,18,0,0.0
4,5,18,0,0.0
5,6,18,7,0.3888888888888889
6,7,18,0,0.0
7,8,18,10,0.5555555555555556
8,9,18,9,0.5
9,10,18,18,1.0
