class_index,gesture_id,support,correct,accuracy
0,1,790,72,0.09113924050632911
1,2,693,13,0.01875901875901876
2,3,766,65,0.08485639686684072
3,4,743,80,0.10767160161507403
4,5,735,82,0.11156462585034013
5,6,763,267,0.34993446920052423
6,7,754,57,0.07559681697612732
7,8,707,267,0.37765205091937765
8,9,687,252,0.36681222707423583
9,10,683,488,0.7144948755490483
