{
  "noise_type": "drift",
  "noise_level": 0.1,
  "denoise_method": "notch",
  "window": {
    "loss": 1.2634174771980418,
    "accuracy": 0.5984155170058735,
    "macro_f1": 0.5953544706733224,
    "num_windows": 7321
  },
  "repetition": {
    "accuracy": 1.0,
    "macro_f1": 1.0,
    "num_repetitions": 180
  }
}