class_index,gesture_id,support,correct,accuracy
0,1,790,398,0.5037974683544304
1,2,693,311,0.44877344877344877
2,3,766,538,0.7023498694516971
3,4,743,322,0.43337819650067294
4,5,735,448,0.6095238095238096
5,6,763,355,0.46526867627785057
6,7,754,606,0.8037135278514589
7,8,707,443,0.6265912305516266
8,9,687,488,0.710334788937409
9,10,683,472,0.6910688140556369
