{
  "noise_type": "motion",
  "noise_level": 0.3,
  "denoise_method": "pca",
  "window": {
    "loss": 1.7700725749059707,
    "accuracy": 0.391476574238492,
    "macro_f1": 0.387876304890983,
    "num_windows": 7321
  },
  "repetition": {
    "accuracy": 0.7944444444444444,
    "macro_f1": 0.7912267944795472,
    "num_repetitions": 180
  }
}