class_index,gesture_id,support,correct,accuracy
0,1,790,205,0.25949367088607594
1,2,693,157,0.22655122655122656
2,3,766,443,0.5783289817232375
3,4,743,218,0.2934051144010767
4,5,734,226,0.3079019073569482
5,6,763,343,0.44954128440366975
6,7,755,280,0.3708609271523179
7,8,707,240,0.33946251768033947
8,9,687,397,0.5778748180494906
9,10,683,357,0.5226939970717424
