class_index,gesture_id,support,correct,accuracy
0,1,790,82,0.10379746835443038
1,2,693,18,0.025974025974025976
2,3,766,71,0.0926892950391645
3,4,743,85,0.11440107671601615
4,5,735,85,0.11564625850340136
5,6,763,298,0.3905635648754915
6,7,754,45,0.05968169761273209
7,8,707,220,0.31117397454031115
8,9,687,263,0.38282387190684136
9,10,683,435,0.636896046852123
