class_index,gesture_id,support,correct,accuracy
0,1,791,316,0.3994943109987358
1,2,692,200,0.28901734104046245
2,3,766,379,0.49477806788511747
3,4,743,120,0.16150740242261102
4,5,735,143,0.1945578231292517
5,6,763,229,0.30013106159895153
6,7,754,309,0.40981432360742703
7,8,707,129,0.18246110325318246
8,9,688,460,0.6686046511627907
9,10,683,395,0.5783308931185944
