class_index,gesture_id,support,correct,accuracy
0,1,791,60,0.07585335018963338
1,2,692,78,0.11271676300578035
2,3,766,50,0.06527415143603134
3,4,743,83,0.1117092866756393
4,5,735,42,0.05714285714285714
5,6,763,232,0.3040629095674967
6,7,754,10,0.013262599469496022
7,8,707,54,0.07637906647807638
8,9,688,156,0.22674418604651161
9,10,683,530,0.7759882869692533
