class_index,gesture_id,support,correct,accuracy
0,1,18,8,0.4444444444444444
1,2,18,5,0.2777777777777778
2,3,18,4,0.2222222222222222
3,4,18,7,0.3888888888888889
4,5,18,11,0.6111111111111112
5,6,18,18,1.0
6,7,18,9,0.5
7,8,18,16,0.8888888888888888
8,9,18,18,1.0
9,10,18,15,0.8333333333333334
