class_index,gesture_id,support,correct,accuracy
0,1,790,171,0.21645569620253163
1,2,693,112,0.16161616161616163
2,3,766,112,0.1462140992167102
3,4,743,157,0.21130551816958276
4,5,734,199,0.27111716621253407
5,6,763,380,0.4980340760157274
6,7,755,266,0.352317880794702
7,8,707,276,0.39038189533239037
8,9,687,379,0.5516739446870451
9,10,683,222,0.32503660322108346
