{
  "noise_type": "pink",
  "noise_level": 20.0,
  "denoise_method": "notch",
  "window": {
    "loss": 1.278381897171675,
    "accuracy": 0.580579076754985,
    "macro_f1": 0.5815286253064187,
    "num_windows": 7322
  },
  "repetition": {
    "accuracy": 0.9944444444444445,
    "macro_f1": 0.9944401544401545,
    "num_repetitions": 180
  }
}