class_index,gesture_id,support,correct,accuracy
0,1,791,495,0.6257901390644753
1,2,692,320,0.4624277456647399
2,3,766,425,0.5548302872062664
3,4,743,347,0.4670255720053836
4,5,735,457,0.6217687074829932
5,6,763,347,0.45478374836173
6,7,754,554,0.7347480106100795
7,8,707,341,0.4823196605374823
8,9,688,477,0.6933139534883721
9,10,683,488,0.7144948755490483
