class_index,gesture_id,support,correct,accuracy
0,1,18,11,0.6111111111111112
1,2,18,11,0.6111111111111112
2,3,18,6,0.3333333333333333
3,4,18,5,0.2777777777777778
4,5,18,16,0.8888888888888888
5,6,18,16,0.8888888888888888
6,7,18,15,0.8333333333333334
7,8,18,14,0.7777777777777778
8,9,18,17,0.9444444444444444
9,10,18,2,0.1111111111111111
