class_index,gesture_id,support,correct,accuracy
0,1,790,216,0.27341772151898736
1,2,693,165,0.23809523809523808
2,3,766,125,0.16318537859007834
3,4,743,109,0.14670255720053835
4,5,734,209,0.2847411444141689
5,6,763,254,0.3328964613368283
6,7,755,427,0.5655629139072847
7,8,707,271,0.38330975954738333
8,9,687,341,0.4963609898107715
9,10,683,142,0.20790629575402636
