class_index,gesture_id,support,correct,accuracy
0,1,790,247,0.31265822784810127
1,2,693,180,0.2597402597402597
2,3,766,455,0.5939947780678851
3,4,743,203,0.2732166890982503
4,5,734,247,0.33651226158038144
5,6,763,355,0.46526867627785057
6,7,755,309,0.40927152317880794
7,8,707,220,0.31117397454031115
8,9,687,404,0.5880640465793304
9,10,683,345,0.5051244509516838
