class_index,gesture_id,support,correct,accuracy
0,1,18,12,0.6666666666666666
1,2,18,8,0.4444444444444444
2,3,18,8,0.4444444444444444
3,4,18,6,0.3333333333333333
4,5,18,1,0.05555555555555555
5,6,18,10,0.5555555555555556
6,7,18,12,0.6666666666666666
7,8,18,9,0.5
8,9,18,16,0.8888888888888888
9,10,18,15,0.8333333333333334
