class_index,gesture_id,support,correct,accuracy
0,1,790,240,0.3037974683544304
1,2,692,168,0.24277456647398843
2,3,766,180,0.2349869451697128
3,4,743,108,0.14535666218034993
4,5,735,122,0.16598639455782313
5,6,763,174,0.22804718217562253
6,7,755,375,0.4966887417218543
7,8,707,203,0.2871287128712871
8,9,687,254,0.3697234352256186
9,10,683,275,0.40263543191800877
