class_index,gesture_id,support,correct,accuracy
0,1,790,404,0.5113924050632911
1,2,693,48,0.06926406926406926
2,3,766,121,0.15796344647519583
3,4,743,106,0.1426648721399731
4,5,735,262,0.3564625850340136
5,6,763,120,0.15727391874180865
6,7,754,386,0.5119363395225465
7,8,707,98,0.13861386138613863
8,9,687,169,0.24599708879184862
9,10,683,128,0.18740849194729137
