{
  "best_epoch": 70,
  "best_val_macro_f1": 0.6876115368523434,
  "val": {
    "loss": 1.0797213649737267,
    "accuracy": 0.6914614981665793,
    "macro_f1": 0.6876115368523434
  },
  "test": {
    "loss": 0.9704701939971797,
    "accuracy": 0.729296066252588,
    "macro_f1": 0.7232012933511032
  }
}