{
  "best_epoch": 51,
  "best_val_macro_f1": 0.7418724887004137,
  "val": {
    "loss": 0.9811134017218661,
    "accuracy": 0.7388174807197944,
    "macro_f1": 0.7418724887004137
  },
  "test": {
    "loss": 1.0980137255868063,
    "accuracy": 0.6853002070393375,
    "macro_f1": 0.6845830374221418
  }
}