class_index,gesture_id,support,correct,accuracy
0,1,232,148,0.6379310344827587
1,2,169,82,0.48520710059171596
2,3,177,83,0.4689265536723164
3,4,204,125,0.6127450980392157
4,5,201,149,0.7412935323383084
5,6,195,113,0.5794871794871795
6,7,189,186,0.9841269841269841
7,8,201,150,0.746268656716418
8,9,182,138,0.7582417582417582
9,10,182,128,0.7032967032967034
