class_index,gesture_id,support,correct,accuracy
0,1,791,136,0.17193426042983564
1,2,692,62,0.08959537572254335
2,3,766,24,0.031331592689295036
3,4,743,38,0.05114401076716016
4,5,735,115,0.1564625850340136
5,6,763,193,0.2529488859764089
6,7,754,197,0.2612732095490716
7,8,707,62,0.0876944837340877
8,9,688,322,0.4680232558139535
9,10,683,385,0.5636896046852123
