class_index,gesture_id,support,correct,accuracy
0,1,790,360,0.45569620253164556
1,2,693,316,0.455988455988456
2,3,766,546,0.7127937336814621
3,4,743,408,0.5491251682368775
4,5,734,567,0.7724795640326976
5,6,763,452,0.5923984272608126
6,7,755,615,0.8145695364238411
7,8,707,430,0.6082036775106082
8,9,687,433,0.6302765647743813
9,10,683,402,0.5885797950219619
