class_index,gesture_id,support,correct,accuracy
0,1,791,179,0.22629582806573956
1,2,692,141,0.203757225433526
2,3,766,39,0.050913838120104436
3,4,743,34,0.04576043068640646
4,5,735,174,0.23673469387755103
5,6,763,147,0.1926605504587156
6,7,754,385,0.5106100795755968
7,8,707,43,0.06082036775106082
8,9,688,232,0.3372093023255814
9,10,683,198,0.28989751098096633
