class_index,gesture_id,support,correct,accuracy
0,1,790,453,0.5734177215189873
1,2,693,46,0.06637806637806638
2,3,766,127,0.16579634464751958
3,4,743,74,0.09959623149394348
4,5,735,200,0.272108843537415
5,6,763,76,0.09960681520314547
6,7,754,481,0.6379310344827587
7,8,707,91,0.12871287128712872
8,9,687,192,0.2794759825327511
9,10,683,97,0.14202049780380674
