class_index,gesture_id,support,correct,accuracy
0,1,790,340,0.43037974683544306
1,2,693,224,0.32323232323232326
2,3,766,493,0.643603133159269
3,4,743,307,0.41318977119784656
4,5,735,363,0.49387755102040815
5,6,763,365,0.4783748361730013
6,7,754,453,0.6007957559681698
7,8,707,447,0.6322489391796322
8,9,687,457,0.6652110625909753
9,10,683,499,0.7306002928257687
