{
  "noise_type": "wgn",
  "noise_level": 0.0,
  "denoise_method": "kalman",
  "window": {
    "loss": 2.1165940315243716,
    "accuracy": 0.286436279196831,
    "macro_f1": 0.27979690906473764,
    "num_windows": 7321
  },
  "repetition": {
    "accuracy": 0.4222222222222222,
    "macro_f1": 0.4046069675029158,
    "num_repetitions": 180
  }
}