class_index,gesture_id,support,correct,accuracy
0,1,18,11,0.6111111111111112
1,2,18,1,0.05555555555555555
2,3,18,5,0.2777777777777778
3,4,18,3,0.16666666666666666
4,5,18,2,0.1111111111111111
5,6,18,8,0.4444444444444444
6,7,18,7,0.3888888888888889
7,8,18,6,0.3333333333333333
8,9,18,16,0.8888888888888888
9,10,18,17,0.9444444444444444
