class_index,gesture_id,support,correct,accuracy
0,1,790,232,0.2936708860759494
1,2,692,139,0.20086705202312138
2,3,766,156,0.20365535248041775
3,4,743,118,0.15881561238223418
4,5,735,89,0.12108843537414966
5,6,763,172,0.2254259501965924
6,7,755,268,0.35496688741721855
7,8,707,210,0.297029702970297
8,9,687,308,0.4483260553129549
9,10,683,405,0.5929721815519766
