{
  "noise_type": "hum",
  "noise_level": 0.1,
  "denoise_method": "none",
  "window": {
    "loss": 1.2451939660332727,
    "accuracy": 0.6100259527386969,
    "macro_f1": 0.6110467577592867,
    "num_windows": 7321
  },
  "repetition": {
    "accuracy": 0.9944444444444445,
    "macro_f1": 0.9944401544401545,
    "num_repetitions": 180
  }
}