class_index,gesture_id,support,correct,accuracy
0,1,790,447,0.5658227848101266
1,2,692,337,0.4869942196531792
2,3,766,478,0.6240208877284595
3,4,743,416,0.5598923283983849
4,5,735,457,0.6217687074829932
5,6,763,434,0.5688073394495413
6,7,755,533,0.7059602649006622
7,8,707,448,0.6336633663366337
8,9,687,449,0.653566229985444
9,10,683,467,0.6837481698389458
