class_index,gesture_id,support,correct,accuracy
0,1,790,171,0.21645569620253163
1,2,692,28,0.04046242774566474
2,3,766,19,0.024804177545691905
3,4,743,76,0.10228802153432032
4,5,735,11,0.014965986394557823
5,6,763,259,0.3394495412844037
6,7,755,5,0.006622516556291391
7,8,707,34,0.04809052333804809
8,9,687,174,0.25327510917030566
9,10,683,413,0.6046852122986823
