{
  "noise_type": "wgn",
  "noise_level": -5.0,
  "denoise_method": "none",
  "window": {
    "loss": 2.832575295567757,
    "accuracy": 0.2103537768064472,
    "macro_f1": 0.2018791949010263,
    "num_windows": 7321
  },
  "repetition": {
    "accuracy": 0.38333333333333336,
    "macro_f1": 0.34550848465036105,
    "num_repetitions": 180
  }
}