class_index,gesture_id,support,correct,accuracy
0,1,790,93,0.11772151898734177
1,2,693,132,0.19047619047619047
2,3,766,209,0.27284595300261094
3,4,743,210,0.28263795423956933
4,5,734,135,0.18392370572207084
5,6,763,312,0.4089121887287025
6,7,755,59,0.0781456953642384
7,8,707,80,0.11315417256011315
8,9,687,113,0.16448326055312956
9,10,683,197,0.2884333821376281
