class_index,gesture_id,support,correct,accuracy
0,1,790,252,0.3189873417721519
1,2,693,188,0.2712842712842713
2,3,766,456,0.5953002610966057
3,4,743,193,0.2597577388963661
4,5,734,253,0.3446866485013624
5,6,763,359,0.4705111402359109
6,7,755,314,0.41589403973509936
7,8,707,209,0.2956152758132956
8,9,687,408,0.5938864628820961
9,10,683,345,0.5051244509516838
