class_index,gesture_id,support,correct,accuracy
0,1,790,447,0.5658227848101266
1,2,692,305,0.4407514450867052
2,3,766,474,0.618798955613577
3,4,743,406,0.5464333781965006
4,5,735,416,0.5659863945578232
5,6,763,420,0.5504587155963303
6,7,755,527,0.6980132450331126
7,8,707,448,0.6336633663366337
8,9,687,449,0.653566229985444
9,10,683,484,0.7086383601756955
