class_index,gesture_id,support,correct,accuracy
0,1,791,170,0.21491782553729458
1,2,692,114,0.16473988439306358
2,3,766,51,0.06657963446475196
3,4,743,40,0.05383580080753701
4,5,735,141,0.19183673469387755
5,6,763,159,0.20838794233289645
6,7,754,309,0.40981432360742703
7,8,707,56,0.07920792079207921
8,9,688,281,0.40843023255813954
9,10,683,265,0.38799414348462663
