class_index,gesture_id,support,correct,accuracy
0,1,790,182,0.23037974683544304
1,2,693,155,0.22366522366522368
2,3,766,415,0.54177545691906
3,4,743,229,0.3082099596231494
4,5,734,215,0.29291553133514986
5,6,763,374,0.49017038007863695
6,7,755,259,0.343046357615894
7,8,707,249,0.3521923620933522
8,9,687,400,0.5822416302765647
9,10,683,360,0.527086383601757
