class_index,gesture_id,support,correct,accuracy
0,1,790,173,0.2189873417721519
1,2,693,163,0.2352092352092352
2,3,766,342,0.4464751958224543
3,4,743,356,0.4791386271870794
4,5,734,313,0.4264305177111717
5,6,763,418,0.5478374836173001
6,7,755,214,0.28344370860927154
7,8,707,278,0.3932107496463932
8,9,687,278,0.40465793304221254
9,10,683,334,0.4890190336749634
