class_index,gesture_id,support,correct,accuracy
0,1,18,3,0.16666666666666666
1,2,18,1,0.05555555555555555
2,3,18,9,0.5
3,4,18,5,0.2777777777777778
4,5,18,0,0.0
5,6,18,1,0.05555555555555555
6,7,18,0,0.0
7,8,18,0,0.0
8,9,18,16,0.8888888888888888
9,10,18,18,1.0
