class_index,gesture_id,support,correct,accuracy
0,1,791,196,0.24778761061946902
1,2,692,119,0.17196531791907516
2,3,766,230,0.3002610966057441
3,4,743,144,0.19380888290713325
4,5,735,37,0.050340136054421766
5,6,763,176,0.2306684141546527
6,7,754,106,0.14058355437665782
7,8,707,86,0.12164073550212164
8,9,688,423,0.6148255813953488
9,10,683,442,0.6471449487554904
