class_index,gesture_id,support,correct,accuracy
0,1,791,139,0.17572692793931732
1,2,692,286,0.41329479768786126
2,3,766,85,0.11096605744125326
3,4,743,95,0.1278600269179004
4,5,735,101,0.13741496598639455
5,6,763,227,0.29750982961992134
6,7,755,310,0.4105960264900662
7,8,706,37,0.05240793201133145
8,9,688,282,0.40988372093023256
9,10,683,88,0.12884333821376281
