{
  "noise_type": "pink",
  "noise_level": 10.0,
  "denoise_method": "none",
  "window": {
    "loss": 1.2661627258959405,
    "accuracy": 0.5888539816964895,
    "macro_f1": 0.5838652954658929,
    "num_windows": 7321
  },
  "repetition": {
    "accuracy": 0.9888888888888889,
    "macro_f1": 0.9888544891640867,
    "num_repetitions": 180
  }
}