class_index,gesture_id,support,correct,accuracy
0,1,790,306,0.38734177215189874
1,2,693,269,0.38816738816738816
2,3,766,505,0.6592689295039165
3,4,743,411,0.5531628532974427
4,5,734,522,0.7111716621253406
5,6,763,481,0.6304062909567497
6,7,755,522,0.6913907284768211
7,8,707,438,0.6195190947666195
8,9,687,433,0.6302765647743813
9,10,683,424,0.6207906295754027
