class_index,gesture_id,support,correct,accuracy
0,1,790,336,0.4253164556962025
1,2,693,54,0.07792207792207792
2,3,766,141,0.18407310704960836
3,4,743,107,0.1440107671601615
4,5,735,280,0.38095238095238093
5,6,763,124,0.16251638269986893
6,7,754,366,0.4854111405835544
7,8,707,143,0.20226308345120225
8,9,687,191,0.2780203784570597
9,10,683,189,0.2767203513909224
