{
  "noise_type": "wgn",
  "noise_level": 20.0,
  "denoise_method": "notch",
  "window": {
    "loss": 1.2617888483026123,
    "accuracy": 0.6033328780221281,
    "macro_f1": 0.600931223358267,
    "num_windows": 7321
  },
  "repetition": {
    "accuracy": 0.9944444444444445,
    "macro_f1": 0.9944401544401543,
    "num_repetitions": 180
  }
}