class_index,gesture_id,support,correct,accuracy
0,1,790,399,0.5050632911392405
1,2,693,328,0.4733044733044733
2,3,766,536,0.6997389033942559
3,4,743,331,0.44549125168236875
4,5,735,464,0.6312925170068027
5,6,763,358,0.4692005242463958
6,7,754,616,0.8169761273209549
7,8,707,437,0.6181046676096181
8,9,687,483,0.7030567685589519
9,10,683,465,0.6808199121522694
