class_index,gesture_id,support,correct,accuracy
0,1,790,402,0.5088607594936709
1,2,693,332,0.4790764790764791
2,3,766,540,0.7049608355091384
3,4,743,328,0.4414535666218035
4,5,735,466,0.6340136054421769
5,6,763,352,0.4613368283093054
6,7,754,617,0.8183023872679045
7,8,707,441,0.6237623762376238
8,9,687,482,0.7016011644832606
9,10,683,471,0.6896046852122987
