class_index,gesture_id,support,correct,accuracy
0,1,791,27,0.03413400758533502
1,2,692,28,0.04046242774566474
2,3,766,39,0.050913838120104436
3,4,743,16,0.021534320323014805
4,5,735,8,0.010884353741496598
5,6,763,110,0.14416775884665792
6,7,754,0,0.0
7,8,707,6,0.008486562942008486
8,9,688,133,0.1933139534883721
9,10,683,537,0.7862371888726208
