class_index,gesture_id,support,correct,accuracy
0,1,791,322,0.40707964601769914
1,2,692,196,0.2832369942196532
2,3,766,390,0.5091383812010444
3,4,743,113,0.15208613728129206
4,5,735,148,0.20136054421768707
5,6,763,235,0.30799475753604194
6,7,754,303,0.40185676392572944
7,8,707,141,0.19943422913719944
8,9,688,474,0.688953488372093
9,10,683,405,0.5929721815519766
