{
  "noise_type": "hum",
  "noise_level": 1.0,
  "denoise_method": "notch",
  "window": {
    "loss": 1.2485199633916046,
    "accuracy": 0.6042890315530666,
    "macro_f1": 0.6022051734659362,
    "num_windows": 7321
  },
  "repetition": {
    "accuracy": 0.9944444444444445,
    "macro_f1": 0.9944401544401545,
    "num_repetitions": 180
  }
}