class_index,gesture_id,support,correct,accuracy
0,1,790,425,0.5379746835443038
1,2,693,327,0.47186147186147187
2,3,766,524,0.6840731070496083
3,4,743,327,0.44010767160161507
4,5,735,465,0.6326530612244898
5,6,763,390,0.5111402359108781
6,7,754,598,0.7931034482758621
7,8,707,437,0.6181046676096181
8,9,687,471,0.6855895196506551
9,10,683,460,0.6734992679355783
