class_index,gesture_id,support,correct,accuracy
0,1,790,190,0.24050632911392406
1,2,692,261,0.37716763005780346
2,3,766,65,0.08485639686684072
3,4,743,59,0.07940780619111709
4,5,735,107,0.145578231292517
5,6,763,190,0.2490170380078637
6,7,755,414,0.5483443708609271
7,8,707,62,0.0876944837340877
8,9,687,132,0.19213973799126638
9,10,683,142,0.20790629575402636
