class_index,gesture_id,support,correct,accuracy
0,1,791,423,0.5347661188369153
1,2,692,407,0.588150289017341
2,3,766,522,0.6814621409921671
3,4,743,419,0.5639300134589502
4,5,735,397,0.5401360544217687
5,6,763,429,0.562254259501966
6,7,755,529,0.7006622516556291
7,8,706,467,0.6614730878186968
8,9,688,518,0.752906976744186
9,10,683,417,0.6105417276720352
