{
  "noise_type": "wgn",
  "noise_level": -5.0,
  "denoise_method": "wavelet",
  "window": {
    "loss": 2.399420563957434,
    "accuracy": 0.23152574784865457,
    "macro_f1": 0.21057232686402544,
    "num_windows": 7321
  },
  "repetition": {
    "accuracy": 0.22777777777777777,
    "macro_f1": 0.1859604187235766,
    "num_repetitions": 180
  }
}