class_index,gesture_id,support,correct,accuracy
0,1,790,68,0.08607594936708861
1,2,693,62,0.08946608946608947
2,3,766,71,0.0926892950391645
3,4,743,160,0.21534320323014805
4,5,734,120,0.16348773841961853
5,6,763,523,0.6854521625163827
6,7,755,64,0.0847682119205298
7,8,707,185,0.26166902404526166
8,9,687,248,0.3609898107714702
9,10,683,194,0.2840409956076135
