class_index,gesture_id,support,correct,accuracy
0,1,791,454,0.5739570164348925
1,2,692,266,0.38439306358381503
2,3,766,432,0.5639686684073107
3,4,743,374,0.5033647375504711
4,5,735,453,0.6163265306122448
5,6,763,393,0.5150720838794234
6,7,754,515,0.6830238726790451
7,8,707,427,0.6039603960396039
8,9,688,399,0.5799418604651163
9,10,683,329,0.4816983894582723
