class_index,gesture_id,support,correct,accuracy
0,1,18,8,0.4444444444444444
1,2,18,3,0.16666666666666666
2,3,18,8,0.4444444444444444
3,4,18,8,0.4444444444444444
4,5,18,4,0.2222222222222222
5,6,18,4,0.2222222222222222
6,7,18,0,0.0
7,8,18,0,0.0
8,9,18,8,0.4444444444444444
9,10,18,17,0.9444444444444444
