class_index,gesture_id,support,correct,accuracy
0,1,790,196,0.2481012658227848
1,2,693,101,0.14574314574314573
2,3,766,177,0.2310704960835509
3,4,743,156,0.20995962314939434
4,5,735,103,0.1401360544217687
5,6,763,205,0.2686762778505898
6,7,754,50,0.06631299734748011
7,8,707,64,0.09052333804809053
8,9,687,218,0.3173216885007278
9,10,683,325,0.47584187408491946
