class_index,gesture_id,support,correct,accuracy
0,1,790,347,0.43924050632911393
1,2,692,172,0.24855491329479767
2,3,766,391,0.5104438642297651
3,4,743,180,0.24226110363391656
4,5,735,130,0.17687074829931973
5,6,763,317,0.41546526867627787
6,7,755,233,0.3086092715231788
7,8,707,222,0.314002828854314
8,9,687,376,0.5473071324599709
9,10,683,443,0.6486090775988287
