{
  "best_epoch": 10,
  "best_val_macro_f1": 0.4905200544094114,
  "val": {
    "loss": 1.6531191580706206,
    "accuracy": 0.4966580976863753,
    "macro_f1": 0.4905200544094114
  },
  "test": {
    "loss": 1.7053251032009875,
    "accuracy": 0.4311594202898551,
    "macro_f1": 0.4199326064118032
  }
}