class_index,gesture_id,support,correct,accuracy
0,1,195,129,0.6615384615384615
1,2,157,110,0.7006369426751592
2,3,184,119,0.6467391304347826
3,4,189,170,0.8994708994708994
4,5,188,160,0.851063829787234
5,6,186,127,0.6827956989247311
6,7,172,152,0.8837209302325582
7,8,152,117,0.7697368421052632
8,9,172,98,0.5697674418604651
9,10,153,111,0.7254901960784313
