{
  "noise_type": "wgn",
  "noise_level": 10.0,
  "denoise_method": "notch",
  "window": {
    "loss": 1.2575866696027242,
    "accuracy": 0.5965032099439967,
    "macro_f1": 0.5916005737097704,
    "num_windows": 7321
  },
  "repetition": {
    "accuracy": 0.9888888888888889,
    "macro_f1": 0.9887122416534181,
    "num_repetitions": 180
  }
}