class_index,gesture_id,support,correct,accuracy
0,1,790,317,0.4012658227848101
1,2,693,279,0.4025974025974026
2,3,766,520,0.6788511749347258
3,4,743,405,0.5450874831763123
4,5,734,553,0.7534059945504087
5,6,763,462,0.6055045871559633
6,7,755,556,0.7364238410596027
7,8,707,427,0.6039603960396039
8,9,687,435,0.6331877729257642
9,10,683,413,0.6046852122986823
