class_index,gesture_id,support,correct,accuracy
0,1,791,192,0.2427307206068268
1,2,692,161,0.23265895953757226
2,3,766,154,0.2010443864229765
3,4,743,168,0.22611036339165544
4,5,735,141,0.19183673469387755
5,6,763,267,0.34993446920052423
6,7,754,96,0.1273209549071618
7,8,707,136,0.19236209335219237
8,9,688,325,0.47238372093023256
9,10,683,559,0.8184480234260615
