class_index,gesture_id,support,correct,accuracy
0,1,18,14,0.7777777777777778
1,2,18,8,0.4444444444444444
2,3,18,17,0.9444444444444444
3,4,18,13,0.7222222222222222
4,5,18,4,0.2222222222222222
5,6,18,10,0.5555555555555556
6,7,18,9,0.5
7,8,18,14,0.7777777777777778
8,9,18,16,0.8888888888888888
9,10,18,18,1.0
