class_index,gesture_id,support,correct,accuracy
0,1,790,336,0.4253164556962025
1,2,692,161,0.23265895953757226
2,3,766,394,0.5143603133159269
3,4,743,193,0.2597577388963661
4,5,735,132,0.17959183673469387
5,6,763,320,0.41939711664482304
6,7,755,224,0.29668874172185433
7,8,707,221,0.3125884016973126
8,9,687,380,0.5531295487627366
9,10,683,440,0.6442166910688141
