class_index,gesture_id,support,correct,accuracy
0,1,18,11,0.6111111111111112
1,2,18,4,0.2222222222222222
2,3,18,0,0.0
3,4,18,1,0.05555555555555555
4,5,18,9,0.5
5,6,18,17,0.9444444444444444
6,7,18,11,0.6111111111111112
7,8,18,13,0.7222222222222222
8,9,18,18,1.0
9,10,18,0,0.0
