class_index,gesture_id,support,correct,accuracy
0,1,790,176,0.22278481012658227
1,2,693,126,0.18181818181818182
2,3,766,48,0.06266318537859007
3,4,743,125,0.16823687752355315
4,5,734,210,0.28610354223433243
5,6,763,319,0.418086500655308
6,7,755,301,0.39867549668874175
7,8,707,248,0.3507779349363508
8,9,687,346,0.5036390101892285
9,10,683,108,0.1581259150805271
