{
  "best_epoch": 74,
  "best_val_macro_f1": 0.6769735693106107,
  "val": {
    "loss": 1.1766023588896246,
    "accuracy": 0.6777673545966229,
    "macro_f1": 0.6769735693106107
  },
  "test": {
    "loss": 0.8026792231728049,
    "accuracy": 0.8025210084033614,
    "macro_f1": 0.806219539757333
  }
}