class_index,gesture_id,support,correct,accuracy
0,1,791,390,0.49304677623261695
1,2,692,344,0.49710982658959535
2,3,766,481,0.6279373368146214
3,4,743,414,0.5572005383580081
4,5,735,323,0.43945578231292515
5,6,763,411,0.5386631716906947
6,7,755,391,0.5178807947019868
7,8,706,410,0.5807365439093485
8,9,688,516,0.75
9,10,683,440,0.6442166910688141
