class_index,gesture_id,support,correct,accuracy
0,1,790,201,0.25443037974683547
1,2,693,205,0.2958152958152958
2,3,766,30,0.0391644908616188
3,4,743,83,0.1117092866756393
4,5,734,177,0.24114441416893734
5,6,763,185,0.24246395806028834
6,7,755,463,0.6132450331125828
7,8,707,124,0.1753889674681754
8,9,687,253,0.3682678311499272
9,10,683,49,0.07174231332357248
