class_index,gesture_id,support,correct,accuracy
0,1,790,337,0.42658227848101266
1,2,693,259,0.37373737373737376
2,3,766,521,0.6801566579634465
3,4,743,326,0.4387617765814266
4,5,735,388,0.527891156462585
5,6,763,368,0.48230668414154654
6,7,754,501,0.6644562334217506
7,8,707,457,0.6463932107496464
8,9,687,452,0.6579330422125182
9,10,683,495,0.7247437774524158
