{
  "noise_type": "spikes",
  "noise_level": 0.3,
  "denoise_method": "kalman",
  "window": {
    "loss": 2.151735713875631,
    "accuracy": 0.23357464827209398,
    "macro_f1": 0.216457787327443,
    "num_windows": 7321
  },
  "repetition": {
    "accuracy": 0.34444444444444444,
    "macro_f1": 0.3011263005999848,
    "num_repetitions": 180
  }
}