class_index,gesture_id,support,correct,accuracy
0,1,790,226,0.28607594936708863
1,2,692,256,0.3699421965317919
2,3,766,124,0.1618798955613577
3,4,743,60,0.08075370121130551
4,5,735,114,0.15510204081632653
5,6,763,119,0.1559633027522936
6,7,755,483,0.6397350993377483
7,8,707,72,0.10183875530410184
8,9,687,149,0.21688500727802038
9,10,683,107,0.15666178623718888
