{
  "noise_type": "wgn",
  "noise_level": 0.0,
  "denoise_method": "notch",
  "window": {
    "loss": 1.7754830042694847,
    "accuracy": 0.397350088785685,
    "macro_f1": 0.3920688654832351,
    "num_windows": 7321
  },
  "repetition": {
    "accuracy": 0.8222222222222222,
    "macro_f1": 0.8145360427196113,
    "num_repetitions": 180
  }
}