class_index,gesture_id,support,correct,accuracy
0,1,790,176,0.22278481012658227
1,2,693,163,0.2352092352092352
2,3,766,349,0.4556135770234987
3,4,743,354,0.47644683714670255
4,5,734,314,0.42779291553133514
5,6,763,414,0.5425950196592398
6,7,755,219,0.2900662251655629
7,8,707,289,0.4087694483734088
8,9,687,293,0.4264919941775837
9,10,683,338,0.49487554904831627
