class_index,gesture_id,support,correct,accuracy
0,1,790,271,0.3430379746835443
1,2,693,196,0.2828282828282828
2,3,766,416,0.5430809399477807
3,4,743,301,0.40511440107671604
4,5,735,265,0.36054421768707484
5,6,763,307,0.40235910878112713
6,7,754,275,0.3647214854111406
7,8,707,348,0.49222065063649223
8,9,687,388,0.5647743813682679
9,10,683,477,0.698389458272328
