{
  "noise_type": "hum",
  "noise_level": 0.6,
  "denoise_method": "notch",
  "window": {
    "loss": 1.2489869455352636,
    "accuracy": 0.606337931976506,
    "macro_f1": 0.6038709985760413,
    "num_windows": 7321
  },
  "repetition": {
    "accuracy": 1.0,
    "macro_f1": 1.0,
    "num_repetitions": 180
  }
}