class_index,gesture_id,support,correct,accuracy
0,1,790,418,0.529113924050633
1,2,693,333,0.4805194805194805
2,3,766,536,0.6997389033942559
3,4,743,323,0.4347240915208614
4,5,735,473,0.6435374149659864
5,6,763,375,0.49148099606815204
6,7,754,611,0.8103448275862069
7,8,707,425,0.6011315417256011
8,9,687,483,0.7030567685589519
9,10,683,462,0.6764275256222547
