class_index,gesture_id,support,correct,accuracy
0,1,790,442,0.5594936708860759
1,2,692,297,0.4291907514450867
2,3,766,478,0.6240208877284595
3,4,743,410,0.5518169582772544
4,5,735,410,0.5578231292517006
5,6,763,423,0.5543905635648755
6,7,755,495,0.6556291390728477
7,8,707,460,0.6506364922206507
8,9,687,446,0.6491994177583698
9,10,683,484,0.7086383601756955
