{
  "best_epoch": 8,
  "best_val_macro_f1": 0.3434273844471231,
  "val": {
    "loss": 2.7914246647226375,
    "accuracy": 0.34858681022880217,
    "macro_f1": 0.3434273844471231
  },
  "test": {
    "loss": 2.8418385502260075,
    "accuracy": 0.3431356214595135,
    "macro_f1": 0.33780876324110964
  }
}