{
  "noise_type": "hum",
  "noise_level": 0.3,
  "denoise_method": "kalman",
  "window": {
    "loss": 2.1461891871041865,
    "accuracy": 0.24381915038929108,
    "macro_f1": 0.21477764785453463,
    "num_windows": 7321
  },
  "repetition": {
    "accuracy": 0.3333333333333333,
    "macro_f1": 0.2598267245169972,
    "num_repetitions": 180
  }
}