class_index,gesture_id,support,correct,accuracy
0,1,790,450,0.569620253164557
1,2,693,50,0.07215007215007214
2,3,766,129,0.16840731070496084
3,4,743,77,0.10363391655450875
4,5,735,192,0.2612244897959184
5,6,763,72,0.09436435124508519
6,7,754,478,0.6339522546419099
7,8,707,76,0.1074964639321075
8,9,687,168,0.2445414847161572
9,10,683,93,0.13616398243045388
