{
  "noise_type": "wgn",
  "noise_level": 0.0,
  "denoise_method": "notch",
  "window": {
    "loss": 1.9608145046553282,
    "accuracy": 0.3451714246687611,
    "macro_f1": 0.32973787979383,
    "num_windows": 7321
  },
  "repetition": {
    "accuracy": 0.6,
    "macro_f1": 0.5594701021772605,
    "num_repetitions": 180
  }
}