class_index,gesture_id,support,correct,accuracy
0,1,790,333,0.4215189873417722
1,2,692,96,0.13872832369942195
2,3,766,232,0.3028720626631854
3,4,743,287,0.38627187079407804
4,5,735,84,0.11428571428571428
5,6,763,256,0.33551769331585846
6,7,755,118,0.1562913907284768
7,8,707,338,0.4780763790664781
8,9,687,365,0.5312954876273653
9,10,683,418,0.6120058565153733
