class_index,gesture_id,support,correct,accuracy
0,1,790,400,0.5063291139240507
1,2,693,47,0.06782106782106782
2,3,766,114,0.14882506527415143
3,4,743,98,0.13189771197846567
4,5,735,261,0.3551020408163265
5,6,763,120,0.15727391874180865
6,7,754,389,0.5159151193633952
7,8,707,102,0.14427157001414428
8,9,687,159,0.2314410480349345
9,10,683,118,0.17276720351390923
