class_index,gesture_id,support,correct,accuracy
0,1,790,411,0.520253164556962
1,2,693,57,0.08225108225108226
2,3,766,158,0.206266318537859
3,4,743,95,0.1278600269179004
4,5,735,192,0.2612244897959184
5,6,763,64,0.08387942332896461
6,7,754,485,0.6432360742705571
7,8,707,101,0.14285714285714285
8,9,687,171,0.24890829694323144
9,10,683,112,0.16398243045387995
