{
  "noise_type": "drift",
  "noise_level": 0.6,
  "denoise_method": "notch",
  "window": {
    "loss": 2.1587382909444734,
    "accuracy": 0.34471455886369845,
    "macro_f1": 0.33801468892222586,
    "num_windows": 7322
  },
  "repetition": {
    "accuracy": 0.5222222222222223,
    "macro_f1": 0.5101287755315389,
    "num_repetitions": 180
  }
}