class_index,gesture_id,support,correct,accuracy
0,1,791,225,0.28445006321112515
1,2,692,153,0.22109826589595374
2,3,766,255,0.3328981723237598
3,4,743,214,0.288021534320323
4,5,735,176,0.23945578231292516
5,6,763,340,0.4456094364351245
6,7,755,103,0.13642384105960265
7,8,706,150,0.21246458923512748
8,9,688,443,0.6438953488372093
9,10,683,465,0.6808199121522694
