{
  "split": "test",
  "aggregation": "logits_mean",
  "window": {
    "loss": 1.432898730325723,
    "accuracy": 0.5472460838807478,
    "macro_f1": 0.5407117181237465,
    "num_windows": 1979
  },
  "repetition": {
    "accuracy": 0.8,
    "macro_f1": 0.7333333333333333,
    "num_repetitions": 10
  },
  "checkpoint": "outputs/dl_subject_dependent/dualres_xception2d/s1_loro_test1_val2/best.pt",
  "subject": 1,
  "best_epoch": 41,
  "best_val_macro_f1": 0.6805508400246711
}