class_index,gesture_id,support,correct,accuracy
0,1,219,117,0.5342465753424658
1,2,199,63,0.3165829145728643
2,3,198,146,0.7373737373737373
3,4,202,100,0.49504950495049505
4,5,182,94,0.5164835164835165
5,6,208,134,0.6442307692307693
6,7,208,177,0.8509615384615384
7,8,202,36,0.1782178217821782
8,9,181,85,0.4696132596685083
9,10,180,131,0.7277777777777777
