class_index,gesture_id,support,correct,accuracy
0,1,790,201,0.25443037974683547
1,2,693,209,0.30158730158730157
2,3,766,30,0.0391644908616188
3,4,743,85,0.11440107671601615
4,5,734,179,0.2438692098092643
5,6,763,178,0.23328964613368283
6,7,755,464,0.614569536423841
7,8,707,116,0.16407355021216408
8,9,687,241,0.3508005822416303
9,10,683,46,0.06734992679355783
