{
  "noise_type": "wgn",
  "noise_level": 0.0,
  "denoise_method": "notch",
  "window": {
    "loss": 1.9590486136657623,
    "accuracy": 0.3508604206500956,
    "macro_f1": 0.3471799036016805,
    "num_windows": 7322
  },
  "repetition": {
    "accuracy": 0.6555555555555556,
    "macro_f1": 0.6421893477889907,
    "num_repetitions": 180
  }
}