class_index,gesture_id,support,correct,accuracy
0,1,791,252,0.3185840707964602
1,2,692,178,0.25722543352601157
2,3,766,307,0.4007832898172324
3,4,743,279,0.3755047106325707
4,5,735,157,0.21360544217687075
5,6,763,284,0.3722149410222805
6,7,755,126,0.16688741721854305
7,8,706,193,0.273371104815864
8,9,688,383,0.5566860465116279
9,10,683,410,0.6002928257686676
