{
  "noise_type": "wgn",
  "noise_level": 0.0,
  "denoise_method": "none",
  "window": {
    "loss": 2.12197093333875,
    "accuracy": 0.30169352635891833,
    "macro_f1": 0.2883950817641381,
    "num_windows": 7322
  },
  "repetition": {
    "accuracy": 0.43333333333333335,
    "macro_f1": 0.3922359041770981,
    "num_repetitions": 180
  }
}