class_index,gesture_id,support,correct,accuracy
0,1,791,278,0.35145385587863465
1,2,692,131,0.1893063583815029
2,3,766,193,0.2519582245430809
3,4,743,244,0.3283983849259758
4,5,735,99,0.1346938775510204
5,6,763,198,0.2595019659239843
6,7,754,90,0.11936339522546419
7,8,707,122,0.17256011315417255
8,9,688,398,0.5784883720930233
9,10,683,456,0.6676427525622255
