{
  "noise_type": "wgn",
  "noise_level": 20.0,
  "denoise_method": "wavelet",
  "window": {
    "loss": 2.124640166230287,
    "accuracy": 0.25283431225242453,
    "macro_f1": 0.2316151135621208,
    "num_windows": 7321
  },
  "repetition": {
    "accuracy": 0.5,
    "macro_f1": 0.47523350344246873,
    "num_repetitions": 180
  }
}