class_index,gesture_id,support,correct,accuracy
0,1,790,394,0.49873417721518987
1,2,693,53,0.07647907647907648
2,3,766,106,0.13838120104438642
3,4,743,102,0.13728129205921938
4,5,735,269,0.3659863945578231
5,6,763,132,0.17300131061598953
6,7,754,397,0.5265251989389921
7,8,707,96,0.13578500707213578
8,9,687,173,0.25181950509461426
9,10,683,129,0.18887262079062958
