{
  "noise_type": "pink",
  "noise_level": 20.0,
  "denoise_method": "wavelet",
  "window": {
    "loss": 2.1190030188398303,
    "accuracy": 0.2516049719983609,
    "macro_f1": 0.23301714338666804,
    "num_windows": 7321
  },
  "repetition": {
    "accuracy": 0.5277777777777778,
    "macro_f1": 0.4944079373326239,
    "num_repetitions": 180
  }
}