class_index,gesture_id,support,correct,accuracy
0,1,790,376,0.4759493670886076
1,2,693,55,0.07936507936507936
2,3,766,120,0.1566579634464752
3,4,743,115,0.15477792732166892
4,5,735,258,0.3510204081632653
5,6,763,116,0.15203145478374835
6,7,754,391,0.5185676392572944
7,8,707,110,0.15558698727015557
8,9,687,167,0.2430858806404658
9,10,683,134,0.19619326500732065
