class_index,gesture_id,support,correct,accuracy
0,1,791,25,0.0316055625790139
1,2,692,34,0.049132947976878616
2,3,766,46,0.06005221932114883
3,4,743,83,0.1117092866756393
4,5,735,46,0.06258503401360545
5,6,763,255,0.33420707732634336
6,7,755,2,0.0026490066225165563
7,8,706,1,0.00141643059490085
8,9,688,224,0.32558139534883723
9,10,683,497,0.7276720351390923
