class_index,gesture_id,support,correct,accuracy
0,1,791,153,0.1934260429835651
1,2,692,332,0.4797687861271676
2,3,766,142,0.185378590078329
3,4,743,82,0.11036339165545088
4,5,735,68,0.09251700680272108
5,6,763,135,0.17693315858453473
6,7,755,394,0.5218543046357615
7,8,706,59,0.08356940509915015
8,9,688,241,0.3502906976744186
9,10,683,44,0.06442166910688141
