{
  "noise_type": "spikes",
  "noise_level": 0.3,
  "denoise_method": "notch",
  "window": {
    "loss": 1.2777018941111487,
    "accuracy": 0.5887173883349269,
    "macro_f1": 0.5890040708943635,
    "num_windows": 7321
  },
  "repetition": {
    "accuracy": 0.9888888888888889,
    "macro_f1": 0.9888803088803089,
    "num_repetitions": 180
  }
}