class_index,gesture_id,support,correct,accuracy
0,1,790,446,0.5645569620253165
1,2,692,292,0.42196531791907516
2,3,766,478,0.6240208877284595
3,4,743,401,0.5397039030955586
4,5,735,393,0.5346938775510204
5,6,763,418,0.5478374836173001
6,7,755,490,0.6490066225165563
7,8,707,458,0.6478076379066479
8,9,687,446,0.6491994177583698
9,10,683,488,0.7144948755490483
