class_index,gesture_id,support,correct,accuracy
0,1,236,195,0.826271186440678
1,2,176,141,0.8011363636363636
2,3,187,148,0.7914438502673797
3,4,198,163,0.8232323232323232
4,5,195,168,0.8615384615384616
5,6,211,155,0.7345971563981043
6,7,195,151,0.7743589743589744
7,8,193,171,0.8860103626943006
8,9,164,119,0.725609756097561
9,10,190,105,0.5526315789473685
