class_index,gesture_id,support,correct,accuracy
0,1,791,133,0.168141592920354
1,2,692,90,0.13005780346820808
2,3,766,109,0.1422976501305483
3,4,743,169,0.2274562584118439
4,5,735,85,0.11564625850340136
5,6,763,199,0.2608125819134993
6,7,754,31,0.04111405835543767
7,8,707,37,0.05233380480905234
8,9,688,280,0.4069767441860465
9,10,683,557,0.8155197657393851
