{
  "noise_type": "wgn",
  "noise_level": 0.0,
  "denoise_method": "wavelet",
  "window": {
    "loss": 2.0890923647945034,
    "accuracy": 0.2824750717115148,
    "macro_f1": 0.26983823106125876,
    "num_windows": 7321
  },
  "repetition": {
    "accuracy": 0.4166666666666667,
    "macro_f1": 0.36285788383466017,
    "num_repetitions": 180
  }
}