class_index,gesture_id,support,correct,accuracy
0,1,790,147,0.1860759493670886
1,2,693,101,0.14574314574314573
2,3,766,75,0.097911227154047
3,4,743,149,0.20053835800807537
4,5,734,184,0.2506811989100817
5,6,763,414,0.5425950196592398
6,7,755,179,0.2370860927152318
7,8,707,257,0.3635077793493635
8,9,687,374,0.5443959243085881
9,10,683,188,0.2752562225475842
