class_index,gesture_id,support,correct,accuracy
0,1,791,126,0.1592920353982301
1,2,692,295,0.4263005780346821
2,3,766,78,0.10182767624020887
3,4,743,92,0.12382234185733512
4,5,735,87,0.11836734693877551
5,6,763,234,0.30668414154652685
6,7,755,322,0.42649006622516555
7,8,706,34,0.04815864022662889
8,9,688,267,0.38808139534883723
9,10,683,78,0.11420204978038068
