class_index,gesture_id,support,correct,accuracy
0,1,790,408,0.5164556962025316
1,2,693,48,0.06926406926406926
2,3,766,114,0.14882506527415143
3,4,743,101,0.13593539703903096
4,5,735,259,0.3523809523809524
5,6,763,121,0.15858453473132372
6,7,754,386,0.5119363395225465
7,8,707,103,0.1456859971711457
8,9,687,162,0.23580786026200873
9,10,683,116,0.1698389458272328
