class_index,gesture_id,support,correct,accuracy
0,1,790,269,0.34050632911392403
1,2,693,163,0.2352092352092352
2,3,766,480,0.6266318537859008
3,4,743,97,0.13055181695827725
4,5,735,133,0.18095238095238095
5,6,763,199,0.2608125819134993
6,7,754,370,0.4907161803713528
7,8,707,216,0.3055162659123055
8,9,687,413,0.6011644832605532
9,10,683,411,0.6017569546120058
