{
  "noise_type": "pink",
  "noise_level": 0.0,
  "denoise_method": "kalman",
  "window": {
    "loss": 2.7552914907293418,
    "accuracy": 0.2237093690248566,
    "macro_f1": 0.18364339170699834,
    "num_windows": 7322
  },
  "repetition": {
    "accuracy": 0.2833333333333333,
    "macro_f1": 0.16444200665598424,
    "num_repetitions": 180
  }
}