class_index,gesture_id,support,correct,accuracy
0,1,791,126,0.1592920353982301
1,2,692,85,0.12283236994219653
2,3,766,38,0.04960835509138381
3,4,743,99,0.13324360699865412
4,5,735,53,0.07210884353741497
5,6,763,343,0.44954128440366975
6,7,755,62,0.08211920529801324
7,8,706,3,0.00424929178470255
8,9,688,470,0.6831395348837209
9,10,683,359,0.5256222547584187
