class_index,gesture_id,support,correct,accuracy
0,1,790,224,0.28354430379746837
1,2,693,246,0.354978354978355
2,3,766,62,0.08093994778067885
3,4,743,66,0.08882907133243607
4,5,734,173,0.2356948228882834
5,6,763,104,0.1363040629095675
6,7,755,578,0.7655629139072848
7,8,707,89,0.12588401697312587
8,9,687,198,0.28820960698689957
9,10,683,42,0.06149341142020498
