class_index,gesture_id,support,correct,accuracy
0,1,18,12,0.6666666666666666
1,2,18,6,0.3333333333333333
2,3,18,17,0.9444444444444444
3,4,18,12,0.6666666666666666
4,5,18,2,0.1111111111111111
5,6,18,10,0.5555555555555556
6,7,18,6,0.3333333333333333
7,8,18,15,0.8333333333333334
8,9,18,15,0.8333333333333334
9,10,18,18,1.0
