class_index,gesture_id,support,correct,accuracy
0,1,790,318,0.40253164556962023
1,2,692,147,0.21242774566473988
2,3,766,389,0.5078328981723238
3,4,743,171,0.23014804845222073
4,5,735,109,0.14829931972789115
5,6,763,312,0.4089121887287025
6,7,755,207,0.27417218543046357
7,8,707,218,0.30834512022630833
8,9,687,379,0.5516739446870451
9,10,683,450,0.6588579795021962
