{
  "noise_type": "hum",
  "noise_level": 0.1,
  "denoise_method": "none",
  "window": {
    "loss": 1.243648142864137,
    "accuracy": 0.6090697992077585,
    "macro_f1": 0.6061673829812576,
    "num_windows": 7321
  },
  "repetition": {
    "accuracy": 0.9944444444444445,
    "macro_f1": 0.9944401544401543,
    "num_repetitions": 180
  }
}