class_index,gesture_id,support,correct,accuracy
0,1,790,405,0.5126582278481012
1,2,693,333,0.4805194805194805
2,3,766,544,0.7101827676240209
3,4,743,324,0.4360699865410498
4,5,735,485,0.6598639455782312
5,6,763,360,0.47182175622542594
6,7,754,614,0.8143236074270557
7,8,707,438,0.6195190947666195
8,9,687,485,0.7059679767103348
9,10,683,471,0.6896046852122987
