{
  "noise_type": "motion",
  "noise_level": 0.3,
  "denoise_method": "none",
  "window": {
    "loss": 1.2723216862809446,
    "accuracy": 0.5883076082502391,
    "macro_f1": 0.5834220897960118,
    "num_windows": 7321
  },
  "repetition": {
    "accuracy": 0.9944444444444445,
    "macro_f1": 0.9944401544401545,
    "num_repetitions": 180
  }
}