class_index,gesture_id,support,correct,accuracy
0,1,790,322,0.40759493670886077
1,2,693,267,0.3852813852813853
2,3,766,523,0.6827676240208878
3,4,743,422,0.5679676985195155
4,5,734,513,0.6989100817438693
5,6,763,462,0.6055045871559633
6,7,755,540,0.7152317880794702
7,8,707,434,0.6138613861386139
8,9,687,416,0.6055312954876274
9,10,683,408,0.5973645680819912
