{
  "noise_type": "drift",
  "noise_level": 0.6,
  "denoise_method": "wavelet",
  "window": {
    "loss": 3.2831753909148276,
    "accuracy": 0.1716744059000273,
    "macro_f1": 0.131311607574957,
    "num_windows": 7322
  },
  "repetition": {
    "accuracy": 0.11666666666666667,
    "macro_f1": 0.043674257947426964,
    "num_repetitions": 180
  }
}