class_index,gesture_id,support,correct,accuracy
0,1,791,50,0.0632111251580278
1,2,692,38,0.05491329479768786
2,3,766,26,0.033942558746736295
3,4,743,21,0.02826379542395693
4,5,735,22,0.029931972789115645
5,6,763,263,0.34469200524246396
6,7,754,61,0.08090185676392574
7,8,707,51,0.07213578500707214
8,9,688,222,0.3226744186046512
9,10,683,503,0.7364568081991215
