class_index,gesture_id,support,correct,accuracy
0,1,790,377,0.4772151898734177
1,2,693,56,0.08080808080808081
2,3,766,135,0.1762402088772846
3,4,743,119,0.1601615074024226
4,5,735,261,0.3551020408163265
5,6,763,123,0.16120576671035386
6,7,754,386,0.5119363395225465
7,8,707,127,0.17963224893917965
8,9,687,186,0.27074235807860264
9,10,683,154,0.22547584187408493
