class_index,gesture_id,support,correct,accuracy
0,1,791,122,0.15423514538558786
1,2,692,293,0.4234104046242775
2,3,766,68,0.08877284595300261
3,4,743,97,0.13055181695827725
4,5,735,99,0.1346938775510204
5,6,763,237,0.3106159895150721
6,7,755,323,0.4278145695364238
7,8,706,30,0.042492917847025496
8,9,688,275,0.3997093023255814
9,10,683,79,0.11566617862371889
