{
  "noise_type": "wgn",
  "noise_level": -5.0,
  "denoise_method": "none",
  "window": {
    "loss": 2.9228869214961315,
    "accuracy": 0.21431498429176343,
    "macro_f1": 0.20538238040125542,
    "num_windows": 7321
  },
  "repetition": {
    "accuracy": 0.31666666666666665,
    "macro_f1": 0.28719454969630864,
    "num_repetitions": 180
  }
}