class_index,gesture_id,support,correct,accuracy
0,1,18,8,0.4444444444444444
1,2,18,2,0.1111111111111111
2,3,18,8,0.4444444444444444
3,4,18,7,0.3888888888888889
4,5,18,4,0.2222222222222222
5,6,18,4,0.2222222222222222
6,7,18,0,0.0
7,8,18,0,0.0
8,9,18,8,0.4444444444444444
9,10,18,16,0.8888888888888888
