class_index,gesture_id,support,correct,accuracy
0,1,790,202,0.25569620253164554
1,2,693,108,0.15584415584415584
2,3,766,172,0.2245430809399478
3,4,743,166,0.2234185733512786
4,5,735,100,0.1360544217687075
5,6,763,197,0.2581913499344692
6,7,754,48,0.0636604774535809
7,8,707,58,0.08203677510608204
8,9,687,203,0.2954876273653566
9,10,683,315,0.4612005856515373
