{
  "noise_type": "spikes",
  "noise_level": 0.3,
  "denoise_method": "kalman",
  "window": {
    "loss": 2.167550524314614,
    "accuracy": 0.2237093690248566,
    "macro_f1": 0.197126080060802,
    "num_windows": 7322
  },
  "repetition": {
    "accuracy": 0.3611111111111111,
    "macro_f1": 0.316314504209241,
    "num_repetitions": 180
  }
}