class_index,gesture_id,support,correct,accuracy
0,1,791,226,0.2857142857142857
1,2,692,183,0.26445086705202314
2,3,766,55,0.07180156657963446
3,4,743,43,0.05787348586810229
4,5,735,151,0.2054421768707483
5,6,763,80,0.10484927916120576
6,7,754,511,0.6777188328912467
7,8,707,41,0.05799151343705799
8,9,688,219,0.3183139534883721
9,10,683,129,0.18887262079062958
