class_index,gesture_id,support,correct,accuracy
0,1,18,10,0.5555555555555556
1,2,18,0,0.0
2,3,18,0,0.0
3,4,18,0,0.0
4,5,18,3,0.16666666666666666
5,6,18,7,0.3888888888888889
6,7,18,12,0.6666666666666666
7,8,18,0,0.0
8,9,18,13,0.7222222222222222
9,10,18,13,0.7222222222222222
