class_index,gesture_id,support,correct,accuracy
0,1,791,181,0.22882427307206069
1,2,692,123,0.1777456647398844
2,3,766,35,0.04569190600522193
3,4,743,47,0.063257065948856
4,5,735,170,0.23129251700680273
5,6,763,171,0.22411533420707733
6,7,754,322,0.4270557029177719
7,8,707,57,0.08062234794908062
8,9,688,264,0.38372093023255816
9,10,683,263,0.3850658857979502
