{
  "noise_type": "wgn",
  "noise_level": 20.0,
  "denoise_method": "wavelet",
  "window": {
    "loss": 2.169753664994103,
    "accuracy": 0.22207047254848403,
    "macro_f1": 0.20379092417596567,
    "num_windows": 7322
  },
  "repetition": {
    "accuracy": 0.35555555555555557,
    "macro_f1": 0.3000285205548364,
    "num_repetitions": 180
  }
}