class_index,gesture_id,support,correct,accuracy
0,1,791,141,0.17825537294563842
1,2,692,285,0.41184971098265893
2,3,766,77,0.10052219321148825
3,4,743,89,0.11978465679676985
4,5,735,95,0.1292517006802721
5,6,763,234,0.30668414154652685
6,7,755,314,0.41589403973509936
7,8,706,28,0.039660056657223795
8,9,688,270,0.39244186046511625
9,10,683,93,0.13616398243045388
