{
  "best_epoch": 25,
  "best_val_macro_f1": 0.5381032418761864,
  "val": {
    "loss": 1.4869534894635787,
    "accuracy": 0.5421930267812026,
    "macro_f1": 0.5381032418761864
  },
  "test": {
    "loss": 1.1656709968762724,
    "accuracy": 0.6526977475117863,
    "macro_f1": 0.6522292264404963
  }
}