{
  "noise_type": "motion",
  "noise_level": 0.1,
  "denoise_method": "notch",
  "window": {
    "loss": 1.2304122284669363,
    "accuracy": 0.612127833925157,
    "macro_f1": 0.6122978485813844,
    "num_windows": 7322
  },
  "repetition": {
    "accuracy": 1.0,
    "macro_f1": 1.0,
    "num_repetitions": 180
  }
}