class_index,gesture_id,support,correct,accuracy
0,1,791,429,0.5423514538558787
1,2,692,394,0.569364161849711
2,3,766,515,0.6723237597911227
3,4,743,424,0.5706594885598923
4,5,735,390,0.5306122448979592
5,6,763,420,0.5504587155963303
6,7,755,521,0.6900662251655629
7,8,706,455,0.6444759206798867
8,9,688,514,0.747093023255814
9,10,683,420,0.6149341142020498
