{
  "noise_type": "motion",
  "noise_level": 1.0,
  "denoise_method": "pca",
  "window": {
    "loss": 2.654521836312343,
    "accuracy": 0.19134116361649822,
    "macro_f1": 0.16605285282738552,
    "num_windows": 7322
  },
  "repetition": {
    "accuracy": 0.16666666666666666,
    "macro_f1": 0.0808891108891109,
    "num_repetitions": 180
  }
}