class_index,gesture_id,support,correct,accuracy
0,1,791,129,0.16308470290771176
1,2,692,66,0.0953757225433526
2,3,766,106,0.13838120104438642
3,4,743,126,0.1695827725437416
4,5,735,28,0.0380952380952381
5,6,763,136,0.1782437745740498
6,7,754,26,0.034482758620689655
7,8,707,41,0.05799151343705799
8,9,688,315,0.4578488372093023
9,10,683,428,0.6266471449487555
