class_index,gesture_id,support,correct,accuracy
0,1,791,180,0.22756005056890014
1,2,692,144,0.20809248554913296
2,3,766,36,0.04699738903394256
3,4,743,33,0.04441453566621804
4,5,735,176,0.23945578231292516
5,6,763,134,0.17562254259501967
6,7,754,402,0.53315649867374
7,8,707,34,0.04809052333804809
8,9,688,211,0.3066860465116279
9,10,683,194,0.2840409956076135
