class_index,gesture_id,support,correct,accuracy
0,1,791,6,0.007585335018963337
1,2,692,13,0.01878612716763006
2,3,766,4,0.005221932114882507
3,4,743,23,0.03095558546433378
4,5,735,9,0.012244897959183673
5,6,763,344,0.4508519003931848
6,7,755,0,0.0
7,8,706,0,0.0
8,9,688,209,0.30377906976744184
9,10,683,486,0.7115666178623719
