class_index,gesture_id,support,correct,accuracy
0,1,791,39,0.0493046776232617
1,2,692,26,0.03757225433526012
2,3,766,26,0.033942558746736295
3,4,743,52,0.06998654104979811
4,5,735,37,0.050340136054421766
5,6,763,307,0.40235910878112713
6,7,755,7,0.009271523178807948
7,8,706,24,0.0339943342776204
8,9,688,289,0.42005813953488375
9,10,683,392,0.5739385065885798
