class_index,gesture_id,support,correct,accuracy
0,1,18,11,0.6111111111111112
1,2,18,17,0.9444444444444444
2,3,18,18,1.0
3,4,18,14,0.7777777777777778
4,5,18,3,0.16666666666666666
5,6,18,11,0.6111111111111112
6,7,18,4,0.2222222222222222
7,8,18,4,0.2222222222222222
8,9,18,18,1.0
9,10,18,17,0.9444444444444444
