class_index,gesture_id,support,correct,accuracy
0,1,791,244,0.3084702907711757
1,2,692,213,0.3078034682080925
2,3,766,450,0.587467362924282
3,4,743,209,0.2812920592193809
4,5,735,90,0.12244897959183673
5,6,763,301,0.3944954128440367
6,7,755,186,0.24635761589403973
7,8,706,125,0.17705382436260622
8,9,688,530,0.7703488372093024
9,10,683,335,0.4904831625183016
