class_index,gesture_id,support,correct,accuracy
0,1,791,262,0.33122629582806573
1,2,692,283,0.40895953757225434
2,3,766,490,0.639686684073107
3,4,743,216,0.29071332436069985
4,5,735,123,0.1673469387755102
5,6,763,306,0.40104849279161203
6,7,755,251,0.33245033112582784
7,8,706,168,0.23796033994334279
8,9,688,515,0.748546511627907
9,10,683,331,0.48462664714494874
