class_index,gesture_id,support,correct,accuracy
0,1,790,366,0.46329113924050636
1,2,692,200,0.28901734104046245
2,3,766,442,0.577023498694517
3,4,743,237,0.3189771197846568
4,5,735,204,0.27755102040816326
5,6,763,348,0.45609436435124506
6,7,755,257,0.3403973509933775
7,8,707,241,0.3408769448373409
8,9,687,377,0.5487627365356623
9,10,683,455,0.6661786237188873
