class_index,gesture_id,support,correct,accuracy
0,1,791,24,0.03034134007585335
1,2,692,16,0.023121387283236993
2,3,766,58,0.07571801566579635
3,4,743,20,0.026917900403768506
4,5,735,17,0.02312925170068027
5,6,763,224,0.29357798165137616
6,7,755,1,0.0013245033112582781
7,8,706,2,0.0028328611898017
8,9,688,246,0.35755813953488375
9,10,683,448,0.6559297218155198
