{
  "noise_type": "motion",
  "noise_level": 0.1,
  "denoise_method": "pca",
  "window": {
    "loss": 1.7659564710190894,
    "accuracy": 0.39852499317126466,
    "macro_f1": 0.38962926175298984,
    "num_windows": 7322
  },
  "repetition": {
    "accuracy": 0.8111111111111111,
    "macro_f1": 0.8076225603664628,
    "num_repetitions": 180
  }
}