class_index,gesture_id,support,correct,accuracy
0,1,791,260,0.32869785082174463
1,2,692,265,0.3829479768786127
2,3,766,483,0.6305483028720626
3,4,743,224,0.30148048452220727
4,5,735,127,0.1727891156462585
5,6,763,293,0.3840104849279161
6,7,755,246,0.3258278145695364
7,8,706,169,0.23937677053824363
8,9,688,517,0.751453488372093
9,10,683,334,0.4890190336749634
