class_index,gesture_id,support,correct,accuracy
0,1,791,315,0.39823008849557523
1,2,692,253,0.36560693641618497
2,3,766,389,0.5078328981723238
3,4,743,365,0.49125168236877526
4,5,735,231,0.3142857142857143
5,6,763,339,0.4442988204456094
6,7,755,233,0.3086092715231788
7,8,706,335,0.4745042492917847
8,9,688,439,0.6380813953488372
9,10,683,423,0.6193265007320644
