{
  "noise_type": "spikes",
  "noise_level": 0.1,
  "denoise_method": "none",
  "window": {
    "loss": 1.249050693651347,
    "accuracy": 0.6060647452533807,
    "macro_f1": 0.6035875649886523,
    "num_windows": 7321
  },
  "repetition": {
    "accuracy": 0.9944444444444445,
    "macro_f1": 0.9944401544401543,
    "num_repetitions": 180
  }
}