class_index,gesture_id,support,correct,accuracy
0,1,790,403,0.5101265822784811
1,2,693,331,0.47763347763347763
2,3,766,541,0.706266318537859
3,4,743,329,0.4427994616419919
4,5,735,467,0.6353741496598639
5,6,763,358,0.4692005242463958
6,7,754,609,0.8076923076923077
7,8,707,441,0.6237623762376238
8,9,687,489,0.7117903930131004
9,10,683,469,0.6866764275256223
