{
  "noise_type": "pink",
  "noise_level": -5.0,
  "denoise_method": "notch",
  "window": {
    "loss": 4.5047305185135125,
    "accuracy": 0.1477738322862606,
    "macro_f1": 0.10973309930007388,
    "num_windows": 7322
  },
  "repetition": {
    "accuracy": 0.1111111111111111,
    "macro_f1": 0.03770781666207403,
    "num_repetitions": 180
  }
}