class_index,gesture_id,support,correct,accuracy
0,1,791,45,0.056890012642225034
1,2,692,52,0.07514450867052024
2,3,766,35,0.04569190600522193
3,4,743,73,0.09825033647375504
4,5,735,27,0.036734693877551024
5,6,763,156,0.20445609436435125
6,7,754,2,0.002652519893899204
7,8,707,0,0.0
8,9,688,138,0.2005813953488372
9,10,683,554,0.8111273792093704
