{
  "noise_type": "wgn",
  "noise_level": 0.0,
  "denoise_method": "pca",
  "window": {
    "loss": 2.3530552720880267,
    "accuracy": 0.23111596776396667,
    "macro_f1": 0.21120341817670657,
    "num_windows": 7321
  },
  "repetition": {
    "accuracy": 0.32222222222222224,
    "macro_f1": 0.2792718275008837,
    "num_repetitions": 180
  }
}