class_index,gesture_id,support,correct,accuracy
0,1,790,184,0.23291139240506328
1,2,692,56,0.08092485549132948
2,3,766,163,0.21279373368146215
3,4,743,174,0.23418573351278602
4,5,735,16,0.021768707482993196
5,6,763,159,0.20838794233289645
6,7,755,42,0.05562913907284768
7,8,707,218,0.30834512022630833
8,9,687,267,0.388646288209607
9,10,683,413,0.6046852122986823
