{
  "noise_type": "clean",
  "noise_level": 0.0,
  "denoise_method": "none",
  "window": {
    "loss": 1.2444689104488973,
    "accuracy": 0.6083868323999454,
    "macro_f1": 0.6054390236821369,
    "num_windows": 7321
  },
  "repetition": {
    "accuracy": 0.9944444444444445,
    "macro_f1": 0.9944401544401543,
    "num_repetitions": 180
  }
}