class_index,gesture_id,support,correct,accuracy
0,1,18,4,0.2222222222222222
1,2,18,1,0.05555555555555555
2,3,18,0,0.0
3,4,18,3,0.16666666666666666
4,5,18,0,0.0
5,6,18,2,0.1111111111111111
6,7,18,0,0.0
7,8,18,0,0.0
8,9,18,7,0.3888888888888889
9,10,18,18,1.0
