class_index,gesture_id,support,correct,accuracy
0,1,791,142,0.179519595448799
1,2,692,93,0.13439306358381503
2,3,766,122,0.15926892950391644
3,4,743,167,0.22476446837146702
4,5,735,82,0.11156462585034013
5,6,763,201,0.2634338138925295
6,7,754,28,0.03713527851458886
7,8,707,42,0.0594059405940594
8,9,688,281,0.40843023255813954
9,10,683,548,0.8023426061493412
