class_index,gesture_id,support,correct,accuracy
0,1,790,243,0.30759493670886073
1,2,693,181,0.2611832611832612
2,3,766,458,0.597911227154047
3,4,743,203,0.2732166890982503
4,5,734,248,0.33787465940054495
5,6,763,361,0.47313237221494103
6,7,755,311,0.4119205298013245
7,8,707,215,0.3041018387553041
8,9,687,409,0.5953420669577875
9,10,683,347,0.5080527086383602
