{
  "best_epoch": 56,
  "best_val_macro_f1": 0.7636575928284379,
  "val": {
    "loss": 1.003771946456406,
    "accuracy": 0.7681318681318682,
    "macro_f1": 0.7636575928284379
  },
  "test": {
    "loss": 1.0412693225546341,
    "accuracy": 0.7225400457665904,
    "macro_f1": 0.7228874451929374
  }
}