{
  "best_epoch": 51,
  "best_val_macro_f1": 0.698777875360509,
  "val": {
    "loss": 1.2566827723744283,
    "accuracy": 0.6964375313597592,
    "macro_f1": 0.698777875360509
  },
  "test": {
    "loss": 0.9267940264203888,
    "accuracy": 0.7680652680652681,
    "macro_f1": 0.7683753558284667
  }
}