class_index,gesture_id,support,correct,accuracy
0,1,790,241,0.3050632911392405
1,2,692,80,0.11560693641618497
2,3,766,252,0.3289817232375979
3,4,743,190,0.2557200538358008
4,5,735,39,0.053061224489795916
5,6,763,238,0.3119266055045872
6,7,755,86,0.11390728476821192
7,8,707,259,0.36633663366336633
8,9,687,317,0.46142649199417757
9,10,683,432,0.6325036603221084
