{
  "noise_type": "spikes",
  "noise_level": 0.6,
  "denoise_method": "notch",
  "window": {
    "loss": 1.2924041788429206,
    "accuracy": 0.5850293675727359,
    "macro_f1": 0.5798175929099055,
    "num_windows": 7321
  },
  "repetition": {
    "accuracy": 0.9888888888888889,
    "macro_f1": 0.9887122416534181,
    "num_repetitions": 180
  }
}