class_index,gesture_id,support,correct,accuracy
0,1,790,299,0.37848101265822787
1,2,693,258,0.3722943722943723
2,3,766,513,0.6697127937336814
3,4,743,419,0.5639300134589502
4,5,734,508,0.6920980926430518
5,6,763,463,0.6068152031454783
6,7,755,527,0.6980132450331126
7,8,707,445,0.6294200848656294
8,9,687,439,0.6390101892285298
9,10,683,412,0.6032210834553441
