{
  "noise_type": "spikes",
  "noise_level": 0.6,
  "denoise_method": "none",
  "window": {
    "loss": 1.3584610139260347,
    "accuracy": 0.5484223466739516,
    "macro_f1": 0.5462892536156196,
    "num_windows": 7321
  },
  "repetition": {
    "accuracy": 0.9722222222222222,
    "macro_f1": 0.9725907529003504,
    "num_repetitions": 180
  }
}