class_index,gesture_id,support,correct,accuracy
0,1,790,343,0.4341772151898734
1,2,693,244,0.35209235209235207
2,3,766,519,0.6775456919060052
3,4,743,334,0.44952893674293404
4,5,735,355,0.48299319727891155
5,6,763,343,0.44954128440366975
6,7,754,488,0.6472148541114059
7,8,707,443,0.6265912305516266
8,9,687,458,0.6666666666666666
9,10,683,488,0.7144948755490483
