{
  "noise_type": "wgn",
  "noise_level": 0.0,
  "denoise_method": "wavelet",
  "window": {
    "loss": 2.2448057496568867,
    "accuracy": 0.26649364840868733,
    "macro_f1": 0.2551754937796209,
    "num_windows": 7321
  },
  "repetition": {
    "accuracy": 0.36666666666666664,
    "macro_f1": 0.3216574900866626,
    "num_repetitions": 180
  }
}