class_index,gesture_id,support,correct,accuracy
0,1,790,141,0.17848101265822786
1,2,693,45,0.06493506493506493
2,3,766,150,0.195822454308094
3,4,743,104,0.13997308209959622
4,5,735,154,0.20952380952380953
5,6,763,219,0.2870249017038008
6,7,754,165,0.21883289124668434
7,8,707,272,0.38472418670438474
8,9,687,293,0.4264919941775837
9,10,683,408,0.5973645680819912
