class_index,gesture_id,support,correct,accuracy
0,1,791,347,0.438685208596713
1,2,692,192,0.2774566473988439
2,3,766,259,0.3381201044386423
3,4,743,308,0.414535666218035
4,5,735,182,0.24761904761904763
5,6,763,256,0.33551769331585846
6,7,754,192,0.2546419098143236
7,8,707,191,0.27015558698727016
8,9,688,438,0.6366279069767442
9,10,683,489,0.7159590043923866
