{
  "noise_type": "motion",
  "noise_level": 0.1,
  "denoise_method": "notch",
  "window": {
    "loss": 1.2162616621713596,
    "accuracy": 0.6152165004780767,
    "macro_f1": 0.6119568152828141,
    "num_windows": 7321
  },
  "repetition": {
    "accuracy": 0.9944444444444445,
    "macro_f1": 0.9944401544401543,
    "num_repetitions": 180
  }
}