class_index,gesture_id,support,correct,accuracy
0,1,790,353,0.4468354430379747
1,2,693,322,0.46464646464646464
2,3,766,531,0.6932114882506527
3,4,743,406,0.5464333781965006
4,5,734,559,0.7615803814713896
5,6,763,448,0.5871559633027523
6,7,755,616,0.8158940397350993
7,8,707,439,0.620933521923621
8,9,687,431,0.6273653566229985
9,10,683,399,0.5841874084919473
