class_index,gesture_id,support,correct,accuracy
0,1,18,9,0.5
1,2,18,6,0.3333333333333333
2,3,18,12,0.6666666666666666
3,4,18,13,0.7222222222222222
4,5,18,6,0.3333333333333333
5,6,18,11,0.6111111111111112
6,7,18,0,0.0
7,8,18,5,0.2777777777777778
8,9,18,12,0.6666666666666666
9,10,18,18,1.0
