class_index,gesture_id,support,correct,accuracy
0,1,791,194,0.24525916561314792
1,2,692,144,0.20809248554913296
2,3,766,255,0.3328981723237598
3,4,743,225,0.3028263795423957
4,5,735,137,0.18639455782312925
5,6,763,253,0.3315858453473132
6,7,755,73,0.09668874172185431
7,8,706,121,0.17138810198300283
8,9,688,328,0.47674418604651164
9,10,683,434,0.6354319180087847
