class_index,gesture_id,support,correct,accuracy
0,1,790,406,0.5139240506329114
1,2,693,332,0.4790764790764791
2,3,766,540,0.7049608355091384
3,4,743,322,0.43337819650067294
4,5,735,480,0.6530612244897959
5,6,763,361,0.47313237221494103
6,7,754,618,0.8196286472148541
7,8,707,426,0.6025459688826026
8,9,687,486,0.7074235807860262
9,10,683,462,0.6764275256222547
