{
  "noise_type": "hum",
  "noise_level": 0.1,
  "denoise_method": "none",
  "window": {
    "loss": 1.211673768645784,
    "accuracy": 0.6208686151324775,
    "macro_f1": 0.6207783726343259,
    "num_windows": 7322
  },
  "repetition": {
    "accuracy": 1.0,
    "macro_f1": 1.0,
    "num_repetitions": 180
  }
}