class_index,gesture_id,support,correct,accuracy
0,1,791,417,0.527180783817952
1,2,692,407,0.588150289017341
2,3,766,526,0.6866840731070496
3,4,743,426,0.5733512786002691
4,5,735,405,0.5510204081632653
5,6,763,438,0.5740498034076016
6,7,755,529,0.7006622516556291
7,8,706,474,0.6713881019830028
8,9,688,513,0.7456395348837209
9,10,683,411,0.6017569546120058
