{
  "noise_type": "wgn",
  "noise_level": -5.0,
  "denoise_method": "pca",
  "window": {
    "loss": 3.1880264175408786,
    "accuracy": 0.15216500478076767,
    "macro_f1": 0.12942036619042335,
    "num_windows": 7321
  },
  "repetition": {
    "accuracy": 0.17777777777777778,
    "macro_f1": 0.0970826867053282,
    "num_repetitions": 180
  }
}