class_index,gesture_id,support,correct,accuracy
0,1,790,201,0.25443037974683547
1,2,692,27,0.03901734104046243
2,3,766,64,0.0835509138381201
3,4,743,93,0.12516823687752354
4,5,735,9,0.012244897959183673
5,6,763,140,0.1834862385321101
6,7,755,5,0.006622516556291391
7,8,707,97,0.1371994342291372
8,9,687,190,0.2765647743813683
9,10,683,288,0.4216691068814056
