class_index,gesture_id,support,correct,accuracy
0,1,790,147,0.1860759493670886
1,2,692,55,0.07947976878612717
2,3,766,83,0.10835509138381201
3,4,743,76,0.10228802153432032
4,5,735,16,0.021768707482993196
5,6,763,285,0.3735255570117955
6,7,755,94,0.12450331125827814
7,8,707,152,0.214992927864215
8,9,687,326,0.4745269286754003
9,10,683,496,0.726207906295754
