{
  "noise_type": "motion",
  "noise_level": 0.6,
  "denoise_method": "notch",
  "window": {
    "loss": 1.5150235800644754,
    "accuracy": 0.4861357738013933,
    "macro_f1": 0.4807280922890169,
    "num_windows": 7321
  },
  "repetition": {
    "accuracy": 0.9333333333333333,
    "macro_f1": 0.9320138083847762,
    "num_repetitions": 180
  }
}