class_index,gesture_id,support,correct,accuracy
0,1,790,240,0.3037974683544304
1,2,693,189,0.2727272727272727
2,3,766,443,0.5783289817232375
3,4,743,412,0.5545087483176312
4,5,734,399,0.5435967302452316
5,6,763,441,0.5779816513761468
6,7,755,339,0.44900662251655626
7,8,707,358,0.5063649222065064
8,9,687,347,0.50509461426492
9,10,683,391,0.5724743777452416
