class_index,gesture_id,support,correct,accuracy
0,1,791,82,0.10366624525916561
1,2,692,54,0.07803468208092486
2,3,766,88,0.11488250652741515
3,4,743,101,0.13593539703903096
4,5,735,80,0.10884353741496598
5,6,763,297,0.3892529488859764
6,7,755,19,0.025165562913907286
7,8,706,49,0.06940509915014165
8,9,688,306,0.44476744186046513
9,10,683,432,0.6325036603221084
