class_index,gesture_id,support,correct,accuracy
0,1,18,1,0.05555555555555555
1,2,18,0,0.0
2,3,18,0,0.0
3,4,18,1,0.05555555555555555
4,5,18,2,0.1111111111111111
5,6,18,18,1.0
6,7,18,2,0.1111111111111111
7,8,18,15,0.8333333333333334
8,9,18,18,1.0
9,10,18,14,0.7777777777777778
