class_index,gesture_id,support,correct,accuracy
0,1,790,120,0.1518987341772152
1,2,693,71,0.10245310245310245
2,3,766,78,0.10182767624020887
3,4,743,158,0.2126514131897712
4,5,734,179,0.2438692098092643
5,6,763,484,0.6343381389252949
6,7,755,122,0.16158940397350993
7,8,707,309,0.43705799151343705
8,9,687,351,0.5109170305676856
9,10,683,223,0.32650073206442165
