{
  "noise_type": "wgn",
  "noise_level": 10.0,
  "denoise_method": "none",
  "window": {
    "loss": 1.2852990718462272,
    "accuracy": 0.5841300191204589,
    "macro_f1": 0.584865522180455,
    "num_windows": 7322
  },
  "repetition": {
    "accuracy": 1.0,
    "macro_f1": 1.0,
    "num_repetitions": 180
  }
}