class_index,gesture_id,support,correct,accuracy
0,1,791,415,0.5246523388116309
1,2,692,355,0.5130057803468208
2,3,766,501,0.6540469973890339
3,4,743,423,0.5693135935397039
4,5,735,343,0.4666666666666667
5,6,763,418,0.5478374836173001
6,7,755,440,0.5827814569536424
7,8,706,444,0.6288951841359773
8,9,688,513,0.7456395348837209
9,10,683,425,0.6222547584187409
