{
  "noise_type": "hum",
  "noise_level": 0.3,
  "denoise_method": "wavelet",
  "window": {
    "loss": 2.1266392214411254,
    "accuracy": 0.24600464417429313,
    "macro_f1": 0.22415473652519552,
    "num_windows": 7321
  },
  "repetition": {
    "accuracy": 0.4777777777777778,
    "macro_f1": 0.44665236724060253,
    "num_repetitions": 180
  }
}