class_index,gesture_id,support,correct,accuracy
0,1,790,395,0.5
1,2,693,48,0.06926406926406926
2,3,766,115,0.15013054830287206
3,4,743,95,0.1278600269179004
4,5,735,266,0.3619047619047619
5,6,763,116,0.15203145478374835
6,7,754,388,0.5145888594164456
7,8,707,92,0.13012729844413012
8,9,687,162,0.23580786026200873
9,10,683,124,0.1815519765739385
