{
  "noise_type": "motion",
  "noise_level": 0.1,
  "denoise_method": "none",
  "window": {
    "loss": 1.2738261409093694,
    "accuracy": 0.5846763179459165,
    "macro_f1": 0.5852462783636342,
    "num_windows": 7322
  },
  "repetition": {
    "accuracy": 1.0,
    "macro_f1": 1.0,
    "num_repetitions": 180
  }
}