class_index,gesture_id,support,correct,accuracy
0,1,791,505,0.638432364096081
1,2,692,321,0.4638728323699422
2,3,766,418,0.5456919060052219
3,4,743,360,0.4845222072678331
4,5,735,455,0.6190476190476191
5,6,763,351,0.4600262123197903
6,7,754,557,0.7387267904509284
7,8,707,339,0.4794908062234795
8,9,688,492,0.7151162790697675
9,10,683,483,0.7071742313323572
