{
  "noise_type": "spikes",
  "noise_level": 0.1,
  "denoise_method": "none",
  "window": {
    "loss": 1.2170101670546793,
    "accuracy": 0.616771373941546,
    "macro_f1": 0.6168496758059786,
    "num_windows": 7322
  },
  "repetition": {
    "accuracy": 1.0,
    "macro_f1": 1.0,
    "num_repetitions": 180
  }
}