class_index,gesture_id,support,correct,accuracy
0,1,791,427,0.5398230088495575
1,2,692,393,0.5679190751445087
2,3,766,521,0.6801566579634465
3,4,743,423,0.5693135935397039
4,5,735,403,0.5482993197278911
5,6,763,434,0.5688073394495413
6,7,755,523,0.6927152317880795
7,8,706,462,0.6543909348441926
8,9,688,513,0.7456395348837209
9,10,683,417,0.6105417276720352
