class_index,gesture_id,support,correct,accuracy
0,1,18,2,0.1111111111111111
1,2,18,1,0.05555555555555555
2,3,18,10,0.5555555555555556
3,4,18,5,0.2777777777777778
4,5,18,0,0.0
5,6,18,2,0.1111111111111111
6,7,18,0,0.0
7,8,18,2,0.1111111111111111
8,9,18,11,0.6111111111111112
9,10,18,17,0.9444444444444444
