class_index,gesture_id,support,correct,accuracy
0,1,790,130,0.16455696202531644
1,2,693,84,0.12121212121212122
2,3,766,228,0.29765013054830286
3,4,743,109,0.14670255720053835
4,5,735,42,0.05714285714285714
5,6,763,168,0.22018348623853212
6,7,754,88,0.11671087533156499
7,8,707,101,0.14285714285714285
8,9,687,241,0.3508005822416303
9,10,683,399,0.5841874084919473
