class_index,gesture_id,support,correct,accuracy
0,1,790,102,0.1291139240506329
1,2,692,11,0.015895953757225433
2,3,766,23,0.030026109660574413
3,4,743,48,0.06460296096904442
4,5,735,1,0.0013605442176870747
5,6,763,293,0.3840104849279161
6,7,755,15,0.019867549668874173
7,8,707,113,0.15983026874115983
8,9,687,222,0.3231441048034934
9,10,683,400,0.5856515373352855
