class_index,gesture_id,support,correct,accuracy
0,1,790,445,0.5632911392405063
1,2,693,56,0.08080808080808081
2,3,766,139,0.1814621409921671
3,4,743,82,0.11036339165545088
4,5,735,180,0.24489795918367346
5,6,763,68,0.0891218872870249
6,7,754,483,0.6405835543766578
7,8,707,79,0.11173974540311174
8,9,687,156,0.22707423580786026
9,10,683,94,0.1376281112737921
