class_index,gesture_id,support,correct,accuracy
0,1,18,9,0.5
1,2,18,0,0.0
2,3,18,1,0.05555555555555555
3,4,18,0,0.0
4,5,18,0,0.0
5,6,18,0,0.0
6,7,18,12,0.6666666666666666
7,8,18,0,0.0
8,9,18,0,0.0
9,10,18,0,0.0
