class_index,gesture_id,support,correct,accuracy
0,1,791,72,0.09102402022756005
1,2,692,0,0.0
2,3,766,68,0.08877284595300261
3,4,743,79,0.1063257065948856
4,5,735,38,0.05170068027210884
5,6,763,75,0.0982961992136304
6,7,755,573,0.7589403973509934
7,8,706,58,0.0821529745042493
8,9,688,0,0.0
9,10,683,102,0.1493411420204978
