{
  "noise_type": "drift",
  "noise_level": 0.1,
  "denoise_method": "wavelet",
  "window": {
    "loss": 2.1331362463447374,
    "accuracy": 0.2510585985521104,
    "macro_f1": 0.2304573328191358,
    "num_windows": 7321
  },
  "repetition": {
    "accuracy": 0.5111111111111111,
    "macro_f1": 0.45355142775933877,
    "num_repetitions": 180
  }
}