class_index,gesture_id,support,correct,accuracy
0,1,790,201,0.25443037974683547
1,2,693,191,0.2756132756132756
2,3,766,33,0.04308093994778068
3,4,743,89,0.11978465679676985
4,5,734,201,0.273841961852861
5,6,763,201,0.2634338138925295
6,7,755,442,0.5854304635761589
7,8,707,138,0.19519094766619519
8,9,687,289,0.42066957787481807
9,10,683,53,0.07759882869692533
