class_index,gesture_id,support,correct,accuracy
0,1,791,309,0.3906447534766119
1,2,692,246,0.3554913294797688
2,3,766,401,0.5234986945169713
3,4,743,360,0.4845222072678331
4,5,735,222,0.3020408163265306
5,6,763,340,0.4456094364351245
6,7,755,233,0.3086092715231788
7,8,706,341,0.4830028328611898
8,9,688,452,0.6569767441860465
9,10,683,422,0.6178623718887262
