{
  "noise_type": "wgn",
  "noise_level": 10.0,
  "denoise_method": "none",
  "window": {
    "loss": 1.3428252321454026,
    "accuracy": 0.5462988254575253,
    "macro_f1": 0.5480684400784778,
    "num_windows": 7322
  },
  "repetition": {
    "accuracy": 0.9777777777777777,
    "macro_f1": 0.9776569376569377,
    "num_repetitions": 180
  }
}