class_index,gesture_id,support,correct,accuracy
0,1,791,456,0.5764854614412137
1,2,692,276,0.3988439306358382
2,3,766,413,0.5391644908616188
3,4,743,357,0.48048452220726784
4,5,735,394,0.5360544217687074
5,6,763,336,0.44036697247706424
6,7,754,462,0.6127320954907162
7,8,707,327,0.4625176803394625
8,9,688,492,0.7151162790697675
9,10,683,487,0.7130307467057101
