class_index,gesture_id,support,correct,accuracy
0,1,18,9,0.5
1,2,18,16,0.8888888888888888
2,3,18,4,0.2222222222222222
3,4,18,4,0.2222222222222222
4,5,18,1,0.05555555555555555
5,6,18,8,0.4444444444444444
6,7,18,15,0.8333333333333334
7,8,18,1,0.05555555555555555
8,9,18,11,0.6111111111111112
9,10,18,0,0.0
