class_index,gesture_id,support,correct,accuracy
0,1,791,160,0.202275600505689
1,2,692,328,0.47398843930635837
2,3,766,139,0.1814621409921671
3,4,743,80,0.10767160161507403
4,5,735,67,0.09115646258503401
5,6,763,139,0.182175622542595
6,7,755,394,0.5218543046357615
7,8,706,69,0.09773371104815864
8,9,688,238,0.34593023255813954
9,10,683,42,0.06149341142020498
