{
  "best_epoch": 40,
  "best_val_macro_f1": 0.6133568643232377,
  "val": {
    "loss": 1.3759750675752507,
    "accuracy": 0.6125703564727955,
    "macro_f1": 0.6133568643232377
  },
  "test": {
    "loss": 1.0161182399413797,
    "accuracy": 0.7163338453661034,
    "macro_f1": 0.7156874348865635
  }
}