class_index,gesture_id,support,correct,accuracy
0,1,791,169,0.213653603034134
1,2,692,159,0.22976878612716764
2,3,766,90,0.1174934725848564
3,4,743,115,0.15477792732166892
4,5,735,87,0.11836734693877551
5,6,763,283,0.3709043250327654
6,7,755,152,0.20132450331125828
7,8,706,18,0.025495750708215296
8,9,688,388,0.563953488372093
9,10,683,226,0.3308931185944363
