{
  "best_epoch": 59,
  "best_val_macro_f1": 0.6209474406499211,
  "val": {
    "loss": 1.3437744912142222,
    "accuracy": 0.6346639717028802,
    "macro_f1": 0.6209474406499211
  },
  "test": {
    "loss": 0.8644432632353128,
    "accuracy": 0.7794344473007712,
    "macro_f1": 0.7787553366887868
  }
}