class_index,gesture_id,support,correct,accuracy
0,1,790,161,0.20379746835443038
1,2,692,57,0.08236994219653179
2,3,766,54,0.07049608355091384
3,4,743,61,0.08209959623149395
4,5,735,22,0.029931972789115645
5,6,763,306,0.40104849279161203
6,7,755,82,0.10860927152317881
7,8,707,124,0.1753889674681754
8,9,687,285,0.4148471615720524
9,10,683,419,0.6134699853587116
