class_index,gesture_id,support,correct,accuracy
0,1,791,204,0.2579013906447535
1,2,692,112,0.16184971098265896
2,3,766,220,0.28720626631853785
3,4,743,149,0.20053835800807537
4,5,735,44,0.05986394557823129
5,6,763,184,0.24115334207077327
6,7,754,116,0.15384615384615385
7,8,707,95,0.13437057991513437
8,9,688,435,0.6322674418604651
9,10,683,446,0.6530014641288433
