class_index,gesture_id,support,correct,accuracy
0,1,790,193,0.24430379746835443
1,2,692,258,0.37283236994219654
2,3,766,54,0.07049608355091384
3,4,743,57,0.07671601615074024
4,5,735,119,0.1619047619047619
5,6,763,189,0.24770642201834864
6,7,755,417,0.552317880794702
7,8,707,58,0.08203677510608204
8,9,687,130,0.18922852983988356
9,10,683,144,0.2108345534407028
