class_index,gesture_id,support,correct,accuracy
0,1,790,231,0.29240506329113924
1,2,693,184,0.26551226551226553
2,3,766,450,0.587467362924282
3,4,743,202,0.2718707940780619
4,5,734,247,0.33651226158038144
5,6,763,354,0.4639580602883355
6,7,755,302,0.4
7,8,707,217,0.3069306930693069
8,9,687,409,0.5953420669577875
9,10,683,340,0.4978038067349927
