class_index,gesture_id,support,correct,accuracy
0,1,253,48,0.18972332015810275
1,2,179,112,0.6256983240223464
2,3,220,155,0.7045454545454546
3,4,200,114,0.57
4,5,194,123,0.634020618556701
5,6,188,146,0.776595744680851
6,7,204,174,0.8529411764705882
7,8,179,135,0.7541899441340782
8,9,194,131,0.6752577319587629
9,10,182,95,0.521978021978022
