class_index,gesture_id,support,correct,accuracy
0,1,791,2,0.0025284450063211127
1,2,692,10,0.014450867052023121
2,3,766,0,0.0
3,4,743,14,0.018842530282637954
4,5,735,1,0.0013605442176870747
5,6,763,227,0.29750982961992134
6,7,754,0,0.0
7,8,707,1,0.0014144271570014145
8,9,688,42,0.061046511627906974
9,10,683,612,0.8960468521229868
