class_index,gesture_id,support,correct,accuracy
0,1,790,239,0.30253164556962026
1,2,692,271,0.3916184971098266
2,3,766,104,0.13577023498694518
3,4,743,42,0.05652759084791386
4,5,735,108,0.1469387755102041
5,6,763,110,0.14416775884665792
6,7,755,482,0.6384105960264901
7,8,707,51,0.07213578500707214
8,9,687,125,0.1819505094614265
9,10,683,79,0.11566617862371889
