class_index,gesture_id,support,correct,accuracy
0,1,791,55,0.0695322376738306
1,2,692,53,0.07658959537572255
2,3,766,19,0.024804177545691905
3,4,743,72,0.09690444145356662
4,5,735,35,0.047619047619047616
5,6,763,351,0.4600262123197903
6,7,755,23,0.030463576158940398
7,8,706,8,0.0113314447592068
8,9,688,341,0.4956395348837209
9,10,683,420,0.6149341142020498
