class_index,gesture_id,support,correct,accuracy
0,1,18,11,0.6111111111111112
1,2,18,10,0.5555555555555556
2,3,18,0,0.0
3,4,18,0,0.0
4,5,18,1,0.05555555555555555
5,6,18,3,0.16666666666666666
6,7,18,18,1.0
7,8,18,1,0.05555555555555555
8,9,18,6,0.3333333333333333
9,10,18,0,0.0
