class_index,gesture_id,support,correct,accuracy
0,1,790,228,0.28860759493670884
1,2,692,269,0.38872832369942195
2,3,766,108,0.1409921671018277
3,4,743,42,0.05652759084791386
4,5,735,106,0.14421768707482993
5,6,763,117,0.15334207077326342
6,7,755,488,0.6463576158940397
7,8,707,51,0.07213578500707214
8,9,687,125,0.1819505094614265
9,10,683,82,0.12005856515373353
