class_index,gesture_id,support,correct,accuracy
0,1,18,9,0.5
1,2,18,0,0.0
2,3,18,6,0.3333333333333333
3,4,18,1,0.05555555555555555
4,5,18,2,0.1111111111111111
5,6,18,2,0.1111111111111111
6,7,18,9,0.5
7,8,18,14,0.7777777777777778
8,9,18,14,0.7777777777777778
9,10,18,16,0.8888888888888888
