class_index,gesture_id,support,correct,accuracy
0,1,790,222,0.2810126582278481
1,2,693,48,0.06926406926406926
2,3,766,221,0.2885117493472585
3,4,743,98,0.13189771197846567
4,5,735,144,0.19591836734693877
5,6,763,133,0.1743119266055046
6,7,754,268,0.35543766578249336
7,8,707,248,0.3507779349363508
8,9,687,335,0.487627365356623
9,10,683,386,0.5651537335285505
