class_index,gesture_id,support,correct,accuracy
0,1,790,186,0.23544303797468355
1,2,692,30,0.04335260115606936
2,3,766,20,0.02610966057441253
3,4,743,76,0.10228802153432032
4,5,735,11,0.014965986394557823
5,6,763,257,0.33682830930537355
6,7,755,5,0.006622516556291391
7,8,707,34,0.04809052333804809
8,9,687,176,0.2561863173216885
9,10,683,402,0.5885797950219619
