class_index,gesture_id,support,correct,accuracy
0,1,791,65,0.08217446270543616
1,2,692,45,0.06502890173410404
2,3,766,29,0.037859007832898174
3,4,743,54,0.07267833109017496
4,5,735,38,0.05170068027210884
5,6,763,180,0.23591087811271297
6,7,754,48,0.0636604774535809
7,8,707,20,0.028288543140028287
8,9,688,280,0.4069767441860465
9,10,683,549,0.8038067349926794
