{
  "noise_type": "spikes",
  "noise_level": 0.6,
  "denoise_method": "notch",
  "window": {
    "loss": 1.408295663791548,
    "accuracy": 0.5173449877082764,
    "macro_f1": 0.5197029843406471,
    "num_windows": 7322
  },
  "repetition": {
    "accuracy": 0.9333333333333333,
    "macro_f1": 0.9325907529003505,
    "num_repetitions": 180
  }
}