class_index,gesture_id,support,correct,accuracy
0,1,791,434,0.5486725663716814
1,2,692,253,0.36560693641618497
2,3,766,388,0.5065274151436031
3,4,743,347,0.4670255720053836
4,5,735,329,0.44761904761904764
5,6,763,327,0.42857142857142855
6,7,754,403,0.5344827586206896
7,8,707,320,0.4526166902404526
8,9,688,488,0.7093023255813954
9,10,683,499,0.7306002928257687
