{
  "noise_type": "pink",
  "noise_level": 0.0,
  "denoise_method": "pca",
  "window": {
    "loss": 2.802176808470815,
    "accuracy": 0.19079486479104069,
    "macro_f1": 0.15730776565460872,
    "num_windows": 7322
  },
  "repetition": {
    "accuracy": 0.22777777777777777,
    "macro_f1": 0.16433301583296245,
    "num_repetitions": 180
  }
}