class_index,gesture_id,support,correct,accuracy
0,1,18,1,0.05555555555555555
1,2,18,0,0.0
2,3,18,3,0.16666666666666666
3,4,18,1,0.05555555555555555
4,5,18,0,0.0
5,6,18,8,0.4444444444444444
6,7,18,0,0.0
7,8,18,0,0.0
8,9,18,12,0.6666666666666666
9,10,18,16,0.8888888888888888
