class_index,gesture_id,support,correct,accuracy
0,1,791,81,0.10240202275600506
1,2,692,57,0.08236994219653179
2,3,766,123,0.16057441253263707
3,4,743,80,0.10767160161507403
4,5,735,17,0.02312925170068027
5,6,763,241,0.31585845347313235
6,7,755,33,0.04370860927152318
7,8,706,13,0.018413597733711047
8,9,688,363,0.5276162790697675
9,10,683,389,0.5695461200585652
