class_index,gesture_id,support,correct,accuracy
0,1,18,10,0.5555555555555556
1,2,18,16,0.8888888888888888
2,3,18,4,0.2222222222222222
3,4,18,5,0.2777777777777778
4,5,18,1,0.05555555555555555
5,6,18,8,0.4444444444444444
6,7,18,16,0.8888888888888888
7,8,18,3,0.16666666666666666
8,9,18,12,0.6666666666666666
9,10,18,0,0.0
