class_index,gesture_id,support,correct,accuracy
0,1,791,159,0.20101137800252844
1,2,692,325,0.46965317919075145
2,3,766,146,0.1906005221932115
3,4,743,89,0.11978465679676985
4,5,735,66,0.08979591836734693
5,6,763,128,0.16775884665792923
6,7,755,395,0.5231788079470199
7,8,706,67,0.09490084985835694
8,9,688,248,0.36046511627906974
9,10,683,48,0.07027818448023426
