{
  "noise_type": "pink",
  "noise_level": -5.0,
  "denoise_method": "none",
  "window": {
    "loss": 3.4955664708825704,
    "accuracy": 0.17470290943860128,
    "macro_f1": 0.1538641613471078,
    "num_windows": 7321
  },
  "repetition": {
    "accuracy": 0.2,
    "macro_f1": 0.16613350861817117,
    "num_repetitions": 180
  }
}