class_index,gesture_id,support,correct,accuracy
0,1,790,30,0.0379746835443038
1,2,693,94,0.13564213564213565
2,3,766,137,0.17885117493472585
3,4,743,131,0.17631224764468373
4,5,734,67,0.09128065395095368
5,6,763,448,0.5871559633027523
6,7,755,10,0.013245033112582781
7,8,707,76,0.1074964639321075
8,9,687,96,0.13973799126637554
9,10,683,190,0.2781844802342606
