class_index,gesture_id,support,correct,accuracy
0,1,791,17,0.021491782553729456
1,2,692,33,0.0476878612716763
2,3,766,11,0.014360313315926894
3,4,743,40,0.05383580080753701
4,5,735,21,0.02857142857142857
5,6,763,340,0.4456094364351245
6,7,755,2,0.0026490066225165563
7,8,706,0,0.0
8,9,688,268,0.38953488372093026
9,10,683,450,0.6588579795021962
