class_index,gesture_id,support,correct,accuracy
0,1,18,12,0.6666666666666666
1,2,18,0,0.0
2,3,18,7,0.3888888888888889
3,4,18,7,0.3888888888888889
4,5,18,16,0.8888888888888888
5,6,18,10,0.5555555555555556
6,7,18,15,0.8333333333333334
7,8,18,14,0.7777777777777778
8,9,18,9,0.5
9,10,18,14,0.7777777777777778
