class_index,gesture_id,support,correct,accuracy
0,1,790,299,0.37848101265822787
1,2,693,50,0.07215007215007214
2,3,766,151,0.19712793733681463
3,4,743,116,0.15612382234185734
4,5,735,260,0.35374149659863946
5,6,763,142,0.18610747051114024
6,7,754,338,0.4482758620689655
7,8,707,183,0.25884016973125884
8,9,687,205,0.29839883551673946
9,10,683,226,0.3308931185944363
