class_index,gesture_id,support,correct,accuracy
0,1,790,307,0.3886075949367089
1,2,693,215,0.31024531024531027
2,3,766,516,0.6736292428198434
3,4,743,107,0.1440107671601615
4,5,735,235,0.3197278911564626
5,6,763,229,0.30013106159895153
6,7,754,449,0.5954907161803713
7,8,707,256,0.3620933521923621
8,9,687,427,0.6215429403202329
9,10,683,456,0.6676427525622255
