class_index,gesture_id,support,correct,accuracy
0,1,790,332,0.42025316455696204
1,2,693,233,0.3362193362193362
2,3,766,497,0.6488250652741514
3,4,743,311,0.4185733512786003
4,5,735,362,0.4925170068027211
5,6,763,377,0.4941022280471822
6,7,754,454,0.6021220159151194
7,8,707,450,0.6364922206506365
8,9,687,453,0.6593886462882096
9,10,683,497,0.7276720351390923
