{
  "noise_type": "drift",
  "noise_level": 0.1,
  "denoise_method": "none",
  "window": {
    "loss": 1.2587532391233565,
    "accuracy": 0.6034694713836908,
    "macro_f1": 0.604033674654804,
    "num_windows": 7321
  },
  "repetition": {
    "accuracy": 0.9888888888888889,
    "macro_f1": 0.9888803088803089,
    "num_repetitions": 180
  }
}