class_index,gesture_id,support,correct,accuracy
0,1,790,451,0.5708860759493671
1,2,692,310,0.4479768786127168
2,3,766,477,0.6227154046997389
3,4,743,408,0.5491251682368775
4,5,735,422,0.5741496598639456
5,6,763,429,0.562254259501966
6,7,755,529,0.7006622516556291
7,8,707,457,0.6463932107496464
8,9,687,452,0.6579330422125182
9,10,683,483,0.7071742313323572
