{
  "noise_type": "wgn",
  "noise_level": 10.0,
  "denoise_method": "pca",
  "window": {
    "loss": 1.7658075380155973,
    "accuracy": 0.3909302007922415,
    "macro_f1": 0.3875358567713077,
    "num_windows": 7321
  },
  "repetition": {
    "accuracy": 0.8055555555555556,
    "macro_f1": 0.8026388888888889,
    "num_repetitions": 180
  }
}