class_index,gesture_id,support,correct,accuracy
0,1,790,204,0.2582278481012658
1,2,693,154,0.2222222222222222
2,3,766,446,0.5822454308093995
3,4,743,233,0.3135935397039031
4,5,734,223,0.30381471389645776
5,6,763,347,0.45478374836173
6,7,755,282,0.37350993377483444
7,8,707,220,0.31117397454031115
8,9,687,406,0.5909752547307132
9,10,683,347,0.5080527086383602
