class_index,gesture_id,support,correct,accuracy
0,1,791,302,0.38179519595448796
1,2,692,235,0.33959537572254334
2,3,766,380,0.4960835509138381
3,4,743,354,0.47644683714670255
4,5,735,230,0.3129251700680272
5,6,763,318,0.4167758846657929
6,7,755,202,0.2675496688741722
7,8,706,297,0.4206798866855524
8,9,688,425,0.6177325581395349
9,10,683,426,0.623718887262079
