class_index,gesture_id,support,correct,accuracy
0,1,791,437,0.5524652338811631
1,2,692,273,0.3945086705202312
2,3,766,397,0.5182767624020888
3,4,743,350,0.47106325706594887
4,5,735,368,0.5006802721088436
5,6,763,330,0.4325032765399738
6,7,754,423,0.5610079575596817
7,8,707,314,0.44413012729844414
8,9,688,498,0.7238372093023255
9,10,683,514,0.7525622254758418
