class_index,gesture_id,support,correct,accuracy
0,1,18,15,0.8333333333333334
1,2,18,10,0.5555555555555556
2,3,18,18,1.0
3,4,18,3,0.16666666666666666
4,5,18,11,0.6111111111111112
5,6,18,6,0.3333333333333333
6,7,18,18,1.0
7,8,18,14,0.7777777777777778
8,9,18,17,0.9444444444444444
9,10,18,18,1.0
