class_index,gesture_id,support,correct,accuracy
0,1,790,279,0.3531645569620253
1,2,693,171,0.24675324675324675
2,3,766,464,0.6057441253263708
3,4,743,95,0.1278600269179004
4,5,735,155,0.2108843537414966
5,6,763,211,0.2765399737876802
6,7,754,379,0.5026525198938993
7,8,707,211,0.2984441301272984
8,9,687,419,0.6098981077147017
9,10,683,414,0.6061493411420205
