{
  "noise_type": "hum",
  "noise_level": 1.0,
  "denoise_method": "notch",
  "window": {
    "loss": 1.2499307664003125,
    "accuracy": 0.5876246414424259,
    "macro_f1": 0.5829972767879708,
    "num_windows": 7321
  },
  "repetition": {
    "accuracy": 0.9944444444444445,
    "macro_f1": 0.9944401544401543,
    "num_repetitions": 180
  }
}