class_index,gesture_id,support,correct,accuracy
0,1,790,339,0.4291139240506329
1,2,693,303,0.43722943722943725
2,3,766,544,0.7101827676240209
3,4,743,388,0.522207267833109
4,5,734,573,0.7806539509536785
5,6,763,447,0.5858453473132372
6,7,755,618,0.8185430463576159
7,8,707,415,0.5869872701555869
8,9,687,366,0.5327510917030568
9,10,683,309,0.45241581259150804
