{
  "best_epoch": 6,
  "best_val_macro_f1": 0.33336770322549175,
  "val": {
    "loss": 1.9597124883335981,
    "accuracy": 0.34320323014804843,
    "macro_f1": 0.33336770322549175
  },
  "test": {
    "loss": 1.9444294554199706,
    "accuracy": 0.3530489836721093,
    "macro_f1": 0.3469288070848324
  }
}