class_index,gesture_id,support,correct,accuracy
0,1,791,214,0.27054361567635904
1,2,692,136,0.19653179190751446
2,3,766,72,0.09399477806788512
3,4,743,38,0.05114401076716016
4,5,735,156,0.21224489795918366
5,6,763,89,0.11664482306684142
6,7,754,407,0.5397877984084881
7,8,707,56,0.07920792079207921
8,9,688,297,0.4316860465116279
9,10,683,204,0.2986822840409956
