class_index,gesture_id,support,correct,accuracy
0,1,790,247,0.31265822784810127
1,2,692,266,0.38439306358381503
2,3,766,105,0.1370757180156658
3,4,743,39,0.052489905787348586
4,5,735,121,0.16462585034013605
5,6,763,115,0.15072083879423329
6,7,755,478,0.633112582781457
7,8,707,54,0.07637906647807638
8,9,687,123,0.17903930131004367
9,10,683,89,0.13030746705710103
