{
  "best_epoch": 41,
  "best_val_macro_f1": 0.6269214173893903,
  "val": {
    "loss": 1.3783639761117787,
    "accuracy": 0.624296435272045,
    "macro_f1": 0.6269214173893903
  },
  "test": {
    "loss": 0.8721654180174546,
    "accuracy": 0.7821576763485477,
    "macro_f1": 0.7830886716583443
  }
}