class_index,gesture_id,support,correct,accuracy
0,1,790,249,0.31518987341772153
1,2,693,185,0.26695526695526695
2,3,766,468,0.6109660574412533
3,4,743,201,0.27052489905787347
4,5,734,251,0.3419618528610354
5,6,763,353,0.46264744429882043
6,7,755,306,0.4052980132450331
7,8,707,220,0.31117397454031115
8,9,687,412,0.5997088791848617
9,10,683,344,0.5036603221083455
