class_index,gesture_id,support,correct,accuracy
0,1,791,426,0.538558786346397
1,2,692,400,0.5780346820809249
2,3,766,523,0.6827676240208878
3,4,743,422,0.5679676985195155
4,5,735,408,0.5551020408163265
5,6,763,436,0.5714285714285714
6,7,755,522,0.6913907284768211
7,8,706,466,0.660056657223796
8,9,688,520,0.7558139534883721
9,10,683,417,0.6105417276720352
