class_index,gesture_id,support,correct,accuracy
0,1,791,410,0.5183312262958281
1,2,692,357,0.5158959537572254
2,3,766,500,0.6527415143603134
3,4,743,421,0.566621803499327
4,5,735,343,0.4666666666666667
5,6,763,412,0.5399737876802096
6,7,755,440,0.5827814569536424
7,8,706,436,0.6175637393767706
8,9,688,514,0.747093023255814
9,10,683,433,0.6339677891654466
