class_index,gesture_id,support,correct,accuracy
0,1,790,393,0.49746835443037973
1,2,692,199,0.2875722543352601
2,3,766,475,0.6201044386422977
3,4,743,256,0.3445491251682369
4,5,735,245,0.3333333333333333
5,6,763,361,0.47313237221494103
6,7,755,295,0.39072847682119205
7,8,707,280,0.39603960396039606
8,9,687,389,0.5662299854439592
9,10,683,478,0.6998535871156661
