class_index,gesture_id,support,correct,accuracy
0,1,790,445,0.5632911392405063
1,2,692,329,0.4754335260115607
2,3,766,479,0.6253263707571801
3,4,743,411,0.5531628532974427
4,5,735,434,0.5904761904761905
5,6,763,426,0.5583224115334207
6,7,755,519,0.6874172185430464
7,8,707,454,0.6421499292786421
8,9,687,443,0.6448326055312955
9,10,683,478,0.6998535871156661
