class_index,gesture_id,support,correct,accuracy
0,1,791,241,0.30467762326169406
1,2,692,179,0.2586705202312139
2,3,766,308,0.402088772845953
3,4,743,290,0.39030955585464333
4,5,735,152,0.20680272108843537
5,6,763,284,0.3722149410222805
6,7,755,128,0.1695364238410596
7,8,706,189,0.26770538243626063
8,9,688,373,0.5421511627906976
9,10,683,412,0.6032210834553441
