class_index,gesture_id,support,correct,accuracy
0,1,790,207,0.2620253164556962
1,2,693,204,0.2943722943722944
2,3,766,28,0.03655352480417755
3,4,743,82,0.11036339165545088
4,5,734,176,0.23978201634877383
5,6,763,189,0.24770642201834864
6,7,755,460,0.609271523178808
7,8,707,116,0.16407355021216408
8,9,687,255,0.37117903930131
9,10,683,48,0.07027818448023426
