class_index,gesture_id,support,correct,accuracy
0,1,791,272,0.3438685208596713
1,2,692,177,0.25578034682080925
2,3,766,349,0.4556135770234987
3,4,743,129,0.17362045760430686
4,5,735,90,0.12244897959183673
5,6,763,229,0.30013106159895153
6,7,754,224,0.29708222811671087
7,8,707,112,0.15841584158415842
8,9,688,477,0.6933139534883721
9,10,683,419,0.6134699853587116
