{
  "noise_type": "motion",
  "noise_level": 0.3,
  "denoise_method": "pca",
  "window": {
    "loss": 1.8639907877133561,
    "accuracy": 0.35937713427127443,
    "macro_f1": 0.34830337104674547,
    "num_windows": 7321
  },
  "repetition": {
    "accuracy": 0.5777777777777777,
    "macro_f1": 0.5289067381716058,
    "num_repetitions": 180
  }
}