class_index,gesture_id,support,correct,accuracy
0,1,790,313,0.3962025316455696
1,2,692,132,0.1907514450867052
2,3,766,383,0.5
3,4,743,188,0.253028263795424
4,5,735,78,0.10612244897959183
5,6,763,303,0.39711664482306686
6,7,755,154,0.20397350993377483
7,8,707,255,0.3606789250353607
8,9,687,376,0.5473071324599709
9,10,683,449,0.657393850658858
