{
  "noise_type": "motion",
  "noise_level": 0.3,
  "denoise_method": "notch",
  "window": {
    "loss": 1.3747330696261733,
    "accuracy": 0.5329145042338159,
    "macro_f1": 0.537441586871266,
    "num_windows": 7322
  },
  "repetition": {
    "accuracy": 0.95,
    "macro_f1": 0.9490089293185269,
    "num_repetitions": 180
  }
}