class_index,gesture_id,support,correct,accuracy
0,1,791,432,0.5461441213653603
1,2,692,293,0.4234104046242775
2,3,766,380,0.4960835509138381
3,4,743,358,0.48183041722745623
4,5,735,367,0.4993197278911565
5,6,763,336,0.44036697247706424
6,7,754,437,0.5795755968169761
7,8,707,318,0.4497878359264498
8,9,688,489,0.7107558139534884
9,10,683,492,0.7203513909224012
